DATAFLOW,LAST UPDATE,freq,indic_em,sex,age,unit,geo,TIME_PERIOD,OBS_VALUE,OBS_FLAG,CONF_STATUS
ESTAT:LFSI_EMP_A(1.0),16/04/26 23:00:00,A,EMP_LFS,F,Y15-64,PC_POP,FR,2003-01-01,59.3,,
ESTAT:LFSI_EMP_A(1.0),16/04/26 23:00:00,A,EMP_LFS,F,Y15-64,PC_POP,FR,2004-01-01,59.3,,
ESTAT:LFSI_EMP_A(1.0),16/04/26 23:00:00,A,EMP_LFS,F,Y15-64,PC_POP,FR,2005-01-01,59.5,,
ESTAT:LFSI_EMP_A(1.0),16/04/26 23:00:00,A,EMP_LFS,F,Y15-64,PC_POP,SE,2005-01-01,69.8,,
ESTAT:LFSI_EMP_A(1.0),16/04/26 23:00:00,A,EMP_LFS,F,Y15-64,PC_POP,FR,2006-01-01,59.7,,
ESTAT:LFSI_EMP_A(1.0),16/04/26 23:00:00,A,EMP_LFS,F,Y15-64,PC_POP,SE,2006-01-01,70.2,,
ESTAT:LFSI_EMP_A(1.0),16/04/26 23:00:00,A,EMP_LFS,F,Y15-64,PC_POP,FR,2007-01-01,60.7,,
ESTAT:LFSI_EMP_A(1.0),16/04/26 23:00:00,A,EMP_LFS,F,Y15-64,PC_POP,SE,2007-01-01,71.3,,
ESTAT:LFSI_EMP_A(1.0),16/04/26 23:00:00,A,EMP_LFS,F,Y15-64,PC_POP,FR,2008-01-01,61.3,,
ESTAT:LFSI_EMP_A(1.0),16/04/26 23:00:00,A,EMP_LFS,F,Y15-64,PC_POP,SE,2008-01-01,71.4,,
ESTAT:LFSI_EMP_A(1.0),16/04/26 23:00:00,A,EMP_LFS,F,Y15-64,PC_POP,AT,2009-01-01,65.2,,
ESTAT:LFSI_EMP_A(1.0),16/04/26 23:00:00,A,EMP_LFS,F,Y15-64,PC_POP,BE,2009-01-01,56.0,,
ESTAT:LFSI_EMP_A(1.0),16/04/26 23:00:00,A,EMP_LFS,F,Y15-64,PC_POP,BG,2009-01-01,57.3,,
ESTAT:LFSI_EMP_A(1.0),16/04/26 23:00:00,A,EMP_LFS,F,Y15-64,PC_POP,CY,2009-01-01,62.3,,
ESTAT:LFSI_EMP_A(1.0),16/04/26 23:00:00,A,EMP_LFS,F,Y15-64,PC_POP,CZ,2009-01-01,56.7,,
ESTAT:LFSI_EMP_A(1.0),16/04/26 23:00:00,A,EMP_LFS,F,Y15-64,PC_POP,DE,2009-01-01,64.3,,
ESTAT:LFSI_EMP_A(1.0),16/04/26 23:00:00,A,EMP_LFS,F,Y15-64,PC_POP,DK,2009-01-01,70.9,,
ESTAT:LFSI_EMP_A(1.0),16/04/26 23:00:00,A,EMP_LFS,F,Y15-64,PC_POP,EA20,2009-01-01,57.9,,
ESTAT:LFSI_EMP_A(1.0),16/04/26 23:00:00,A,EMP_LFS,F,Y15-64,PC_POP,EA21,2009-01-01,57.9,,
ESTAT:LFSI_EMP_A(1.0),16/04/26 23:00:00,A,EMP_LFS,F,Y15-64,PC_POP,EE,2009-01-01,64.1,,
ESTAT:LFSI_EMP_A(1.0),16/04/26 23:00:00,A,EMP_LFS,F,Y15-64,PC_POP,EL,2009-01-01,48.5,,
ESTAT:LFSI_EMP_A(1.0),16/04/26 23:00:00,A,EMP_LFS,F,Y15-64,PC_POP,ES,2009-01-01,53.3,,
ESTAT:LFSI_EMP_A(1.0),16/04/26 23:00:00,A,EMP_LFS,F,Y15-64,PC_POP,EU27_2020,2009-01-01,56.7,,
ESTAT:LFSI_EMP_A(1.0),16/04/26 23:00:00,A,EMP_LFS,F,Y15-64,PC_POP,FI,2009-01-01,67.1,,
ESTAT:LFSI_EMP_A(1.0),16/04/26 23:00:00,A,EMP_LFS,F,Y15-64,PC_POP,FR,2009-01-01,60.9,,
ESTAT:LFSI_EMP_A(1.0),16/04/26 23:00:00,A,EMP_LFS,F,Y15-64,PC_POP,HR,2009-01-01,53.5,,
ESTAT:LFSI_EMP_A(1.0),16/04/26 23:00:00,A,EMP_LFS,F,Y15-64,PC_POP,HU,2009-01-01,53.8,,
ESTAT:LFSI_EMP_A(1.0),16/04/26 23:00:00,A,EMP_LFS,F,Y15-64,PC_POP,IE,2009-01-01,59.0,,
ESTAT:LFSI_EMP_A(1.0),16/04/26 23:00:00,A,EMP_LFS,F,Y15-64,PC_POP,IS,2009-01-01,76.5,,
ESTAT:LFSI_EMP_A(1.0),16/04/26 23:00:00,A,EMP_LFS,F,Y15-64,PC_POP,IT,2009-01-01,46.2,,
ESTAT:LFSI_EMP_A(1.0),16/04/26 23:00:00,A,EMP_LFS,F,Y15-64,PC_POP,LT,2009-01-01,60.4,,
ESTAT:LFSI_EMP_A(1.0),16/04/26 23:00:00,A,EMP_LFS,F,Y15-64,PC_POP,LU,2009-01-01,57.0,,
ESTAT:LFSI_EMP_A(1.0),16/04/26 23:00:00,A,EMP_LFS,F,Y15-64,PC_POP,LV,2009-01-01,60.2,,
ESTAT:LFSI_EMP_A(1.0),16/04/26 23:00:00,A,EMP_LFS,F,Y15-64,PC_POP,MK,2009-01-01,33.5,,
ESTAT:LFSI_EMP_A(1.0),16/04/26 23:00:00,A,EMP_LFS,F,Y15-64,PC_POP,MT,2009-01-01,38.0,,
ESTAT:LFSI_EMP_A(1.0),16/04/26 23:00:00,A,EMP_LFS,F,Y15-64,PC_POP,NL,2009-01-01,70.3,,
ESTAT:LFSI_EMP_A(1.0),16/04/26 23:00:00,A,EMP_LFS,F,Y15-64,PC_POP,NO,2009-01-01,75.4,,
ESTAT:LFSI_EMP_A(1.0),16/04/26 23:00:00,A,EMP_LFS,F,Y15-64,PC_POP,PL,2009-01-01,50.9,,
ESTAT:LFSI_EMP_A(1.0),16/04/26 23:00:00,A,EMP_LFS,F,Y15-64,PC_POP,PT,2009-01-01,58.2,,
ESTAT:LFSI_EMP_A(1.0),16/04/26 23:00:00,A,EMP_LFS,F,Y15-64,PC_POP,RO,2009-01-01,41.5,,
ESTAT:LFSI_EMP_A(1.0),16/04/26 23:00:00,A,EMP_LFS,F,Y15-64,PC_POP,SE,2009-01-01,69.7,,
ESTAT:LFSI_EMP_A(1.0),16/04/26 23:00:00,A,EMP_LFS,F,Y15-64,PC_POP,SI,2009-01-01,63.5,,
ESTAT:LFSI_EMP_A(1.0),16/04/26 23:00:00,A,EMP_LFS,F,Y15-64,PC_POP,SK,2009-01-01,56.5,,
ESTAT:LFSI_EMP_A(1.0),16/04/26 23:00:00,A,EMP_LFS,F,Y15-64,PC_POP,TR,2009-01-01,24.2,,
ESTAT:LFSI_EMP_A(1.0),16/04/26 23:00:00,A,EMP_LFS,F,Y15-64,PC_POP,AT,2010-01-01,65.7,,
ESTAT:LFSI_EMP_A(1.0),16/04/26 23:00:00,A,EMP_LFS,F,Y15-64,PC_POP,BE,2010-01-01,56.5,,
ESTAT:LFSI_EMP_A(1.0),16/04/26 23:00:00,A,EMP_LFS,F,Y15-64,PC_POP,BG,2010-01-01,55.2,b,
ESTAT:LFSI_EMP_A(1.0),16/04/26 23:00:00,A,EMP_LFS,F,Y15-64,PC_POP,CH,2010-01-01,71.3,b,
ESTAT:LFSI_EMP_A(1.0),16/04/26 23:00:00,A,EMP_LFS,F,Y15-64,PC_POP,CY,2010-01-01,63.0,,
ESTAT:LFSI_EMP_A(1.0),16/04/26 23:00:00,A,EMP_LFS,F,Y15-64,PC_POP,CZ,2010-01-01,56.3,,
ESTAT:LFSI_EMP_A(1.0),16/04/26 23:00:00,A,EMP_LFS,F,Y15-64,PC_POP,DE,2010-01-01,65.4,b,
ESTAT:LFSI_EMP_A(1.0),16/04/26 23:00:00,A,EMP_LFS,F,Y15-64,PC_POP,DK,2010-01-01,69.5,,
ESTAT:LFSI_EMP_A(1.0),16/04/26 23:00:00,A,EMP_LFS,F,Y15-64,PC_POP,EA20,2010-01-01,57.8,,
ESTAT:LFSI_EMP_A(1.0),16/04/26 23:00:00,A,EMP_LFS,F,Y15-64,PC_POP,EA21,2010-01-01,57.7,,
ESTAT:LFSI_EMP_A(1.0),16/04/26 23:00:00,A,EMP_LFS,F,Y15-64,PC_POP,EE,2010-01-01,62.1,,
ESTAT:LFSI_EMP_A(1.0),16/04/26 23:00:00,A,EMP_LFS,F,Y15-64,PC_POP,EL,2010-01-01,47.4,,
ESTAT:LFSI_EMP_A(1.0),16/04/26 23:00:00,A,EMP_LFS,F,Y15-64,PC_POP,ES,2010-01-01,52.8,,
ESTAT:LFSI_EMP_A(1.0),16/04/26 23:00:00,A,EMP_LFS,F,Y15-64,PC_POP,EU27_2020,2010-01-01,56.8,,
ESTAT:LFSI_EMP_A(1.0),16/04/26 23:00:00,A,EMP_LFS,F,Y15-64,PC_POP,FI,2010-01-01,65.8,,
ESTAT:LFSI_EMP_A(1.0),16/04/26 23:00:00,A,EMP_LFS,F,Y15-64,PC_POP,FR,2010-01-01,60.7,,
ESTAT:LFSI_EMP_A(1.0),16/04/26 23:00:00,A,EMP_LFS,F,Y15-64,PC_POP,HR,2010-01-01,51.8,,
ESTAT:LFSI_EMP_A(1.0),16/04/26 23:00:00,A,EMP_LFS,F,Y15-64,PC_POP,HU,2010-01-01,54.3,,
ESTAT:LFSI_EMP_A(1.0),16/04/26 23:00:00,A,EMP_LFS,F,Y15-64,PC_POP,IE,2010-01-01,57.0,,
ESTAT:LFSI_EMP_A(1.0),16/04/26 23:00:00,A,EMP_LFS,F,Y15-64,PC_POP,IS,2010-01-01,76.2,,
ESTAT:LFSI_EMP_A(1.0),16/04/26 23:00:00,A,EMP_LFS,F,Y15-64,PC_POP,IT,2010-01-01,45.9,,
ESTAT:LFSI_EMP_A(1.0),16/04/26 23:00:00,A,EMP_LFS,F,Y15-64,PC_POP,LT,2010-01-01,58.5,,
ESTAT:LFSI_EMP_A(1.0),16/04/26 23:00:00,A,EMP_LFS,F,Y15-64,PC_POP,LU,2010-01-01,57.2,,
ESTAT:LFSI_EMP_A(1.0),16/04/26 23:00:00,A,EMP_LFS,F,Y15-64,PC_POP,LV,2010-01-01,58.8,,
ESTAT:LFSI_EMP_A(1.0),16/04/26 23:00:00,A,EMP_LFS,F,Y15-64,PC_POP,MK,2010-01-01,34.0,,
ESTAT:LFSI_EMP_A(1.0),16/04/26 23:00:00,A,EMP_LFS,F,Y15-64,PC_POP,MT,2010-01-01,39.5,,
ESTAT:LFSI_EMP_A(1.0),16/04/26 23:00:00,A,EMP_LFS,F,Y15-64,PC_POP,NL,2010-01-01,70.1,,
ESTAT:LFSI_EMP_A(1.0),16/04/26 23:00:00,A,EMP_LFS,F,Y15-64,PC_POP,NO,2010-01-01,74.6,,
ESTAT:LFSI_EMP_A(1.0),16/04/26 23:00:00,A,EMP_LFS,F,Y15-64,PC_POP,PL,2010-01-01,51.1,b,
ESTAT:LFSI_EMP_A(1.0),16/04/26 23:00:00,A,EMP_LFS,F,Y15-64,PC_POP,PT,2010-01-01,57.9,,
ESTAT:LFSI_EMP_A(1.0),16/04/26 23:00:00,A,EMP_LFS,F,Y15-64,PC_POP,RO,2010-01-01,44.0,,
ESTAT:LFSI_EMP_A(1.0),16/04/26 23:00:00,A,EMP_LFS,F,Y15-64,PC_POP,RS,2010-01-01,40.3,,
ESTAT:LFSI_EMP_A(1.0),16/04/26 23:00:00,A,EMP_LFS,F,Y15-64,PC_POP,SE,2010-01-01,69.1,,
ESTAT:LFSI_EMP_A(1.0),16/04/26 23:00:00,A,EMP_LFS,F,Y15-64,PC_POP,SI,2010-01-01,62.1,,
ESTAT:LFSI_EMP_A(1.0),16/04/26 23:00:00,A,EMP_LFS,F,Y15-64,PC_POP,SK,2010-01-01,56.0,,
ESTAT:LFSI_EMP_A(1.0),16/04/26 23:00:00,A,EMP_LFS,F,Y15-64,PC_POP,TR,2010-01-01,26.2,,
ESTAT:LFSI_EMP_A(1.0),16/04/26 23:00:00,A,EMP_LFS,F,Y15-64,PC_POP,AT,2011-01-01,66.1,,
ESTAT:LFSI_EMP_A(1.0),16/04/26 23:00:00,A,EMP_LFS,F,Y15-64,PC_POP,BE,2011-01-01,56.7,,
ESTAT:LFSI_EMP_A(1.0),16/04/26 23:00:00,A,EMP_LFS,F,Y15-64,PC_POP,BG,2011-01-01,54.7,b,
ESTAT:LFSI_EMP_A(1.0),16/04/26 23:00:00,A,EMP_LFS,F,Y15-64,PC_POP,CH,2011-01-01,72.5,,
ESTAT:LFSI_EMP_A(1.0),16/04/26 23:00:00,A,EMP_LFS,F,Y15-64,PC_POP,CY,2011-01-01,62.1,,
ESTAT:LFSI_EMP_A(1.0),16/04/26 23:00:00,A,EMP_LFS,F,Y15-64,PC_POP,CZ,2011-01-01,57.2,b,
ESTAT:LFSI_EMP_A(1.0),16/04/26 23:00:00,A,EMP_LFS,F,Y15-64,PC_POP,DE,2011-01-01,66.9,b,
ESTAT:LFSI_EMP_A(1.0),16/04/26 23:00:00,A,EMP_LFS,F,Y15-64,PC_POP,DK,2011-01-01,68.8,,
ESTAT:LFSI_EMP_A(1.0),16/04/26 23:00:00,A,EMP_LFS,F,Y15-64,PC_POP,EA20,2011-01-01,58.1,,
ESTAT:LFSI_EMP_A(1.0),16/04/26 23:00:00,A,EMP_LFS,F,Y15-64,PC_POP,EA21,2011-01-01,58.1,,
ESTAT:LFSI_EMP_A(1.0),16/04/26 23:00:00,A,EMP_LFS,F,Y15-64,PC_POP,EE,2011-01-01,63.8,,
ESTAT:LFSI_EMP_A(1.0),16/04/26 23:00:00,A,EMP_LFS,F,Y15-64,PC_POP,EL,2011-01-01,44.5,,
ESTAT:LFSI_EMP_A(1.0),16/04/26 23:00:00,A,EMP_LFS,F,Y15-64,PC_POP,ES,2011-01-01,52.6,,
ESTAT:LFSI_EMP_A(1.0),16/04/26 23:00:00,A,EMP_LFS,F,Y15-64,PC_POP,EU27_2020,2011-01-01,57.1,,
ESTAT:LFSI_EMP_A(1.0),16/04/26 23:00:00,A,EMP_LFS,F,Y15-64,PC_POP,FI,2011-01-01,66.3,,
ESTAT:LFSI_EMP_A(1.0),16/04/26 23:00:00,A,EMP_LFS,F,Y15-64,PC_POP,FR,2011-01-01,60.7,,
ESTAT:LFSI_EMP_A(1.0),16/04/26 23:00:00,A,EMP_LFS,F,Y15-64,PC_POP,HR,2011-01-01,49.6,,
ESTAT:LFSI_EMP_A(1.0),16/04/26 23:00:00,A,EMP_LFS,F,Y15-64,PC_POP,HU,2011-01-01,54.5,,
ESTAT:LFSI_EMP_A(1.0),16/04/26 23:00:00,A,EMP_LFS,F,Y15-64,PC_POP,IE,2011-01-01,56.2,,
ESTAT:LFSI_EMP_A(1.0),16/04/26 23:00:00,A,EMP_LFS,F,Y15-64,PC_POP,IS,2011-01-01,76.6,,
ESTAT:LFSI_EMP_A(1.0),16/04/26 23:00:00,A,EMP_LFS,F,Y15-64,PC_POP,IT,2011-01-01,46.3,,
ESTAT:LFSI_EMP_A(1.0),16/04/26 23:00:00,A,EMP_LFS,F,Y15-64,PC_POP,LT,2011-01-01,60.2,,
ESTAT:LFSI_EMP_A(1.0),16/04/26 23:00:00,A,EMP_LFS,F,Y15-64,PC_POP,LU,2011-01-01,56.9,,
ESTAT:LFSI_EMP_A(1.0),16/04/26 23:00:00,A,EMP_LFS,F,Y15-64,PC_POP,LV,2011-01-01,60.1,,
ESTAT:LFSI_EMP_A(1.0),16/04/26 23:00:00,A,EMP_LFS,F,Y15-64,PC_POP,ME,2011-01-01,40.2,,
ESTAT:LFSI_EMP_A(1.0),16/04/26 23:00:00,A,EMP_LFS,F,Y15-64,PC_POP,MK,2011-01-01,35.3,,
ESTAT:LFSI_EMP_A(1.0),16/04/26 23:00:00,A,EMP_LFS,F,Y15-64,PC_POP,MT,2011-01-01,41.5,,
ESTAT:LFSI_EMP_A(1.0),16/04/26 23:00:00,A,EMP_LFS,F,Y15-64,PC_POP,NL,2011-01-01,70.8,,
ESTAT:LFSI_EMP_A(1.0),16/04/26 23:00:00,A,EMP_LFS,F,Y15-64,PC_POP,NO,2011-01-01,74.9,,
ESTAT:LFSI_EMP_A(1.0),16/04/26 23:00:00,A,EMP_LFS,F,Y15-64,PC_POP,PL,2011-01-01,51.3,,
ESTAT:LFSI_EMP_A(1.0),16/04/26 23:00:00,A,EMP_LFS,F,Y15-64,PC_POP,PT,2011-01-01,58.0,,
ESTAT:LFSI_EMP_A(1.0),16/04/26 23:00:00,A,EMP_LFS,F,Y15-64,PC_POP,RO,2011-01-01,44.2,,
ESTAT:LFSI_EMP_A(1.0),16/04/26 23:00:00,A,EMP_LFS,F,Y15-64,PC_POP,RS,2011-01-01,36.9,,
ESTAT:LFSI_EMP_A(1.0),16/04/26 23:00:00,A,EMP_LFS,F,Y15-64,PC_POP,SE,2011-01-01,70.8,,
ESTAT:LFSI_EMP_A(1.0),16/04/26 23:00:00,A,EMP_LFS,F,Y15-64,PC_POP,SI,2011-01-01,60.5,,
ESTAT:LFSI_EMP_A(1.0),16/04/26 23:00:00,A,EMP_LFS,F,Y15-64,PC_POP,SK,2011-01-01,56.2,b,
ESTAT:LFSI_EMP_A(1.0),16/04/26 23:00:00,A,EMP_LFS,F,Y15-64,PC_POP,TR,2011-01-01,27.8,,
ESTAT:LFSI_EMP_A(1.0),16/04/26 23:00:00,A,EMP_LFS,F,Y15-64,PC_POP,AT,2012-01-01,66.7,,
ESTAT:LFSI_EMP_A(1.0),16/04/26 23:00:00,A,EMP_LFS,F,Y15-64,PC_POP,BE,2012-01-01,56.8,,
ESTAT:LFSI_EMP_A(1.0),16/04/26 23:00:00,A,EMP_LFS,F,Y15-64,PC_POP,BG,2012-01-01,55.4,,
ESTAT:LFSI_EMP_A(1.0),16/04/26 23:00:00,A,EMP_LFS,F,Y15-64,PC_POP,CH,2012-01-01,73.0,,
ESTAT:LFSI_EMP_A(1.0),16/04/26 23:00:00,A,EMP_LFS,F,Y15-64,PC_POP,CY,2012-01-01,59.4,,
ESTAT:LFSI_EMP_A(1.0),16/04/26 23:00:00,A,EMP_LFS,F,Y15-64,PC_POP,CZ,2012-01-01,58.2,,
ESTAT:LFSI_EMP_A(1.0),16/04/26 23:00:00,A,EMP_LFS,F,Y15-64,PC_POP,DE,2012-01-01,67.2,,
ESTAT:LFSI_EMP_A(1.0),16/04/26 23:00:00,A,EMP_LFS,F,Y15-64,PC_POP,DK,2012-01-01,68.5,,
ESTAT:LFSI_EMP_A(1.0),16/04/26 23:00:00,A,EMP_LFS,F,Y15-64,PC_POP,EA20,2012-01-01,58.1,,
ESTAT:LFSI_EMP_A(1.0),16/04/26 23:00:00,A,EMP_LFS,F,Y15-64,PC_POP,EA21,2012-01-01,58.0,,
ESTAT:LFSI_EMP_A(1.0),16/04/26 23:00:00,A,EMP_LFS,F,Y15-64,PC_POP,EE,2012-01-01,66.3,,
ESTAT:LFSI_EMP_A(1.0),16/04/26 23:00:00,A,EMP_LFS,F,Y15-64,PC_POP,EL,2012-01-01,41.2,,
ESTAT:LFSI_EMP_A(1.0),16/04/26 23:00:00,A,EMP_LFS,F,Y15-64,PC_POP,ES,2012-01-01,51.2,,
ESTAT:LFSI_EMP_A(1.0),16/04/26 23:00:00,A,EMP_LFS,F,Y15-64,PC_POP,EU27_2020,2012-01-01,57.2,,
ESTAT:LFSI_EMP_A(1.0),16/04/26 23:00:00,A,EMP_LFS,F,Y15-64,PC_POP,FI,2012-01-01,67.1,,
ESTAT:LFSI_EMP_A(1.0),16/04/26 23:00:00,A,EMP_LFS,F,Y15-64,PC_POP,FR,2012-01-01,61.0,,
ESTAT:LFSI_EMP_A(1.0),16/04/26 23:00:00,A,EMP_LFS,F,Y15-64,PC_POP,HR,2012-01-01,48.6,b,
ESTAT:LFSI_EMP_A(1.0),16/04/26 23:00:00,A,EMP_LFS,F,Y15-64,PC_POP,HU,2012-01-01,55.7,,
ESTAT:LFSI_EMP_A(1.0),16/04/26 23:00:00,A,EMP_LFS,F,Y15-64,PC_POP,IE,2012-01-01,56.2,,
ESTAT:LFSI_EMP_A(1.0),16/04/26 23:00:00,A,EMP_LFS,F,Y15-64,PC_POP,IS,2012-01-01,77.8,,
ESTAT:LFSI_EMP_A(1.0),16/04/26 23:00:00,A,EMP_LFS,F,Y15-64,PC_POP,IT,2012-01-01,46.8,,
ESTAT:LFSI_EMP_A(1.0),16/04/26 23:00:00,A,EMP_LFS,F,Y15-64,PC_POP,LT,2012-01-01,61.8,,
ESTAT:LFSI_EMP_A(1.0),16/04/26 23:00:00,A,EMP_LFS,F,Y15-64,PC_POP,LU,2012-01-01,59.0,,
ESTAT:LFSI_EMP_A(1.0),16/04/26 23:00:00,A,EMP_LFS,F,Y15-64,PC_POP,LV,2012-01-01,61.5,,
ESTAT:LFSI_EMP_A(1.0),16/04/26 23:00:00,A,EMP_LFS,F,Y15-64,PC_POP,ME,2012-01-01,41.9,,
ESTAT:LFSI_EMP_A(1.0),16/04/26 23:00:00,A,EMP_LFS,F,Y15-64,PC_POP,MK,2012-01-01,35.3,,
ESTAT:LFSI_EMP_A(1.0),16/04/26 23:00:00,A,EMP_LFS,F,Y15-64,PC_POP,MT,2012-01-01,45.3,,
ESTAT:LFSI_EMP_A(1.0),16/04/26 23:00:00,A,EMP_LFS,F,Y15-64,PC_POP,NL,2012-01-01,71.2,,
ESTAT:LFSI_EMP_A(1.0),16/04/26 23:00:00,A,EMP_LFS,F,Y15-64,PC_POP,NO,2012-01-01,75.0,,
ESTAT:LFSI_EMP_A(1.0),16/04/26 23:00:00,A,EMP_LFS,F,Y15-64,PC_POP,PL,2012-01-01,51.9,,
ESTAT:LFSI_EMP_A(1.0),16/04/26 23:00:00,A,EMP_LFS,F,Y15-64,PC_POP,PT,2012-01-01,56.4,,
ESTAT:LFSI_EMP_A(1.0),16/04/26 23:00:00,A,EMP_LFS,F,Y15-64,PC_POP,RO,2012-01-01,44.6,,
ESTAT:LFSI_EMP_A(1.0),16/04/26 23:00:00,A,EMP_LFS,F,Y15-64,PC_POP,RS,2012-01-01,36.6,,
ESTAT:LFSI_EMP_A(1.0),16/04/26 23:00:00,A,EMP_LFS,F,Y15-64,PC_POP,SE,2012-01-01,71.4,,
ESTAT:LFSI_EMP_A(1.0),16/04/26 23:00:00,A,EMP_LFS,F,Y15-64,PC_POP,SI,2012-01-01,60.1,,
ESTAT:LFSI_EMP_A(1.0),16/04/26 23:00:00,A,EMP_LFS,F,Y15-64,PC_POP,SK,2012-01-01,56.4,,
ESTAT:LFSI_EMP_A(1.0),16/04/26 23:00:00,A,EMP_LFS,F,Y15-64,PC_POP,TR,2012-01-01,28.7,,
ESTAT:LFSI_EMP_A(1.0),16/04/26 23:00:00,A,EMP_LFS,F,Y15-64,PC_POP,AT,2013-01-01,66.9,,
ESTAT:LFSI_EMP_A(1.0),16/04/26 23:00:00,A,EMP_LFS,F,Y15-64,PC_POP,BE,2013-01-01,57.2,,
ESTAT:LFSI_EMP_A(1.0),16/04/26 23:00:00,A,EMP_LFS,F,Y15-64,PC_POP,BG,2013-01-01,55.9,,
ESTAT:LFSI_EMP_A(1.0),16/04/26 23:00:00,A,EMP_LFS,F,Y15-64,PC_POP,CH,2013-01-01,73.2,,
ESTAT:LFSI_EMP_A(1.0),16/04/26 23:00:00,A,EMP_LFS,F,Y15-64,PC_POP,CY,2013-01-01,56.9,,
ESTAT:LFSI_EMP_A(1.0),16/04/26 23:00:00,A,EMP_LFS,F,Y15-64,PC_POP,CZ,2013-01-01,59.6,,
ESTAT:LFSI_EMP_A(1.0),16/04/26 23:00:00,A,EMP_LFS,F,Y15-64,PC_POP,DE,2013-01-01,68.1,,
ESTAT:LFSI_EMP_A(1.0),16/04/26 23:00:00,A,EMP_LFS,F,Y15-64,PC_POP,DK,2013-01-01,68.3,,
ESTAT:LFSI_EMP_A(1.0),16/04/26 23:00:00,A,EMP_LFS,F,Y15-64,PC_POP,EA20,2013-01-01,58.1,,
ESTAT:LFSI_EMP_A(1.0),16/04/26 23:00:00,A,EMP_LFS,F,Y15-64,PC_POP,EA21,2013-01-01,58.1,,
ESTAT:LFSI_EMP_A(1.0),16/04/26 23:00:00,A,EMP_LFS,F,Y15-64,PC_POP,EE,2013-01-01,67.0,,
ESTAT:LFSI_EMP_A(1.0),16/04/26 23:00:00,A,EMP_LFS,F,Y15-64,PC_POP,EL,2013-01-01,39.5,,
ESTAT:LFSI_EMP_A(1.0),16/04/26 23:00:00,A,EMP_LFS,F,Y15-64,PC_POP,ES,2013-01-01,50.3,,
ESTAT:LFSI_EMP_A(1.0),16/04/26 23:00:00,A,EMP_LFS,F,Y15-64,PC_POP,EU27_2020,2013-01-01,57.3,,
ESTAT:LFSI_EMP_A(1.0),16/04/26 23:00:00,A,EMP_LFS,F,Y15-64,PC_POP,FI,2013-01-01,67.0,,
ESTAT:LFSI_EMP_A(1.0),16/04/26 23:00:00,A,EMP_LFS,F,Y15-64,PC_POP,FR,2013-01-01,61.3,,
ESTAT:LFSI_EMP_A(1.0),16/04/26 23:00:00,A,EMP_LFS,F,Y15-64,PC_POP,HR,2013-01-01,48.6,,
ESTAT:LFSI_EMP_A(1.0),16/04/26 23:00:00,A,EMP_LFS,F,Y15-64,PC_POP,HU,2013-01-01,56.6,,
ESTAT:LFSI_EMP_A(1.0),16/04/26 23:00:00,A,EMP_LFS,F,Y15-64,PC_POP,IE,2013-01-01,57.1,,
ESTAT:LFSI_EMP_A(1.0),16/04/26 23:00:00,A,EMP_LFS,F,Y15-64,PC_POP,IS,2013-01-01,79.0,,
ESTAT:LFSI_EMP_A(1.0),16/04/26 23:00:00,A,EMP_LFS,F,Y15-64,PC_POP,IT,2013-01-01,46.2,,
ESTAT:LFSI_EMP_A(1.0),16/04/26 23:00:00,A,EMP_LFS,F,Y15-64,PC_POP,LT,2013-01-01,62.8,,
ESTAT:LFSI_EMP_A(1.0),16/04/26 23:00:00,A,EMP_LFS,F,Y15-64,PC_POP,LU,2013-01-01,59.1,,
ESTAT:LFSI_EMP_A(1.0),16/04/26 23:00:00,A,EMP_LFS,F,Y15-64,PC_POP,LV,2013-01-01,63.2,,
ESTAT:LFSI_EMP_A(1.0),16/04/26 23:00:00,A,EMP_LFS,F,Y15-64,PC_POP,ME,2013-01-01,42.5,,
ESTAT:LFSI_EMP_A(1.0),16/04/26 23:00:00,A,EMP_LFS,F,Y15-64,PC_POP,MK,2013-01-01,37.3,,
ESTAT:LFSI_EMP_A(1.0),16/04/26 23:00:00,A,EMP_LFS,F,Y15-64,PC_POP,MT,2013-01-01,48.8,,
ESTAT:LFSI_EMP_A(1.0),16/04/26 23:00:00,A,EMP_LFS,F,Y15-64,PC_POP,NL,2013-01-01,70.8,,
ESTAT:LFSI_EMP_A(1.0),16/04/26 23:00:00,A,EMP_LFS,F,Y15-64,PC_POP,NO,2013-01-01,74.7,,
ESTAT:LFSI_EMP_A(1.0),16/04/26 23:00:00,A,EMP_LFS,F,Y15-64,PC_POP,PL,2013-01-01,52.2,,
ESTAT:LFSI_EMP_A(1.0),16/04/26 23:00:00,A,EMP_LFS,F,Y15-64,PC_POP,PT,2013-01-01,56.1,,
ESTAT:LFSI_EMP_A(1.0),16/04/26 23:00:00,A,EMP_LFS,F,Y15-64,PC_POP,RO,2013-01-01,44.6,,
ESTAT:LFSI_EMP_A(1.0),16/04/26 23:00:00,A,EMP_LFS,F,Y15-64,PC_POP,RS,2013-01-01,39.2,,
ESTAT:LFSI_EMP_A(1.0),16/04/26 23:00:00,A,EMP_LFS,F,Y15-64,PC_POP,SE,2013-01-01,72.1,,
ESTAT:LFSI_EMP_A(1.0),16/04/26 23:00:00,A,EMP_LFS,F,Y15-64,PC_POP,SI,2013-01-01,58.8,,
ESTAT:LFSI_EMP_A(1.0),16/04/26 23:00:00,A,EMP_LFS,F,Y15-64,PC_POP,SK,2013-01-01,57.1,,
ESTAT:LFSI_EMP_A(1.0),16/04/26 23:00:00,A,EMP_LFS,F,Y15-64,PC_POP,TR,2013-01-01,29.6,,
ESTAT:LFSI_EMP_A(1.0),16/04/26 23:00:00,A,EMP_LFS,F,Y15-64,PC_POP,AT,2014-01-01,66.9,,
ESTAT:LFSI_EMP_A(1.0),16/04/26 23:00:00,A,EMP_LFS,F,Y15-64,PC_POP,BE,2014-01-01,57.9,,
ESTAT:LFSI_EMP_A(1.0),16/04/26 23:00:00,A,EMP_LFS,F,Y15-64,PC_POP,BG,2014-01-01,57.3,,
ESTAT:LFSI_EMP_A(1.0),16/04/26 23:00:00,A,EMP_LFS,F,Y15-64,PC_POP,CH,2014-01-01,74.1,,
ESTAT:LFSI_EMP_A(1.0),16/04/26 23:00:00,A,EMP_LFS,F,Y15-64,PC_POP,CY,2014-01-01,58.6,,
ESTAT:LFSI_EMP_A(1.0),16/04/26 23:00:00,A,EMP_LFS,F,Y15-64,PC_POP,CZ,2014-01-01,60.7,,
ESTAT:LFSI_EMP_A(1.0),16/04/26 23:00:00,A,EMP_LFS,F,Y15-64,PC_POP,DE,2014-01-01,68.6,,
ESTAT:LFSI_EMP_A(1.0),16/04/26 23:00:00,A,EMP_LFS,F,Y15-64,PC_POP,DK,2014-01-01,68.0,,
ESTAT:LFSI_EMP_A(1.0),16/04/26 23:00:00,A,EMP_LFS,F,Y15-64,PC_POP,EA20,2014-01-01,58.7,,
ESTAT:LFSI_EMP_A(1.0),16/04/26 23:00:00,A,EMP_LFS,F,Y15-64,PC_POP,EA21,2014-01-01,58.7,,
ESTAT:LFSI_EMP_A(1.0),16/04/26 23:00:00,A,EMP_LFS,F,Y15-64,PC_POP,EE,2014-01-01,67.6,,
ESTAT:LFSI_EMP_A(1.0),16/04/26 23:00:00,A,EMP_LFS,F,Y15-64,PC_POP,EL,2014-01-01,40.7,,
ESTAT:LFSI_EMP_A(1.0),16/04/26 23:00:00,A,EMP_LFS,F,Y15-64,PC_POP,ES,2014-01-01,51.2,,
ESTAT:LFSI_EMP_A(1.0),16/04/26 23:00:00,A,EMP_LFS,F,Y15-64,PC_POP,EU27_2020,2014-01-01,58.2,,
ESTAT:LFSI_EMP_A(1.0),16/04/26 23:00:00,A,EMP_LFS,F,Y15-64,PC_POP,FI,2014-01-01,67.1,,
ESTAT:LFSI_EMP_A(1.0),16/04/26 23:00:00,A,EMP_LFS,F,Y15-64,PC_POP,FR,2014-01-01,61.8,,
ESTAT:LFSI_EMP_A(1.0),16/04/26 23:00:00,A,EMP_LFS,F,Y15-64,PC_POP,HR,2014-01-01,50.0,,
ESTAT:LFSI_EMP_A(1.0),16/04/26 23:00:00,A,EMP_LFS,F,Y15-64,PC_POP,HU,2014-01-01,59.5,,
ESTAT:LFSI_EMP_A(1.0),16/04/26 23:00:00,A,EMP_LFS,F,Y15-64,PC_POP,IE,2014-01-01,58.0,,
ESTAT:LFSI_EMP_A(1.0),16/04/26 23:00:00,A,EMP_LFS,F,Y15-64,PC_POP,IS,2014-01-01,80.5,,
ESTAT:LFSI_EMP_A(1.0),16/04/26 23:00:00,A,EMP_LFS,F,Y15-64,PC_POP,IT,2014-01-01,46.7,,
ESTAT:LFSI_EMP_A(1.0),16/04/26 23:00:00,A,EMP_LFS,F,Y15-64,PC_POP,LT,2014-01-01,64.9,,
ESTAT:LFSI_EMP_A(1.0),16/04/26 23:00:00,A,EMP_LFS,F,Y15-64,PC_POP,LU,2014-01-01,60.5,,
ESTAT:LFSI_EMP_A(1.0),16/04/26 23:00:00,A,EMP_LFS,F,Y15-64,PC_POP,LV,2014-01-01,64.2,,
ESTAT:LFSI_EMP_A(1.0),16/04/26 23:00:00,A,EMP_LFS,F,Y15-64,PC_POP,ME,2014-01-01,45.3,,
ESTAT:LFSI_EMP_A(1.0),16/04/26 23:00:00,A,EMP_LFS,F,Y15-64,PC_POP,MK,2014-01-01,37.4,,
ESTAT:LFSI_EMP_A(1.0),16/04/26 23:00:00,A,EMP_LFS,F,Y15-64,PC_POP,MT,2014-01-01,51.6,,
ESTAT:LFSI_EMP_A(1.0),16/04/26 23:00:00,A,EMP_LFS,F,Y15-64,PC_POP,NL,2014-01-01,69.9,,
ESTAT:LFSI_EMP_A(1.0),16/04/26 23:00:00,A,EMP_LFS,F,Y15-64,PC_POP,NO,2014-01-01,74.3,,
ESTAT:LFSI_EMP_A(1.0),16/04/26 23:00:00,A,EMP_LFS,F,Y15-64,PC_POP,PL,2014-01-01,54.0,,
ESTAT:LFSI_EMP_A(1.0),16/04/26 23:00:00,A,EMP_LFS,F,Y15-64,PC_POP,PT,2014-01-01,58.5,,
ESTAT:LFSI_EMP_A(1.0),16/04/26 23:00:00,A,EMP_LFS,F,Y15-64,PC_POP,RO,2014-01-01,45.5,,
ESTAT:LFSI_EMP_A(1.0),16/04/26 23:00:00,A,EMP_LFS,F,Y15-64,PC_POP,RS,2014-01-01,42.5,,
ESTAT:LFSI_EMP_A(1.0),16/04/26 23:00:00,A,EMP_LFS,F,Y15-64,PC_POP,SE,2014-01-01,72.7,,
ESTAT:LFSI_EMP_A(1.0),16/04/26 23:00:00,A,EMP_LFS,F,Y15-64,PC_POP,SI,2014-01-01,59.6,,
ESTAT:LFSI_EMP_A(1.0),16/04/26 23:00:00,A,EMP_LFS,F,Y15-64,PC_POP,SK,2014-01-01,58.1,,
ESTAT:LFSI_EMP_A(1.0),16/04/26 23:00:00,A,EMP_LFS,F,Y15-64,PC_POP,TR,2014-01-01,29.5,b,
ESTAT:LFSI_EMP_A(1.0),16/04/26 23:00:00,A,EMP_LFS,F,Y15-64,PC_POP,AT,2015-01-01,67.1,,
ESTAT:LFSI_EMP_A(1.0),16/04/26 23:00:00,A,EMP_LFS,F,Y15-64,PC_POP,BE,2015-01-01,58.0,,
ESTAT:LFSI_EMP_A(1.0),16/04/26 23:00:00,A,EMP_LFS,F,Y15-64,PC_POP,BG,2015-01-01,59.0,,
ESTAT:LFSI_EMP_A(1.0),16/04/26 23:00:00,A,EMP_LFS,F,Y15-64,PC_POP,CH,2015-01-01,74.7,,
ESTAT:LFSI_EMP_A(1.0),16/04/26 23:00:00,A,EMP_LFS,F,Y15-64,PC_POP,CY,2015-01-01,59.0,,
ESTAT:LFSI_EMP_A(1.0),16/04/26 23:00:00,A,EMP_LFS,F,Y15-64,PC_POP,CZ,2015-01-01,62.4,,
ESTAT:LFSI_EMP_A(1.0),16/04/26 23:00:00,A,EMP_LFS,F,Y15-64,PC_POP,DE,2015-01-01,69.1,,
ESTAT:LFSI_EMP_A(1.0),16/04/26 23:00:00,A,EMP_LFS,F,Y15-64,PC_POP,DK,2015-01-01,68.7,,
ESTAT:LFSI_EMP_A(1.0),16/04/26 23:00:00,A,EMP_LFS,F,Y15-64,PC_POP,EA20,2015-01-01,59.5,,
ESTAT:LFSI_EMP_A(1.0),16/04/26 23:00:00,A,EMP_LFS,F,Y15-64,PC_POP,EA21,2015-01-01,59.5,,
ESTAT:LFSI_EMP_A(1.0),16/04/26 23:00:00,A,EMP_LFS,F,Y15-64,PC_POP,EE,2015-01-01,69.4,,
ESTAT:LFSI_EMP_A(1.0),16/04/26 23:00:00,A,EMP_LFS,F,Y15-64,PC_POP,EL,2015-01-01,42.1,,
ESTAT:LFSI_EMP_A(1.0),16/04/26 23:00:00,A,EMP_LFS,F,Y15-64,PC_POP,ES,2015-01-01,52.7,,
ESTAT:LFSI_EMP_A(1.0),16/04/26 23:00:00,A,EMP_LFS,F,Y15-64,PC_POP,EU27_2020,2015-01-01,59.1,,
ESTAT:LFSI_EMP_A(1.0),16/04/26 23:00:00,A,EMP_LFS,F,Y15-64,PC_POP,FI,2015-01-01,66.8,,
ESTAT:LFSI_EMP_A(1.0),16/04/26 23:00:00,A,EMP_LFS,F,Y15-64,PC_POP,FR,2015-01-01,62.1,,
ESTAT:LFSI_EMP_A(1.0),16/04/26 23:00:00,A,EMP_LFS,F,Y15-64,PC_POP,HR,2015-01-01,51.6,,
ESTAT:LFSI_EMP_A(1.0),16/04/26 23:00:00,A,EMP_LFS,F,Y15-64,PC_POP,HU,2015-01-01,61.5,,
ESTAT:LFSI_EMP_A(1.0),16/04/26 23:00:00,A,EMP_LFS,F,Y15-64,PC_POP,IE,2015-01-01,59.3,,
ESTAT:LFSI_EMP_A(1.0),16/04/26 23:00:00,A,EMP_LFS,F,Y15-64,PC_POP,IS,2015-01-01,82.3,,
ESTAT:LFSI_EMP_A(1.0),16/04/26 23:00:00,A,EMP_LFS,F,Y15-64,PC_POP,IT,2015-01-01,47.0,,
ESTAT:LFSI_EMP_A(1.0),16/04/26 23:00:00,A,EMP_LFS,F,Y15-64,PC_POP,LT,2015-01-01,66.5,,
ESTAT:LFSI_EMP_A(1.0),16/04/26 23:00:00,A,EMP_LFS,F,Y15-64,PC_POP,LU,2015-01-01,60.8,b,
ESTAT:LFSI_EMP_A(1.0),16/04/26 23:00:00,A,EMP_LFS,F,Y15-64,PC_POP,LV,2015-01-01,66.3,,
ESTAT:LFSI_EMP_A(1.0),16/04/26 23:00:00,A,EMP_LFS,F,Y15-64,PC_POP,ME,2015-01-01,46.9,,
ESTAT:LFSI_EMP_A(1.0),16/04/26 23:00:00,A,EMP_LFS,F,Y15-64,PC_POP,MK,2015-01-01,38.8,,
ESTAT:LFSI_EMP_A(1.0),16/04/26 23:00:00,A,EMP_LFS,F,Y15-64,PC_POP,MT,2015-01-01,52.5,,
ESTAT:LFSI_EMP_A(1.0),16/04/26 23:00:00,A,EMP_LFS,F,Y15-64,PC_POP,NL,2015-01-01,71.0,,
ESTAT:LFSI_EMP_A(1.0),16/04/26 23:00:00,A,EMP_LFS,F,Y15-64,PC_POP,NO,2015-01-01,74.1,,
ESTAT:LFSI_EMP_A(1.0),16/04/26 23:00:00,A,EMP_LFS,F,Y15-64,PC_POP,PL,2015-01-01,55.6,,
ESTAT:LFSI_EMP_A(1.0),16/04/26 23:00:00,A,EMP_LFS,F,Y15-64,PC_POP,PT,2015-01-01,60.1,,
ESTAT:LFSI_EMP_A(1.0),16/04/26 23:00:00,A,EMP_LFS,F,Y15-64,PC_POP,RO,2015-01-01,46.6,,
ESTAT:LFSI_EMP_A(1.0),16/04/26 23:00:00,A,EMP_LFS,F,Y15-64,PC_POP,RS,2015-01-01,43.6,,
ESTAT:LFSI_EMP_A(1.0),16/04/26 23:00:00,A,EMP_LFS,F,Y15-64,PC_POP,SE,2015-01-01,73.5,,
ESTAT:LFSI_EMP_A(1.0),16/04/26 23:00:00,A,EMP_LFS,F,Y15-64,PC_POP,SI,2015-01-01,60.6,,
ESTAT:LFSI_EMP_A(1.0),16/04/26 23:00:00,A,EMP_LFS,F,Y15-64,PC_POP,SK,2015-01-01,59.9,,
ESTAT:LFSI_EMP_A(1.0),16/04/26 23:00:00,A,EMP_LFS,F,Y15-64,PC_POP,TR,2015-01-01,30.4,,
ESTAT:LFSI_EMP_A(1.0),16/04/26 23:00:00,A,EMP_LFS,F,Y15-64,PC_POP,AT,2016-01-01,67.7,,
ESTAT:LFSI_EMP_A(1.0),16/04/26 23:00:00,A,EMP_LFS,F,Y15-64,PC_POP,BE,2016-01-01,58.1,,
ESTAT:LFSI_EMP_A(1.0),16/04/26 23:00:00,A,EMP_LFS,F,Y15-64,PC_POP,BG,2016-01-01,59.2,,
ESTAT:LFSI_EMP_A(1.0),16/04/26 23:00:00,A,EMP_LFS,F,Y15-64,PC_POP,CH,2016-01-01,75.4,,
ESTAT:LFSI_EMP_A(1.0),16/04/26 23:00:00,A,EMP_LFS,F,Y15-64,PC_POP,CY,2016-01-01,59.3,,
ESTAT:LFSI_EMP_A(1.0),16/04/26 23:00:00,A,EMP_LFS,F,Y15-64,PC_POP,CZ,2016-01-01,64.4,,
ESTAT:LFSI_EMP_A(1.0),16/04/26 23:00:00,A,EMP_LFS,F,Y15-64,PC_POP,DE,2016-01-01,70.0,,
ESTAT:LFSI_EMP_A(1.0),16/04/26 23:00:00,A,EMP_LFS,F,Y15-64,PC_POP,DK,2016-01-01,69.8,b,
ESTAT:LFSI_EMP_A(1.0),16/04/26 23:00:00,A,EMP_LFS,F,Y15-64,PC_POP,EA20,2016-01-01,60.4,,
ESTAT:LFSI_EMP_A(1.0),16/04/26 23:00:00,A,EMP_LFS,F,Y15-64,PC_POP,EA21,2016-01-01,60.4,,
ESTAT:LFSI_EMP_A(1.0),16/04/26 23:00:00,A,EMP_LFS,F,Y15-64,PC_POP,EE,2016-01-01,69.7,,
ESTAT:LFSI_EMP_A(1.0),16/04/26 23:00:00,A,EMP_LFS,F,Y15-64,PC_POP,EL,2016-01-01,42.8,,
ESTAT:LFSI_EMP_A(1.0),16/04/26 23:00:00,A,EMP_LFS,F,Y15-64,PC_POP,ES,2016-01-01,54.3,,
ESTAT:LFSI_EMP_A(1.0),16/04/26 23:00:00,A,EMP_LFS,F,Y15-64,PC_POP,EU27_2020,2016-01-01,60.1,,
ESTAT:LFSI_EMP_A(1.0),16/04/26 23:00:00,A,EMP_LFS,F,Y15-64,PC_POP,FI,2016-01-01,66.8,,
ESTAT:LFSI_EMP_A(1.0),16/04/26 23:00:00,A,EMP_LFS,F,Y15-64,PC_POP,FR,2016-01-01,62.4,,
ESTAT:LFSI_EMP_A(1.0),16/04/26 23:00:00,A,EMP_LFS,F,Y15-64,PC_POP,HR,2016-01-01,52.4,,
ESTAT:LFSI_EMP_A(1.0),16/04/26 23:00:00,A,EMP_LFS,F,Y15-64,PC_POP,HU,2016-01-01,64.2,,
ESTAT:LFSI_EMP_A(1.0),16/04/26 23:00:00,A,EMP_LFS,F,Y15-64,PC_POP,IE,2016-01-01,61.1,,
ESTAT:LFSI_EMP_A(1.0),16/04/26 23:00:00,A,EMP_LFS,F,Y15-64,PC_POP,IS,2016-01-01,83.6,,
ESTAT:LFSI_EMP_A(1.0),16/04/26 23:00:00,A,EMP_LFS,F,Y15-64,PC_POP,IT,2016-01-01,48.0,,
ESTAT:LFSI_EMP_A(1.0),16/04/26 23:00:00,A,EMP_LFS,F,Y15-64,PC_POP,LT,2016-01-01,68.8,,
ESTAT:LFSI_EMP_A(1.0),16/04/26 23:00:00,A,EMP_LFS,F,Y15-64,PC_POP,LU,2016-01-01,60.4,,
ESTAT:LFSI_EMP_A(1.0),16/04/26 23:00:00,A,EMP_LFS,F,Y15-64,PC_POP,LV,2016-01-01,67.4,,
ESTAT:LFSI_EMP_A(1.0),16/04/26 23:00:00,A,EMP_LFS,F,Y15-64,PC_POP,ME,2016-01-01,46.8,,
ESTAT:LFSI_EMP_A(1.0),16/04/26 23:00:00,A,EMP_LFS,F,Y15-64,PC_POP,MK,2016-01-01,39.2,,
ESTAT:LFSI_EMP_A(1.0),16/04/26 23:00:00,A,EMP_LFS,F,Y15-64,PC_POP,MT,2016-01-01,55.0,,
ESTAT:LFSI_EMP_A(1.0),16/04/26 23:00:00,A,EMP_LFS,F,Y15-64,PC_POP,NL,2016-01-01,71.9,,
ESTAT:LFSI_EMP_A(1.0),16/04/26 23:00:00,A,EMP_LFS,F,Y15-64,PC_POP,NO,2016-01-01,74.2,,
ESTAT:LFSI_EMP_A(1.0),16/04/26 23:00:00,A,EMP_LFS,F,Y15-64,PC_POP,PL,2016-01-01,57.3,,
ESTAT:LFSI_EMP_A(1.0),16/04/26 23:00:00,A,EMP_LFS,F,Y15-64,PC_POP,PT,2016-01-01,61.6,,
ESTAT:LFSI_EMP_A(1.0),16/04/26 23:00:00,A,EMP_LFS,F,Y15-64,PC_POP,RO,2016-01-01,47.5,,
ESTAT:LFSI_EMP_A(1.0),16/04/26 23:00:00,A,EMP_LFS,F,Y15-64,PC_POP,RS,2016-01-01,47.0,,
ESTAT:LFSI_EMP_A(1.0),16/04/26 23:00:00,A,EMP_LFS,F,Y15-64,PC_POP,SE,2016-01-01,74.3,,
ESTAT:LFSI_EMP_A(1.0),16/04/26 23:00:00,A,EMP_LFS,F,Y15-64,PC_POP,SI,2016-01-01,62.2,,
ESTAT:LFSI_EMP_A(1.0),16/04/26 23:00:00,A,EMP_LFS,F,Y15-64,PC_POP,SK,2016-01-01,62.4,,
ESTAT:LFSI_EMP_A(1.0),16/04/26 23:00:00,A,EMP_LFS,F,Y15-64,PC_POP,TR,2016-01-01,31.2,,
ESTAT:LFSI_EMP_A(1.0),16/04/26 23:00:00,A,EMP_LFS,F,Y15-64,PC_POP,AT,2017-01-01,68.2,,
ESTAT:LFSI_EMP_A(1.0),16/04/26 23:00:00,A,EMP_LFS,F,Y15-64,PC_POP,BE,2017-01-01,58.7,b,
ESTAT:LFSI_EMP_A(1.0),16/04/26 23:00:00,A,EMP_LFS,F,Y15-64,PC_POP,BG,2017-01-01,62.2,,
ESTAT:LFSI_EMP_A(1.0),16/04/26 23:00:00,A,EMP_LFS,F,Y15-64,PC_POP,CH,2017-01-01,75.2,,
ESTAT:LFSI_EMP_A(1.0),16/04/26 23:00:00,A,EMP_LFS,F,Y15-64,PC_POP,CY,2017-01-01,61.4,,
ESTAT:LFSI_EMP_A(1.0),16/04/26 23:00:00,A,EMP_LFS,F,Y15-64,PC_POP,CZ,2017-01-01,66.2,,
ESTAT:LFSI_EMP_A(1.0),16/04/26 23:00:00,A,EMP_LFS,F,Y15-64,PC_POP,DE,2017-01-01,70.7,,
ESTAT:LFSI_EMP_A(1.0),16/04/26 23:00:00,A,EMP_LFS,F,Y15-64,PC_POP,DK,2017-01-01,70.5,b,
ESTAT:LFSI_EMP_A(1.0),16/04/26 23:00:00,A,EMP_LFS,F,Y15-64,PC_POP,EA20,2017-01-01,61.3,,
ESTAT:LFSI_EMP_A(1.0),16/04/26 23:00:00,A,EMP_LFS,F,Y15-64,PC_POP,EA21,2017-01-01,61.3,,
ESTAT:LFSI_EMP_A(1.0),16/04/26 23:00:00,A,EMP_LFS,F,Y15-64,PC_POP,EE,2017-01-01,72.4,,
ESTAT:LFSI_EMP_A(1.0),16/04/26 23:00:00,A,EMP_LFS,F,Y15-64,PC_POP,EL,2017-01-01,43.9,,
ESTAT:LFSI_EMP_A(1.0),16/04/26 23:00:00,A,EMP_LFS,F,Y15-64,PC_POP,ES,2017-01-01,55.7,,
ESTAT:LFSI_EMP_A(1.0),16/04/26 23:00:00,A,EMP_LFS,F,Y15-64,PC_POP,EU27_2020,2017-01-01,61.2,,
ESTAT:LFSI_EMP_A(1.0),16/04/26 23:00:00,A,EMP_LFS,F,Y15-64,PC_POP,FI,2017-01-01,67.5,,
ESTAT:LFSI_EMP_A(1.0),16/04/26 23:00:00,A,EMP_LFS,F,Y15-64,PC_POP,FR,2017-01-01,62.6,,
ESTAT:LFSI_EMP_A(1.0),16/04/26 23:00:00,A,EMP_LFS,F,Y15-64,PC_POP,HR,2017-01-01,54.0,,
ESTAT:LFSI_EMP_A(1.0),16/04/26 23:00:00,A,EMP_LFS,F,Y15-64,PC_POP,HU,2017-01-01,65.2,,
ESTAT:LFSI_EMP_A(1.0),16/04/26 23:00:00,A,EMP_LFS,F,Y15-64,PC_POP,IE,2017-01-01,62.3,,
ESTAT:LFSI_EMP_A(1.0),16/04/26 23:00:00,A,EMP_LFS,F,Y15-64,PC_POP,IS,2017-01-01,83.5,,
ESTAT:LFSI_EMP_A(1.0),16/04/26 23:00:00,A,EMP_LFS,F,Y15-64,PC_POP,IT,2017-01-01,48.9,,
ESTAT:LFSI_EMP_A(1.0),16/04/26 23:00:00,A,EMP_LFS,F,Y15-64,PC_POP,LT,2017-01-01,70.2,,
ESTAT:LFSI_EMP_A(1.0),16/04/26 23:00:00,A,EMP_LFS,F,Y15-64,PC_POP,LU,2017-01-01,62.5,,
ESTAT:LFSI_EMP_A(1.0),16/04/26 23:00:00,A,EMP_LFS,F,Y15-64,PC_POP,LV,2017-01-01,68.3,,
ESTAT:LFSI_EMP_A(1.0),16/04/26 23:00:00,A,EMP_LFS,F,Y15-64,PC_POP,ME,2017-01-01,46.8,,
ESTAT:LFSI_EMP_A(1.0),16/04/26 23:00:00,A,EMP_LFS,F,Y15-64,PC_POP,MK,2017-01-01,40.3,,
ESTAT:LFSI_EMP_A(1.0),16/04/26 23:00:00,A,EMP_LFS,F,Y15-64,PC_POP,MT,2017-01-01,57.6,,
ESTAT:LFSI_EMP_A(1.0),16/04/26 23:00:00,A,EMP_LFS,F,Y15-64,PC_POP,NL,2017-01-01,73.1,,
ESTAT:LFSI_EMP_A(1.0),16/04/26 23:00:00,A,EMP_LFS,F,Y15-64,PC_POP,NO,2017-01-01,73.9,,
ESTAT:LFSI_EMP_A(1.0),16/04/26 23:00:00,A,EMP_LFS,F,Y15-64,PC_POP,PL,2017-01-01,58.9,,
ESTAT:LFSI_EMP_A(1.0),16/04/26 23:00:00,A,EMP_LFS,F,Y15-64,PC_POP,PT,2017-01-01,64.1,,
ESTAT:LFSI_EMP_A(1.0),16/04/26 23:00:00,A,EMP_LFS,F,Y15-64,PC_POP,RO,2017-01-01,49.9,,
ESTAT:LFSI_EMP_A(1.0),16/04/26 23:00:00,A,EMP_LFS,F,Y15-64,PC_POP,RS,2017-01-01,49.3,,
ESTAT:LFSI_EMP_A(1.0),16/04/26 23:00:00,A,EMP_LFS,F,Y15-64,PC_POP,SE,2017-01-01,74.9,,
ESTAT:LFSI_EMP_A(1.0),16/04/26 23:00:00,A,EMP_LFS,F,Y15-64,PC_POP,SI,2017-01-01,65.4,,
ESTAT:LFSI_EMP_A(1.0),16/04/26 23:00:00,A,EMP_LFS,F,Y15-64,PC_POP,SK,2017-01-01,64.5,,
ESTAT:LFSI_EMP_A(1.0),16/04/26 23:00:00,A,EMP_LFS,F,Y15-64,PC_POP,TR,2017-01-01,32.2,,
ESTAT:LFSI_EMP_A(1.0),16/04/26 23:00:00,A,EMP_LFS,F,Y15-64,PC_POP,AT,2018-01-01,68.6,,
ESTAT:LFSI_EMP_A(1.0),16/04/26 23:00:00,A,EMP_LFS,F,Y15-64,PC_POP,BE,2018-01-01,60.7,,
ESTAT:LFSI_EMP_A(1.0),16/04/26 23:00:00,A,EMP_LFS,F,Y15-64,PC_POP,BG,2018-01-01,63.0,,
ESTAT:LFSI_EMP_A(1.0),16/04/26 23:00:00,A,EMP_LFS,F,Y15-64,PC_POP,CH,2018-01-01,75.7,,
ESTAT:LFSI_EMP_A(1.0),16/04/26 23:00:00,A,EMP_LFS,F,Y15-64,PC_POP,CY,2018-01-01,64.2,,
ESTAT:LFSI_EMP_A(1.0),16/04/26 23:00:00,A,EMP_LFS,F,Y15-64,PC_POP,CZ,2018-01-01,67.6,,
ESTAT:LFSI_EMP_A(1.0),16/04/26 23:00:00,A,EMP_LFS,F,Y15-64,PC_POP,DE,2018-01-01,71.3,,
ESTAT:LFSI_EMP_A(1.0),16/04/26 23:00:00,A,EMP_LFS,F,Y15-64,PC_POP,DK,2018-01-01,71.3,,
ESTAT:LFSI_EMP_A(1.0),16/04/26 23:00:00,A,EMP_LFS,F,Y15-64,PC_POP,EA20,2018-01-01,62.2,,
ESTAT:LFSI_EMP_A(1.0),16/04/26 23:00:00,A,EMP_LFS,F,Y15-64,PC_POP,EA21,2018-01-01,62.3,,
ESTAT:LFSI_EMP_A(1.0),16/04/26 23:00:00,A,EMP_LFS,F,Y15-64,PC_POP,EE,2018-01-01,72.5,,
ESTAT:LFSI_EMP_A(1.0),16/04/26 23:00:00,A,EMP_LFS,F,Y15-64,PC_POP,EL,2018-01-01,44.6,,
ESTAT:LFSI_EMP_A(1.0),16/04/26 23:00:00,A,EMP_LFS,F,Y15-64,PC_POP,ES,2018-01-01,56.9,,
ESTAT:LFSI_EMP_A(1.0),16/04/26 23:00:00,A,EMP_LFS,F,Y15-64,PC_POP,EU27_2020,2018-01-01,62.2,,
ESTAT:LFSI_EMP_A(1.0),16/04/26 23:00:00,A,EMP_LFS,F,Y15-64,PC_POP,FI,2018-01-01,69.7,,
ESTAT:LFSI_EMP_A(1.0),16/04/26 23:00:00,A,EMP_LFS,F,Y15-64,PC_POP,FR,2018-01-01,63.3,,
ESTAT:LFSI_EMP_A(1.0),16/04/26 23:00:00,A,EMP_LFS,F,Y15-64,PC_POP,HR,2018-01-01,55.7,,
ESTAT:LFSI_EMP_A(1.0),16/04/26 23:00:00,A,EMP_LFS,F,Y15-64,PC_POP,HU,2018-01-01,66.7,b,
ESTAT:LFSI_EMP_A(1.0),16/04/26 23:00:00,A,EMP_LFS,F,Y15-64,PC_POP,IE,2018-01-01,63.0,,
ESTAT:LFSI_EMP_A(1.0),16/04/26 23:00:00,A,EMP_LFS,F,Y15-64,PC_POP,IS,2018-01-01,82.5,,
ESTAT:LFSI_EMP_A(1.0),16/04/26 23:00:00,A,EMP_LFS,F,Y15-64,PC_POP,IT,2018-01-01,49.5,b,
ESTAT:LFSI_EMP_A(1.0),16/04/26 23:00:00,A,EMP_LFS,F,Y15-64,PC_POP,LT,2018-01-01,71.6,,
ESTAT:LFSI_EMP_A(1.0),16/04/26 23:00:00,A,EMP_LFS,F,Y15-64,PC_POP,LU,2018-01-01,63.4,,
ESTAT:LFSI_EMP_A(1.0),16/04/26 23:00:00,A,EMP_LFS,F,Y15-64,PC_POP,LV,2018-01-01,70.0,,
ESTAT:LFSI_EMP_A(1.0),16/04/26 23:00:00,A,EMP_LFS,F,Y15-64,PC_POP,ME,2018-01-01,48.4,,
ESTAT:LFSI_EMP_A(1.0),16/04/26 23:00:00,A,EMP_LFS,F,Y15-64,PC_POP,MK,2018-01-01,41.7,,
ESTAT:LFSI_EMP_A(1.0),16/04/26 23:00:00,A,EMP_LFS,F,Y15-64,PC_POP,MT,2018-01-01,60.7,,
ESTAT:LFSI_EMP_A(1.0),16/04/26 23:00:00,A,EMP_LFS,F,Y15-64,PC_POP,NL,2018-01-01,74.6,,
ESTAT:LFSI_EMP_A(1.0),16/04/26 23:00:00,A,EMP_LFS,F,Y15-64,PC_POP,NO,2018-01-01,74.2,,
ESTAT:LFSI_EMP_A(1.0),16/04/26 23:00:00,A,EMP_LFS,F,Y15-64,PC_POP,PL,2018-01-01,60.3,,
ESTAT:LFSI_EMP_A(1.0),16/04/26 23:00:00,A,EMP_LFS,F,Y15-64,PC_POP,PT,2018-01-01,66.3,,
ESTAT:LFSI_EMP_A(1.0),16/04/26 23:00:00,A,EMP_LFS,F,Y15-64,PC_POP,RO,2018-01-01,50.4,,
ESTAT:LFSI_EMP_A(1.0),16/04/26 23:00:00,A,EMP_LFS,F,Y15-64,PC_POP,RS,2018-01-01,50.6,,
ESTAT:LFSI_EMP_A(1.0),16/04/26 23:00:00,A,EMP_LFS,F,Y15-64,PC_POP,SE,2018-01-01,75.4,,
ESTAT:LFSI_EMP_A(1.0),16/04/26 23:00:00,A,EMP_LFS,F,Y15-64,PC_POP,SI,2018-01-01,67.1,,
ESTAT:LFSI_EMP_A(1.0),16/04/26 23:00:00,A,EMP_LFS,F,Y15-64,PC_POP,SK,2018-01-01,65.5,,
ESTAT:LFSI_EMP_A(1.0),16/04/26 23:00:00,A,EMP_LFS,F,Y15-64,PC_POP,TR,2018-01-01,32.9,,
ESTAT:LFSI_EMP_A(1.0),16/04/26 23:00:00,A,EMP_LFS,F,Y15-64,PC_POP,AT,2019-01-01,69.2,,
ESTAT:LFSI_EMP_A(1.0),16/04/26 23:00:00,A,EMP_LFS,F,Y15-64,PC_POP,BE,2019-01-01,61.7,,
ESTAT:LFSI_EMP_A(1.0),16/04/26 23:00:00,A,EMP_LFS,F,Y15-64,PC_POP,BG,2019-01-01,65.6,b,
ESTAT:LFSI_EMP_A(1.0),16/04/26 23:00:00,A,EMP_LFS,F,Y15-64,PC_POP,CH,2019-01-01,76.3,,
ESTAT:LFSI_EMP_A(1.0),16/04/26 23:00:00,A,EMP_LFS,F,Y15-64,PC_POP,CY,2019-01-01,66.6,,
ESTAT:LFSI_EMP_A(1.0),16/04/26 23:00:00,A,EMP_LFS,F,Y15-64,PC_POP,CZ,2019-01-01,68.1,,
ESTAT:LFSI_EMP_A(1.0),16/04/26 23:00:00,A,EMP_LFS,F,Y15-64,PC_POP,DE,2019-01-01,72.0,,
ESTAT:LFSI_EMP_A(1.0),16/04/26 23:00:00,A,EMP_LFS,F,Y15-64,PC_POP,DK,2019-01-01,72.0,,
ESTAT:LFSI_EMP_A(1.0),16/04/26 23:00:00,A,EMP_LFS,F,Y15-64,PC_POP,EA20,2019-01-01,63.1,,
ESTAT:LFSI_EMP_A(1.0),16/04/26 23:00:00,A,EMP_LFS,F,Y15-64,PC_POP,EA21,2019-01-01,63.1,,
ESTAT:LFSI_EMP_A(1.0),16/04/26 23:00:00,A,EMP_LFS,F,Y15-64,PC_POP,EE,2019-01-01,73.0,,
ESTAT:LFSI_EMP_A(1.0),16/04/26 23:00:00,A,EMP_LFS,F,Y15-64,PC_POP,EL,2019-01-01,46.6,,
ESTAT:LFSI_EMP_A(1.0),16/04/26 23:00:00,A,EMP_LFS,F,Y15-64,PC_POP,ES,2019-01-01,57.9,,
ESTAT:LFSI_EMP_A(1.0),16/04/26 23:00:00,A,EMP_LFS,F,Y15-64,PC_POP,EU27_2020,2019-01-01,63.0,,
ESTAT:LFSI_EMP_A(1.0),16/04/26 23:00:00,A,EMP_LFS,F,Y15-64,PC_POP,FI,2019-01-01,70.6,,
ESTAT:LFSI_EMP_A(1.0),16/04/26 23:00:00,A,EMP_LFS,F,Y15-64,PC_POP,FR,2019-01-01,63.8,,
ESTAT:LFSI_EMP_A(1.0),16/04/26 23:00:00,A,EMP_LFS,F,Y15-64,PC_POP,HR,2019-01-01,57.1,,
ESTAT:LFSI_EMP_A(1.0),16/04/26 23:00:00,A,EMP_LFS,F,Y15-64,PC_POP,HU,2019-01-01,67.2,,
ESTAT:LFSI_EMP_A(1.0),16/04/26 23:00:00,A,EMP_LFS,F,Y15-64,PC_POP,IE,2019-01-01,64.0,,
ESTAT:LFSI_EMP_A(1.0),16/04/26 23:00:00,A,EMP_LFS,F,Y15-64,PC_POP,IS,2019-01-01,81.9,,
ESTAT:LFSI_EMP_A(1.0),16/04/26 23:00:00,A,EMP_LFS,F,Y15-64,PC_POP,IT,2019-01-01,50.2,,
ESTAT:LFSI_EMP_A(1.0),16/04/26 23:00:00,A,EMP_LFS,F,Y15-64,PC_POP,LT,2019-01-01,72.5,,
ESTAT:LFSI_EMP_A(1.0),16/04/26 23:00:00,A,EMP_LFS,F,Y15-64,PC_POP,LU,2019-01-01,63.6,,
ESTAT:LFSI_EMP_A(1.0),16/04/26 23:00:00,A,EMP_LFS,F,Y15-64,PC_POP,LV,2019-01-01,70.7,,
ESTAT:LFSI_EMP_A(1.0),16/04/26 23:00:00,A,EMP_LFS,F,Y15-64,PC_POP,ME,2019-01-01,49.7,,
ESTAT:LFSI_EMP_A(1.0),16/04/26 23:00:00,A,EMP_LFS,F,Y15-64,PC_POP,MK,2019-01-01,44.7,,
ESTAT:LFSI_EMP_A(1.0),16/04/26 23:00:00,A,EMP_LFS,F,Y15-64,PC_POP,MT,2019-01-01,61.0,,
ESTAT:LFSI_EMP_A(1.0),16/04/26 23:00:00,A,EMP_LFS,F,Y15-64,PC_POP,NL,2019-01-01,75.9,,
ESTAT:LFSI_EMP_A(1.0),16/04/26 23:00:00,A,EMP_LFS,F,Y15-64,PC_POP,NO,2019-01-01,74.6,,
ESTAT:LFSI_EMP_A(1.0),16/04/26 23:00:00,A,EMP_LFS,F,Y15-64,PC_POP,PL,2019-01-01,61.0,b,
ESTAT:LFSI_EMP_A(1.0),16/04/26 23:00:00,A,EMP_LFS,F,Y15-64,PC_POP,PT,2019-01-01,67.0,,
ESTAT:LFSI_EMP_A(1.0),16/04/26 23:00:00,A,EMP_LFS,F,Y15-64,PC_POP,RO,2019-01-01,51.2,,
ESTAT:LFSI_EMP_A(1.0),16/04/26 23:00:00,A,EMP_LFS,F,Y15-64,PC_POP,RS,2019-01-01,51.8,,
ESTAT:LFSI_EMP_A(1.0),16/04/26 23:00:00,A,EMP_LFS,F,Y15-64,PC_POP,SE,2019-01-01,74.8,,
ESTAT:LFSI_EMP_A(1.0),16/04/26 23:00:00,A,EMP_LFS,F,Y15-64,PC_POP,SI,2019-01-01,68.2,,
ESTAT:LFSI_EMP_A(1.0),16/04/26 23:00:00,A,EMP_LFS,F,Y15-64,PC_POP,SK,2019-01-01,66.8,,
ESTAT:LFSI_EMP_A(1.0),16/04/26 23:00:00,A,EMP_LFS,F,Y15-64,PC_POP,TR,2019-01-01,32.2,,
ESTAT:LFSI_EMP_A(1.0),16/04/26 23:00:00,A,EMP_LFS,F,Y15-64,PC_POP,AT,2020-01-01,67.4,,
ESTAT:LFSI_EMP_A(1.0),16/04/26 23:00:00,A,EMP_LFS,F,Y15-64,PC_POP,BE,2020-01-01,60.8,,
ESTAT:LFSI_EMP_A(1.0),16/04/26 23:00:00,A,EMP_LFS,F,Y15-64,PC_POP,BG,2020-01-01,64.0,,
ESTAT:LFSI_EMP_A(1.0),16/04/26 23:00:00,A,EMP_LFS,F,Y15-64,PC_POP,CH,2020-01-01,75.9,,
ESTAT:LFSI_EMP_A(1.0),16/04/26 23:00:00,A,EMP_LFS,F,Y15-64,PC_POP,CY,2020-01-01,65.5,,
ESTAT:LFSI_EMP_A(1.0),16/04/26 23:00:00,A,EMP_LFS,F,Y15-64,PC_POP,CZ,2020-01-01,67.1,,
ESTAT:LFSI_EMP_A(1.0),16/04/26 23:00:00,A,EMP_LFS,F,Y15-64,PC_POP,DE,2020-01-01,71.1,b,
ESTAT:LFSI_EMP_A(1.0),16/04/26 23:00:00,A,EMP_LFS,F,Y15-64,PC_POP,DK,2020-01-01,71.5,,
ESTAT:LFSI_EMP_A(1.0),16/04/26 23:00:00,A,EMP_LFS,F,Y15-64,PC_POP,EA20,2020-01-01,61.9,,
ESTAT:LFSI_EMP_A(1.0),16/04/26 23:00:00,A,EMP_LFS,F,Y15-64,PC_POP,EA21,2020-01-01,62.0,,
ESTAT:LFSI_EMP_A(1.0),16/04/26 23:00:00,A,EMP_LFS,F,Y15-64,PC_POP,EE,2020-01-01,72.1,,
ESTAT:LFSI_EMP_A(1.0),16/04/26 23:00:00,A,EMP_LFS,F,Y15-64,PC_POP,EL,2020-01-01,44.7,,
ESTAT:LFSI_EMP_A(1.0),16/04/26 23:00:00,A,EMP_LFS,F,Y15-64,PC_POP,ES,2020-01-01,55.7,,
ESTAT:LFSI_EMP_A(1.0),16/04/26 23:00:00,A,EMP_LFS,F,Y15-64,PC_POP,EU27_2020,2020-01-01,62.0,,
ESTAT:LFSI_EMP_A(1.0),16/04/26 23:00:00,A,EMP_LFS,F,Y15-64,PC_POP,FI,2020-01-01,69.6,,
ESTAT:LFSI_EMP_A(1.0),16/04/26 23:00:00,A,EMP_LFS,F,Y15-64,PC_POP,FR,2020-01-01,63.6,,
ESTAT:LFSI_EMP_A(1.0),16/04/26 23:00:00,A,EMP_LFS,F,Y15-64,PC_POP,HR,2020-01-01,57.1,,
ESTAT:LFSI_EMP_A(1.0),16/04/26 23:00:00,A,EMP_LFS,F,Y15-64,PC_POP,HU,2020-01-01,67.0,,
ESTAT:LFSI_EMP_A(1.0),16/04/26 23:00:00,A,EMP_LFS,F,Y15-64,PC_POP,IE,2020-01-01,60.9,,
ESTAT:LFSI_EMP_A(1.0),16/04/26 23:00:00,A,EMP_LFS,F,Y15-64,PC_POP,IS,2020-01-01,77.8,b,
ESTAT:LFSI_EMP_A(1.0),16/04/26 23:00:00,A,EMP_LFS,F,Y15-64,PC_POP,IT,2020-01-01,48.4,,
ESTAT:LFSI_EMP_A(1.0),16/04/26 23:00:00,A,EMP_LFS,F,Y15-64,PC_POP,LT,2020-01-01,71.0,,
ESTAT:LFSI_EMP_A(1.0),16/04/26 23:00:00,A,EMP_LFS,F,Y15-64,PC_POP,LU,2020-01-01,63.9,,
ESTAT:LFSI_EMP_A(1.0),16/04/26 23:00:00,A,EMP_LFS,F,Y15-64,PC_POP,LV,2020-01-01,70.0,,
ESTAT:LFSI_EMP_A(1.0),16/04/26 23:00:00,A,EMP_LFS,F,Y15-64,PC_POP,ME,2020-01-01,44.4,,
ESTAT:LFSI_EMP_A(1.0),16/04/26 23:00:00,A,EMP_LFS,F,Y15-64,PC_POP,MK,2020-01-01,45.3,,
ESTAT:LFSI_EMP_A(1.0),16/04/26 23:00:00,A,EMP_LFS,F,Y15-64,PC_POP,MT,2020-01-01,62.7,,
ESTAT:LFSI_EMP_A(1.0),16/04/26 23:00:00,A,EMP_LFS,F,Y15-64,PC_POP,NL,2020-01-01,75.7,,
ESTAT:LFSI_EMP_A(1.0),16/04/26 23:00:00,A,EMP_LFS,F,Y15-64,PC_POP,NO,2020-01-01,74.3,,
ESTAT:LFSI_EMP_A(1.0),16/04/26 23:00:00,A,EMP_LFS,F,Y15-64,PC_POP,PL,2020-01-01,61.1,,
ESTAT:LFSI_EMP_A(1.0),16/04/26 23:00:00,A,EMP_LFS,F,Y15-64,PC_POP,PT,2020-01-01,66.0,,
ESTAT:LFSI_EMP_A(1.0),16/04/26 23:00:00,A,EMP_LFS,F,Y15-64,PC_POP,RO,2020-01-01,51.1,,
ESTAT:LFSI_EMP_A(1.0),16/04/26 23:00:00,A,EMP_LFS,F,Y15-64,PC_POP,RS,2020-01-01,52.4,,
ESTAT:LFSI_EMP_A(1.0),16/04/26 23:00:00,A,EMP_LFS,F,Y15-64,PC_POP,SE,2020-01-01,72.8,,
ESTAT:LFSI_EMP_A(1.0),16/04/26 23:00:00,A,EMP_LFS,F,Y15-64,PC_POP,SI,2020-01-01,67.1,,
ESTAT:LFSI_EMP_A(1.0),16/04/26 23:00:00,A,EMP_LFS,F,Y15-64,PC_POP,SK,2020-01-01,66.1,,
ESTAT:LFSI_EMP_A(1.0),16/04/26 23:00:00,A,EMP_LFS,F,Y15-64,PC_POP,TR,2020-01-01,29.7,,
ESTAT:LFSI_EMP_A(1.0),16/04/26 23:00:00,A,EMP_LFS,F,Y15-64,PC_POP,AT,2021-01-01,68.1,,
ESTAT:LFSI_EMP_A(1.0),16/04/26 23:00:00,A,EMP_LFS,F,Y15-64,PC_POP,BA,2021-01-01,36.3,,
ESTAT:LFSI_EMP_A(1.0),16/04/26 23:00:00,A,EMP_LFS,F,Y15-64,PC_POP,BE,2021-01-01,61.8,,
ESTAT:LFSI_EMP_A(1.0),16/04/26 23:00:00,A,EMP_LFS,F,Y15-64,PC_POP,BG,2021-01-01,64.6,,
ESTAT:LFSI_EMP_A(1.0),16/04/26 23:00:00,A,EMP_LFS,F,Y15-64,PC_POP,CH,2021-01-01,75.8,,
ESTAT:LFSI_EMP_A(1.0),16/04/26 23:00:00,A,EMP_LFS,F,Y15-64,PC_POP,CY,2021-01-01,66.9,,
ESTAT:LFSI_EMP_A(1.0),16/04/26 23:00:00,A,EMP_LFS,F,Y15-64,PC_POP,CZ,2021-01-01,67.1,,
ESTAT:LFSI_EMP_A(1.0),16/04/26 23:00:00,A,EMP_LFS,F,Y15-64,PC_POP,DE,2021-01-01,72.3,,
ESTAT:LFSI_EMP_A(1.0),16/04/26 23:00:00,A,EMP_LFS,F,Y15-64,PC_POP,DK,2021-01-01,72.5,,
ESTAT:LFSI_EMP_A(1.0),16/04/26 23:00:00,A,EMP_LFS,F,Y15-64,PC_POP,EA20,2021-01-01,63.2,,
ESTAT:LFSI_EMP_A(1.0),16/04/26 23:00:00,A,EMP_LFS,F,Y15-64,PC_POP,EA21,2021-01-01,63.2,,
ESTAT:LFSI_EMP_A(1.0),16/04/26 23:00:00,A,EMP_LFS,F,Y15-64,PC_POP,EE,2021-01-01,72.4,,
ESTAT:LFSI_EMP_A(1.0),16/04/26 23:00:00,A,EMP_LFS,F,Y15-64,PC_POP,EL,2021-01-01,48.2,,
ESTAT:LFSI_EMP_A(1.0),16/04/26 23:00:00,A,EMP_LFS,F,Y15-64,PC_POP,ES,2021-01-01,57.7,d,
ESTAT:LFSI_EMP_A(1.0),16/04/26 23:00:00,A,EMP_LFS,F,Y15-64,PC_POP,EU27_2020,2021-01-01,63.4,,
ESTAT:LFSI_EMP_A(1.0),16/04/26 23:00:00,A,EMP_LFS,F,Y15-64,PC_POP,FI,2021-01-01,71.7,,
ESTAT:LFSI_EMP_A(1.0),16/04/26 23:00:00,A,EMP_LFS,F,Y15-64,PC_POP,FR,2021-01-01,64.5,d,
ESTAT:LFSI_EMP_A(1.0),16/04/26 23:00:00,A,EMP_LFS,F,Y15-64,PC_POP,HR,2021-01-01,59.1,,
ESTAT:LFSI_EMP_A(1.0),16/04/26 23:00:00,A,EMP_LFS,F,Y15-64,PC_POP,HU,2021-01-01,68.3,,
ESTAT:LFSI_EMP_A(1.0),16/04/26 23:00:00,A,EMP_LFS,F,Y15-64,PC_POP,IE,2021-01-01,65.5,b,
ESTAT:LFSI_EMP_A(1.0),16/04/26 23:00:00,A,EMP_LFS,F,Y15-64,PC_POP,IS,2021-01-01,76.8,,
ESTAT:LFSI_EMP_A(1.0),16/04/26 23:00:00,A,EMP_LFS,F,Y15-64,PC_POP,IT,2021-01-01,49.4,,
ESTAT:LFSI_EMP_A(1.0),16/04/26 23:00:00,A,EMP_LFS,F,Y15-64,PC_POP,LT,2021-01-01,71.9,,
ESTAT:LFSI_EMP_A(1.0),16/04/26 23:00:00,A,EMP_LFS,F,Y15-64,PC_POP,LU,2021-01-01,66.0,,
ESTAT:LFSI_EMP_A(1.0),16/04/26 23:00:00,A,EMP_LFS,F,Y15-64,PC_POP,LV,2021-01-01,68.0,,
ESTAT:LFSI_EMP_A(1.0),16/04/26 23:00:00,A,EMP_LFS,F,Y15-64,PC_POP,MK,2021-01-01,47.5,b,
ESTAT:LFSI_EMP_A(1.0),16/04/26 23:00:00,A,EMP_LFS,F,Y15-64,PC_POP,MT,2021-01-01,65.4,,
ESTAT:LFSI_EMP_A(1.0),16/04/26 23:00:00,A,EMP_LFS,F,Y15-64,PC_POP,NL,2021-01-01,76.6,,
ESTAT:LFSI_EMP_A(1.0),16/04/26 23:00:00,A,EMP_LFS,F,Y15-64,PC_POP,NO,2021-01-01,74.3,,
ESTAT:LFSI_EMP_A(1.0),16/04/26 23:00:00,A,EMP_LFS,F,Y15-64,PC_POP,PL,2021-01-01,64.0,,
ESTAT:LFSI_EMP_A(1.0),16/04/26 23:00:00,A,EMP_LFS,F,Y15-64,PC_POP,PT,2021-01-01,67.2,,
ESTAT:LFSI_EMP_A(1.0),16/04/26 23:00:00,A,EMP_LFS,F,Y15-64,PC_POP,RO,2021-01-01,52.5,,
ESTAT:LFSI_EMP_A(1.0),16/04/26 23:00:00,A,EMP_LFS,F,Y15-64,PC_POP,RS,2021-01-01,54.8,,
ESTAT:LFSI_EMP_A(1.0),16/04/26 23:00:00,A,EMP_LFS,F,Y15-64,PC_POP,SE,2021-01-01,73.0,,
ESTAT:LFSI_EMP_A(1.0),16/04/26 23:00:00,A,EMP_LFS,F,Y15-64,PC_POP,SI,2021-01-01,68.1,,
ESTAT:LFSI_EMP_A(1.0),16/04/26 23:00:00,A,EMP_LFS,F,Y15-64,PC_POP,SK,2021-01-01,65.6,,
ESTAT:LFSI_EMP_A(1.0),16/04/26 23:00:00,A,EMP_LFS,F,Y15-64,PC_POP,TR,2021-01-01,31.8,b,
ESTAT:LFSI_EMP_A(1.0),16/04/26 23:00:00,A,EMP_LFS,F,Y15-64,PC_POP,AT,2022-01-01,70.0,,
ESTAT:LFSI_EMP_A(1.0),16/04/26 23:00:00,A,EMP_LFS,F,Y15-64,PC_POP,BA,2022-01-01,37.1,,
ESTAT:LFSI_EMP_A(1.0),16/04/26 23:00:00,A,EMP_LFS,F,Y15-64,PC_POP,BE,2022-01-01,63.2,,
ESTAT:LFSI_EMP_A(1.0),16/04/26 23:00:00,A,EMP_LFS,F,Y15-64,PC_POP,BG,2022-01-01,67.2,,
ESTAT:LFSI_EMP_A(1.0),16/04/26 23:00:00,A,EMP_LFS,F,Y15-64,PC_POP,CH,2022-01-01,76.1,,
ESTAT:LFSI_EMP_A(1.0),16/04/26 23:00:00,A,EMP_LFS,F,Y15-64,PC_POP,CY,2022-01-01,69.5,,
ESTAT:LFSI_EMP_A(1.0),16/04/26 23:00:00,A,EMP_LFS,F,Y15-64,PC_POP,CZ,2022-01-01,68.5,,
ESTAT:LFSI_EMP_A(1.0),16/04/26 23:00:00,A,EMP_LFS,F,Y15-64,PC_POP,DE,2022-01-01,73.3,,
ESTAT:LFSI_EMP_A(1.0),16/04/26 23:00:00,A,EMP_LFS,F,Y15-64,PC_POP,DK,2022-01-01,74.5,,
ESTAT:LFSI_EMP_A(1.0),16/04/26 23:00:00,A,EMP_LFS,F,Y15-64,PC_POP,EA20,2022-01-01,64.7,,
ESTAT:LFSI_EMP_A(1.0),16/04/26 23:00:00,A,EMP_LFS,F,Y15-64,PC_POP,EA21,2022-01-01,64.8,,
ESTAT:LFSI_EMP_A(1.0),16/04/26 23:00:00,A,EMP_LFS,F,Y15-64,PC_POP,EE,2022-01-01,75.3,,
ESTAT:LFSI_EMP_A(1.0),16/04/26 23:00:00,A,EMP_LFS,F,Y15-64,PC_POP,EL,2022-01-01,51.2,,
ESTAT:LFSI_EMP_A(1.0),16/04/26 23:00:00,A,EMP_LFS,F,Y15-64,PC_POP,ES,2022-01-01,59.2,d,
ESTAT:LFSI_EMP_A(1.0),16/04/26 23:00:00,A,EMP_LFS,F,Y15-64,PC_POP,EU27_2020,2022-01-01,64.9,,
ESTAT:LFSI_EMP_A(1.0),16/04/26 23:00:00,A,EMP_LFS,F,Y15-64,PC_POP,FI,2022-01-01,73.9,,
ESTAT:LFSI_EMP_A(1.0),16/04/26 23:00:00,A,EMP_LFS,F,Y15-64,PC_POP,FR,2022-01-01,65.6,d,
ESTAT:LFSI_EMP_A(1.0),16/04/26 23:00:00,A,EMP_LFS,F,Y15-64,PC_POP,HR,2022-01-01,60.8,,
ESTAT:LFSI_EMP_A(1.0),16/04/26 23:00:00,A,EMP_LFS,F,Y15-64,PC_POP,HU,2022-01-01,70.0,,
ESTAT:LFSI_EMP_A(1.0),16/04/26 23:00:00,A,EMP_LFS,F,Y15-64,PC_POP,IE,2022-01-01,68.4,,
ESTAT:LFSI_EMP_A(1.0),16/04/26 23:00:00,A,EMP_LFS,F,Y15-64,PC_POP,IS,2022-01-01,81.2,,
ESTAT:LFSI_EMP_A(1.0),16/04/26 23:00:00,A,EMP_LFS,F,Y15-64,PC_POP,IT,2022-01-01,51.1,,
ESTAT:LFSI_EMP_A(1.0),16/04/26 23:00:00,A,EMP_LFS,F,Y15-64,PC_POP,LT,2022-01-01,73.6,,
ESTAT:LFSI_EMP_A(1.0),16/04/26 23:00:00,A,EMP_LFS,F,Y15-64,PC_POP,LU,2022-01-01,67.1,,
ESTAT:LFSI_EMP_A(1.0),16/04/26 23:00:00,A,EMP_LFS,F,Y15-64,PC_POP,LV,2022-01-01,70.2,,
ESTAT:LFSI_EMP_A(1.0),16/04/26 23:00:00,A,EMP_LFS,F,Y15-64,PC_POP,MK,2022-01-01,47.5,,
ESTAT:LFSI_EMP_A(1.0),16/04/26 23:00:00,A,EMP_LFS,F,Y15-64,PC_POP,MT,2022-01-01,69.7,,
ESTAT:LFSI_EMP_A(1.0),16/04/26 23:00:00,A,EMP_LFS,F,Y15-64,PC_POP,NL,2022-01-01,78.1,,
ESTAT:LFSI_EMP_A(1.0),16/04/26 23:00:00,A,EMP_LFS,F,Y15-64,PC_POP,NO,2022-01-01,75.4,,
ESTAT:LFSI_EMP_A(1.0),16/04/26 23:00:00,A,EMP_LFS,F,Y15-64,PC_POP,PL,2022-01-01,65.5,,
ESTAT:LFSI_EMP_A(1.0),16/04/26 23:00:00,A,EMP_LFS,F,Y15-64,PC_POP,PT,2022-01-01,68.9,,
ESTAT:LFSI_EMP_A(1.0),16/04/26 23:00:00,A,EMP_LFS,F,Y15-64,PC_POP,RO,2022-01-01,54.4,,
ESTAT:LFSI_EMP_A(1.0),16/04/26 23:00:00,A,EMP_LFS,F,Y15-64,PC_POP,RS,2022-01-01,57.4,,
ESTAT:LFSI_EMP_A(1.0),16/04/26 23:00:00,A,EMP_LFS,F,Y15-64,PC_POP,SE,2022-01-01,74.6,,
ESTAT:LFSI_EMP_A(1.0),16/04/26 23:00:00,A,EMP_LFS,F,Y15-64,PC_POP,SI,2022-01-01,69.8,,
ESTAT:LFSI_EMP_A(1.0),16/04/26 23:00:00,A,EMP_LFS,F,Y15-64,PC_POP,SK,2022-01-01,67.6,,
ESTAT:LFSI_EMP_A(1.0),16/04/26 23:00:00,A,EMP_LFS,F,Y15-64,PC_POP,TR,2022-01-01,34.4,,
ESTAT:LFSI_EMP_A(1.0),16/04/26 23:00:00,A,EMP_LFS,F,Y15-64,PC_POP,AT,2023-01-01,70.3,,
ESTAT:LFSI_EMP_A(1.0),16/04/26 23:00:00,A,EMP_LFS,F,Y15-64,PC_POP,BA,2023-01-01,39.1,,
ESTAT:LFSI_EMP_A(1.0),16/04/26 23:00:00,A,EMP_LFS,F,Y15-64,PC_POP,BE,2023-01-01,63.3,,
ESTAT:LFSI_EMP_A(1.0),16/04/26 23:00:00,A,EMP_LFS,F,Y15-64,PC_POP,BG,2023-01-01,67.4,,
ESTAT:LFSI_EMP_A(1.0),16/04/26 23:00:00,A,EMP_LFS,F,Y15-64,PC_POP,CH,2023-01-01,76.8,,
ESTAT:LFSI_EMP_A(1.0),16/04/26 23:00:00,A,EMP_LFS,F,Y15-64,PC_POP,CY,2023-01-01,71.4,,
ESTAT:LFSI_EMP_A(1.0),16/04/26 23:00:00,A,EMP_LFS,F,Y15-64,PC_POP,CZ,2023-01-01,68.2,,
ESTAT:LFSI_EMP_A(1.0),16/04/26 23:00:00,A,EMP_LFS,F,Y15-64,PC_POP,DE,2023-01-01,73.7,,
ESTAT:LFSI_EMP_A(1.0),16/04/26 23:00:00,A,EMP_LFS,F,Y15-64,PC_POP,DK,2023-01-01,74.2,b,
ESTAT:LFSI_EMP_A(1.0),16/04/26 23:00:00,A,EMP_LFS,F,Y15-64,PC_POP,EA20,2023-01-01,65.5,,
ESTAT:LFSI_EMP_A(1.0),16/04/26 23:00:00,A,EMP_LFS,F,Y15-64,PC_POP,EA21,2023-01-01,65.6,,
ESTAT:LFSI_EMP_A(1.0),16/04/26 23:00:00,A,EMP_LFS,F,Y15-64,PC_POP,EE,2023-01-01,75.4,,
ESTAT:LFSI_EMP_A(1.0),16/04/26 23:00:00,A,EMP_LFS,F,Y15-64,PC_POP,EL,2023-01-01,52.8,,
ESTAT:LFSI_EMP_A(1.0),16/04/26 23:00:00,A,EMP_LFS,F,Y15-64,PC_POP,ES,2023-01-01,60.7,d,
ESTAT:LFSI_EMP_A(1.0),16/04/26 23:00:00,A,EMP_LFS,F,Y15-64,PC_POP,EU27_2020,2023-01-01,65.7,,
ESTAT:LFSI_EMP_A(1.0),16/04/26 23:00:00,A,EMP_LFS,F,Y15-64,PC_POP,FI,2023-01-01,74.1,,
ESTAT:LFSI_EMP_A(1.0),16/04/26 23:00:00,A,EMP_LFS,F,Y15-64,PC_POP,FR,2023-01-01,66.0,d,
ESTAT:LFSI_EMP_A(1.0),16/04/26 23:00:00,A,EMP_LFS,F,Y15-64,PC_POP,HR,2023-01-01,62.1,,
ESTAT:LFSI_EMP_A(1.0),16/04/26 23:00:00,A,EMP_LFS,F,Y15-64,PC_POP,HU,2023-01-01,70.6,,
ESTAT:LFSI_EMP_A(1.0),16/04/26 23:00:00,A,EMP_LFS,F,Y15-64,PC_POP,IE,2023-01-01,69.9,,
ESTAT:LFSI_EMP_A(1.0),16/04/26 23:00:00,A,EMP_LFS,F,Y15-64,PC_POP,IS,2023-01-01,81.3,,
ESTAT:LFSI_EMP_A(1.0),16/04/26 23:00:00,A,EMP_LFS,F,Y15-64,PC_POP,IT,2023-01-01,52.5,,
ESTAT:LFSI_EMP_A(1.0),16/04/26 23:00:00,A,EMP_LFS,F,Y15-64,PC_POP,LT,2023-01-01,72.6,,
ESTAT:LFSI_EMP_A(1.0),16/04/26 23:00:00,A,EMP_LFS,F,Y15-64,PC_POP,LU,2023-01-01,66.8,,
ESTAT:LFSI_EMP_A(1.0),16/04/26 23:00:00,A,EMP_LFS,F,Y15-64,PC_POP,LV,2023-01-01,70.2,,
ESTAT:LFSI_EMP_A(1.0),16/04/26 23:00:00,A,EMP_LFS,F,Y15-64,PC_POP,MK,2023-01-01,48.5,,
ESTAT:LFSI_EMP_A(1.0),16/04/26 23:00:00,A,EMP_LFS,F,Y15-64,PC_POP,MT,2023-01-01,70.3,,
ESTAT:LFSI_EMP_A(1.0),16/04/26 23:00:00,A,EMP_LFS,F,Y15-64,PC_POP,NL,2023-01-01,78.9,,
ESTAT:LFSI_EMP_A(1.0),16/04/26 23:00:00,A,EMP_LFS,F,Y15-64,PC_POP,NO,2023-01-01,75.3,,
ESTAT:LFSI_EMP_A(1.0),16/04/26 23:00:00,A,EMP_LFS,F,Y15-64,PC_POP,PL,2023-01-01,66.9,,
ESTAT:LFSI_EMP_A(1.0),16/04/26 23:00:00,A,EMP_LFS,F,Y15-64,PC_POP,PT,2023-01-01,70.2,,
ESTAT:LFSI_EMP_A(1.0),16/04/26 23:00:00,A,EMP_LFS,F,Y15-64,PC_POP,RO,2023-01-01,54.3,,
ESTAT:LFSI_EMP_A(1.0),16/04/26 23:00:00,A,EMP_LFS,F,Y15-64,PC_POP,RS,2023-01-01,58.9,,
ESTAT:LFSI_EMP_A(1.0),16/04/26 23:00:00,A,EMP_LFS,F,Y15-64,PC_POP,SE,2023-01-01,75.6,,
ESTAT:LFSI_EMP_A(1.0),16/04/26 23:00:00,A,EMP_LFS,F,Y15-64,PC_POP,SI,2023-01-01,69.4,,
ESTAT:LFSI_EMP_A(1.0),16/04/26 23:00:00,A,EMP_LFS,F,Y15-64,PC_POP,SK,2023-01-01,68.4,,
ESTAT:LFSI_EMP_A(1.0),16/04/26 23:00:00,A,EMP_LFS,F,Y15-64,PC_POP,TR,2023-01-01,35.5,,
ESTAT:LFSI_EMP_A(1.0),16/04/26 23:00:00,A,EMP_LFS,F,Y15-64,PC_POP,AT,2024-01-01,70.7,,
ESTAT:LFSI_EMP_A(1.0),16/04/26 23:00:00,A,EMP_LFS,F,Y15-64,PC_POP,BA,2024-01-01,41.0,,
ESTAT:LFSI_EMP_A(1.0),16/04/26 23:00:00,A,EMP_LFS,F,Y15-64,PC_POP,BE,2024-01-01,63.3,,
ESTAT:LFSI_EMP_A(1.0),16/04/26 23:00:00,A,EMP_LFS,F,Y15-64,PC_POP,BG,2024-01-01,67.6,b,
ESTAT:LFSI_EMP_A(1.0),16/04/26 23:00:00,A,EMP_LFS,F,Y15-64,PC_POP,CH,2024-01-01,77.0,,
ESTAT:LFSI_EMP_A(1.0),16/04/26 23:00:00,A,EMP_LFS,F,Y15-64,PC_POP,CY,2024-01-01,71.1,,
ESTAT:LFSI_EMP_A(1.0),16/04/26 23:00:00,A,EMP_LFS,F,Y15-64,PC_POP,CZ,2024-01-01,69.5,,
ESTAT:LFSI_EMP_A(1.0),16/04/26 23:00:00,A,EMP_LFS,F,Y15-64,PC_POP,DE,2024-01-01,74.1,,
ESTAT:LFSI_EMP_A(1.0),16/04/26 23:00:00,A,EMP_LFS,F,Y15-64,PC_POP,DK,2024-01-01,74.5,,
ESTAT:LFSI_EMP_A(1.0),16/04/26 23:00:00,A,EMP_LFS,F,Y15-64,PC_POP,EA20,2024-01-01,66.1,,
ESTAT:LFSI_EMP_A(1.0),16/04/26 23:00:00,A,EMP_LFS,F,Y15-64,PC_POP,EA21,2024-01-01,66.1,,
ESTAT:LFSI_EMP_A(1.0),16/04/26 23:00:00,A,EMP_LFS,F,Y15-64,PC_POP,EE,2024-01-01,75.2,,
ESTAT:LFSI_EMP_A(1.0),16/04/26 23:00:00,A,EMP_LFS,F,Y15-64,PC_POP,EL,2024-01-01,54.6,,
ESTAT:LFSI_EMP_A(1.0),16/04/26 23:00:00,A,EMP_LFS,F,Y15-64,PC_POP,ES,2024-01-01,61.6,d,
ESTAT:LFSI_EMP_A(1.0),16/04/26 23:00:00,A,EMP_LFS,F,Y15-64,PC_POP,EU27_2020,2024-01-01,66.2,,
ESTAT:LFSI_EMP_A(1.0),16/04/26 23:00:00,A,EMP_LFS,F,Y15-64,PC_POP,FI,2024-01-01,72.4,,
ESTAT:LFSI_EMP_A(1.0),16/04/26 23:00:00,A,EMP_LFS,F,Y15-64,PC_POP,FR,2024-01-01,66.4,d,
ESTAT:LFSI_EMP_A(1.0),16/04/26 23:00:00,A,EMP_LFS,F,Y15-64,PC_POP,HR,2024-01-01,65.4,,
ESTAT:LFSI_EMP_A(1.0),16/04/26 23:00:00,A,EMP_LFS,F,Y15-64,PC_POP,HU,2024-01-01,71.4,,
ESTAT:LFSI_EMP_A(1.0),16/04/26 23:00:00,A,EMP_LFS,F,Y15-64,PC_POP,IE,2024-01-01,70.6,,
ESTAT:LFSI_EMP_A(1.0),16/04/26 23:00:00,A,EMP_LFS,F,Y15-64,PC_POP,IS,2024-01-01,82.3,,
ESTAT:LFSI_EMP_A(1.0),16/04/26 23:00:00,A,EMP_LFS,F,Y15-64,PC_POP,IT,2024-01-01,53.3,,
ESTAT:LFSI_EMP_A(1.0),16/04/26 23:00:00,A,EMP_LFS,F,Y15-64,PC_POP,LT,2024-01-01,73.0,,
ESTAT:LFSI_EMP_A(1.0),16/04/26 23:00:00,A,EMP_LFS,F,Y15-64,PC_POP,LU,2024-01-01,67.2,,
ESTAT:LFSI_EMP_A(1.0),16/04/26 23:00:00,A,EMP_LFS,F,Y15-64,PC_POP,LV,2024-01-01,70.0,,
ESTAT:LFSI_EMP_A(1.0),16/04/26 23:00:00,A,EMP_LFS,F,Y15-64,PC_POP,MK,2024-01-01,49.6,,
ESTAT:LFSI_EMP_A(1.0),16/04/26 23:00:00,A,EMP_LFS,F,Y15-64,PC_POP,MT,2024-01-01,71.9,,
ESTAT:LFSI_EMP_A(1.0),16/04/26 23:00:00,A,EMP_LFS,F,Y15-64,PC_POP,NL,2024-01-01,78.9,,
ESTAT:LFSI_EMP_A(1.0),16/04/26 23:00:00,A,EMP_LFS,F,Y15-64,PC_POP,NO,2024-01-01,75.0,,
ESTAT:LFSI_EMP_A(1.0),16/04/26 23:00:00,A,EMP_LFS,F,Y15-64,PC_POP,PL,2024-01-01,67.2,,
ESTAT:LFSI_EMP_A(1.0),16/04/26 23:00:00,A,EMP_LFS,F,Y15-64,PC_POP,PT,2024-01-01,70.4,,
ESTAT:LFSI_EMP_A(1.0),16/04/26 23:00:00,A,EMP_LFS,F,Y15-64,PC_POP,RO,2024-01-01,55.3,,
ESTAT:LFSI_EMP_A(1.0),16/04/26 23:00:00,A,EMP_LFS,F,Y15-64,PC_POP,RS,2024-01-01,60.8,,
ESTAT:LFSI_EMP_A(1.0),16/04/26 23:00:00,A,EMP_LFS,F,Y15-64,PC_POP,SE,2024-01-01,75.2,,
ESTAT:LFSI_EMP_A(1.0),16/04/26 23:00:00,A,EMP_LFS,F,Y15-64,PC_POP,SI,2024-01-01,70.0,,
ESTAT:LFSI_EMP_A(1.0),16/04/26 23:00:00,A,EMP_LFS,F,Y15-64,PC_POP,SK,2024-01-01,68.3,,
ESTAT:LFSI_EMP_A(1.0),16/04/26 23:00:00,A,EMP_LFS,F,Y15-64,PC_POP,TR,2024-01-01,36.9,,
