DATAFLOW,LAST UPDATE,freq,spscheme,spdep,spdepm,unit,geo,TIME_PERIOD,OBS_VALUE,OBS_FLAG,CONF_STATUS
ESTAT:SPR_EXP_FFA(1.0),17/04/26 11:00:00,A,TOTAL,SPR,TOTAL,PC_GDP,AT,2003-01-01,3.18,,
ESTAT:SPR_EXP_FFA(1.0),17/04/26 11:00:00,A,TOTAL,SPR,TOTAL,PC_GDP,BE,2003-01-01,2.1,,
ESTAT:SPR_EXP_FFA(1.0),17/04/26 11:00:00,A,TOTAL,SPR,TOTAL,PC_GDP,CH,2003-01-01,1.56,,
ESTAT:SPR_EXP_FFA(1.0),17/04/26 11:00:00,A,TOTAL,SPR,TOTAL,PC_GDP,CY,2003-01-01,1.78,,
ESTAT:SPR_EXP_FFA(1.0),17/04/26 11:00:00,A,TOTAL,SPR,TOTAL,PC_GDP,CZ,2003-01-01,1.36,,
ESTAT:SPR_EXP_FFA(1.0),17/04/26 11:00:00,A,TOTAL,SPR,TOTAL,PC_GDP,DE,2003-01-01,3.2,,
ESTAT:SPR_EXP_FFA(1.0),17/04/26 11:00:00,A,TOTAL,SPR,TOTAL,PC_GDP,DK,2003-01-01,3.87,,
ESTAT:SPR_EXP_FFA(1.0),17/04/26 11:00:00,A,TOTAL,SPR,TOTAL,PC_GDP,EA19,2003-01-01,2.15,,
ESTAT:SPR_EXP_FFA(1.0),17/04/26 11:00:00,A,TOTAL,SPR,TOTAL,PC_GDP,EE,2003-01-01,1.23,,
ESTAT:SPR_EXP_FFA(1.0),17/04/26 11:00:00,A,TOTAL,SPR,TOTAL,PC_GDP,EL,2003-01-01,0.78,,
ESTAT:SPR_EXP_FFA(1.0),17/04/26 11:00:00,A,TOTAL,SPR,TOTAL,PC_GDP,ES,2003-01-01,1.05,,
ESTAT:SPR_EXP_FFA(1.0),17/04/26 11:00:00,A,TOTAL,SPR,TOTAL,PC_GDP,FI,2003-01-01,2.83,,
ESTAT:SPR_EXP_FFA(1.0),17/04/26 11:00:00,A,TOTAL,SPR,TOTAL,PC_GDP,FR,2003-01-01,2.62,,
ESTAT:SPR_EXP_FFA(1.0),17/04/26 11:00:00,A,TOTAL,SPR,TOTAL,PC_GDP,HU,2003-01-01,2.62,,
ESTAT:SPR_EXP_FFA(1.0),17/04/26 11:00:00,A,TOTAL,SPR,TOTAL,PC_GDP,IE,2003-01-01,2.39,,
ESTAT:SPR_EXP_FFA(1.0),17/04/26 11:00:00,A,TOTAL,SPR,TOTAL,PC_GDP,IS,2003-01-01,2.91,,
ESTAT:SPR_EXP_FFA(1.0),17/04/26 11:00:00,A,TOTAL,SPR,TOTAL,PC_GDP,IT,2003-01-01,0.91,,
ESTAT:SPR_EXP_FFA(1.0),17/04/26 11:00:00,A,TOTAL,SPR,TOTAL,PC_GDP,LT,2003-01-01,1.03,,
ESTAT:SPR_EXP_FFA(1.0),17/04/26 11:00:00,A,TOTAL,SPR,TOTAL,PC_GDP,LU,2003-01-01,3.76,,
ESTAT:SPR_EXP_FFA(1.0),17/04/26 11:00:00,A,TOTAL,SPR,TOTAL,PC_GDP,LV,2003-01-01,1.39,,
ESTAT:SPR_EXP_FFA(1.0),17/04/26 11:00:00,A,TOTAL,SPR,TOTAL,PC_GDP,MT,2003-01-01,1.15,,
ESTAT:SPR_EXP_FFA(1.0),17/04/26 11:00:00,A,TOTAL,SPR,TOTAL,PC_GDP,NL,2003-01-01,1.26,,
ESTAT:SPR_EXP_FFA(1.0),17/04/26 11:00:00,A,TOTAL,SPR,TOTAL,PC_GDP,NO,2003-01-01,3.33,,
ESTAT:SPR_EXP_FFA(1.0),17/04/26 11:00:00,A,TOTAL,SPR,TOTAL,PC_GDP,PL,2003-01-01,0.88,,
ESTAT:SPR_EXP_FFA(1.0),17/04/26 11:00:00,A,TOTAL,SPR,TOTAL,PC_GDP,PT,2003-01-01,1.39,,
ESTAT:SPR_EXP_FFA(1.0),17/04/26 11:00:00,A,TOTAL,SPR,TOTAL,PC_GDP,RO,2003-01-01,1.48,,
ESTAT:SPR_EXP_FFA(1.0),17/04/26 11:00:00,A,TOTAL,SPR,TOTAL,PC_GDP,SE,2003-01-01,2.87,p,
ESTAT:SPR_EXP_FFA(1.0),17/04/26 11:00:00,A,TOTAL,SPR,TOTAL,PC_GDP,SI,2003-01-01,1.98,,
ESTAT:SPR_EXP_FFA(1.0),17/04/26 11:00:00,A,TOTAL,SPR,TOTAL,PC_GDP,SK,2003-01-01,1.43,,
ESTAT:SPR_EXP_FFA(1.0),17/04/26 11:00:00,A,TOTAL,SPR,TOTAL,PC_GDP,TR,2003-01-01,0.22,,
ESTAT:SPR_EXP_FFA(1.0),17/04/26 11:00:00,A,TOTAL,SPR,TOTAL,PC_GDP,UK,2003-01-01,2.94,,
ESTAT:SPR_EXP_FFA(1.0),17/04/26 11:00:00,A,TOTAL,SPR,TOTAL,PC_GDP,AT,2004-01-01,3.13,,
ESTAT:SPR_EXP_FFA(1.0),17/04/26 11:00:00,A,TOTAL,SPR,TOTAL,PC_GDP,BE,2004-01-01,2.06,,
ESTAT:SPR_EXP_FFA(1.0),17/04/26 11:00:00,A,TOTAL,SPR,TOTAL,PC_GDP,CH,2004-01-01,1.52,,
ESTAT:SPR_EXP_FFA(1.0),17/04/26 11:00:00,A,TOTAL,SPR,TOTAL,PC_GDP,CY,2004-01-01,1.87,,
ESTAT:SPR_EXP_FFA(1.0),17/04/26 11:00:00,A,TOTAL,SPR,TOTAL,PC_GDP,CZ,2004-01-01,1.43,,
ESTAT:SPR_EXP_FFA(1.0),17/04/26 11:00:00,A,TOTAL,SPR,TOTAL,PC_GDP,DE,2004-01-01,3.14,,
ESTAT:SPR_EXP_FFA(1.0),17/04/26 11:00:00,A,TOTAL,SPR,TOTAL,PC_GDP,DK,2004-01-01,3.77,,
ESTAT:SPR_EXP_FFA(1.0),17/04/26 11:00:00,A,TOTAL,SPR,TOTAL,PC_GDP,EA19,2004-01-01,2.13,,
ESTAT:SPR_EXP_FFA(1.0),17/04/26 11:00:00,A,TOTAL,SPR,TOTAL,PC_GDP,EE,2004-01-01,1.61,,
ESTAT:SPR_EXP_FFA(1.0),17/04/26 11:00:00,A,TOTAL,SPR,TOTAL,PC_GDP,EL,2004-01-01,0.8,,
ESTAT:SPR_EXP_FFA(1.0),17/04/26 11:00:00,A,TOTAL,SPR,TOTAL,PC_GDP,ES,2004-01-01,1.08,,
ESTAT:SPR_EXP_FFA(1.0),17/04/26 11:00:00,A,TOTAL,SPR,TOTAL,PC_GDP,FI,2004-01-01,2.84,,
ESTAT:SPR_EXP_FFA(1.0),17/04/26 11:00:00,A,TOTAL,SPR,TOTAL,PC_GDP,FR,2004-01-01,2.65,,
ESTAT:SPR_EXP_FFA(1.0),17/04/26 11:00:00,A,TOTAL,SPR,TOTAL,PC_GDP,HU,2004-01-01,2.38,,
ESTAT:SPR_EXP_FFA(1.0),17/04/26 11:00:00,A,TOTAL,SPR,TOTAL,PC_GDP,IE,2004-01-01,2.36,,
ESTAT:SPR_EXP_FFA(1.0),17/04/26 11:00:00,A,TOTAL,SPR,TOTAL,PC_GDP,IS,2004-01-01,2.95,,
ESTAT:SPR_EXP_FFA(1.0),17/04/26 11:00:00,A,TOTAL,SPR,TOTAL,PC_GDP,IT,2004-01-01,0.92,,
ESTAT:SPR_EXP_FFA(1.0),17/04/26 11:00:00,A,TOTAL,SPR,TOTAL,PC_GDP,LT,2004-01-01,1.14,,
ESTAT:SPR_EXP_FFA(1.0),17/04/26 11:00:00,A,TOTAL,SPR,TOTAL,PC_GDP,LU,2004-01-01,3.68,,
ESTAT:SPR_EXP_FFA(1.0),17/04/26 11:00:00,A,TOTAL,SPR,TOTAL,PC_GDP,LV,2004-01-01,1.29,,
ESTAT:SPR_EXP_FFA(1.0),17/04/26 11:00:00,A,TOTAL,SPR,TOTAL,PC_GDP,MT,2004-01-01,1.12,,
ESTAT:SPR_EXP_FFA(1.0),17/04/26 11:00:00,A,TOTAL,SPR,TOTAL,PC_GDP,NL,2004-01-01,1.24,,
ESTAT:SPR_EXP_FFA(1.0),17/04/26 11:00:00,A,TOTAL,SPR,TOTAL,PC_GDP,NO,2004-01-01,3.09,,
ESTAT:SPR_EXP_FFA(1.0),17/04/26 11:00:00,A,TOTAL,SPR,TOTAL,PC_GDP,PL,2004-01-01,0.95,,
ESTAT:SPR_EXP_FFA(1.0),17/04/26 11:00:00,A,TOTAL,SPR,TOTAL,PC_GDP,PT,2004-01-01,1.16,,
ESTAT:SPR_EXP_FFA(1.0),17/04/26 11:00:00,A,TOTAL,SPR,TOTAL,PC_GDP,RO,2004-01-01,1.58,,
ESTAT:SPR_EXP_FFA(1.0),17/04/26 11:00:00,A,TOTAL,SPR,TOTAL,PC_GDP,SE,2004-01-01,2.84,p,
ESTAT:SPR_EXP_FFA(1.0),17/04/26 11:00:00,A,TOTAL,SPR,TOTAL,PC_GDP,SI,2004-01-01,1.95,,
ESTAT:SPR_EXP_FFA(1.0),17/04/26 11:00:00,A,TOTAL,SPR,TOTAL,PC_GDP,SK,2004-01-01,1.69,,
ESTAT:SPR_EXP_FFA(1.0),17/04/26 11:00:00,A,TOTAL,SPR,TOTAL,PC_GDP,TR,2004-01-01,0.23,,
ESTAT:SPR_EXP_FFA(1.0),17/04/26 11:00:00,A,TOTAL,SPR,TOTAL,PC_GDP,UK,2004-01-01,2.95,,
ESTAT:SPR_EXP_FFA(1.0),17/04/26 11:00:00,A,TOTAL,SPR,TOTAL,PC_GDP,AT,2005-01-01,3.05,,
ESTAT:SPR_EXP_FFA(1.0),17/04/26 11:00:00,A,TOTAL,SPR,TOTAL,PC_GDP,BE,2005-01-01,2.04,,
ESTAT:SPR_EXP_FFA(1.0),17/04/26 11:00:00,A,TOTAL,SPR,TOTAL,PC_GDP,BG,2005-01-01,0.96,,
ESTAT:SPR_EXP_FFA(1.0),17/04/26 11:00:00,A,TOTAL,SPR,TOTAL,PC_GDP,CH,2005-01-01,1.5,,
ESTAT:SPR_EXP_FFA(1.0),17/04/26 11:00:00,A,TOTAL,SPR,TOTAL,PC_GDP,CY,2005-01-01,1.92,,
ESTAT:SPR_EXP_FFA(1.0),17/04/26 11:00:00,A,TOTAL,SPR,TOTAL,PC_GDP,CZ,2005-01-01,1.67,,
ESTAT:SPR_EXP_FFA(1.0),17/04/26 11:00:00,A,TOTAL,SPR,TOTAL,PC_GDP,DE,2005-01-01,2.99,,
ESTAT:SPR_EXP_FFA(1.0),17/04/26 11:00:00,A,TOTAL,SPR,TOTAL,PC_GDP,DK,2005-01-01,3.69,,
ESTAT:SPR_EXP_FFA(1.0),17/04/26 11:00:00,A,TOTAL,SPR,TOTAL,PC_GDP,EA19,2005-01-01,2.08,,
ESTAT:SPR_EXP_FFA(1.0),17/04/26 11:00:00,A,TOTAL,SPR,TOTAL,PC_GDP,EE,2005-01-01,1.48,,
ESTAT:SPR_EXP_FFA(1.0),17/04/26 11:00:00,A,TOTAL,SPR,TOTAL,PC_GDP,EL,2005-01-01,0.8,,
ESTAT:SPR_EXP_FFA(1.0),17/04/26 11:00:00,A,TOTAL,SPR,TOTAL,PC_GDP,ES,2005-01-01,1.16,,
ESTAT:SPR_EXP_FFA(1.0),17/04/26 11:00:00,A,TOTAL,SPR,TOTAL,PC_GDP,FI,2005-01-01,2.86,,
ESTAT:SPR_EXP_FFA(1.0),17/04/26 11:00:00,A,TOTAL,SPR,TOTAL,PC_GDP,FR,2005-01-01,2.66,,
ESTAT:SPR_EXP_FFA(1.0),17/04/26 11:00:00,A,TOTAL,SPR,TOTAL,PC_GDP,HU,2005-01-01,2.42,,
ESTAT:SPR_EXP_FFA(1.0),17/04/26 11:00:00,A,TOTAL,SPR,TOTAL,PC_GDP,IE,2005-01-01,2.28,,
ESTAT:SPR_EXP_FFA(1.0),17/04/26 11:00:00,A,TOTAL,SPR,TOTAL,PC_GDP,IS,2005-01-01,2.81,,
ESTAT:SPR_EXP_FFA(1.0),17/04/26 11:00:00,A,TOTAL,SPR,TOTAL,PC_GDP,IT,2005-01-01,0.9,,
ESTAT:SPR_EXP_FFA(1.0),17/04/26 11:00:00,A,TOTAL,SPR,TOTAL,PC_GDP,LT,2005-01-01,1.15,,
ESTAT:SPR_EXP_FFA(1.0),17/04/26 11:00:00,A,TOTAL,SPR,TOTAL,PC_GDP,LU,2005-01-01,3.59,,
ESTAT:SPR_EXP_FFA(1.0),17/04/26 11:00:00,A,TOTAL,SPR,TOTAL,PC_GDP,LV,2005-01-01,1.29,,
ESTAT:SPR_EXP_FFA(1.0),17/04/26 11:00:00,A,TOTAL,SPR,TOTAL,PC_GDP,MT,2005-01-01,1.07,,
ESTAT:SPR_EXP_FFA(1.0),17/04/26 11:00:00,A,TOTAL,SPR,TOTAL,PC_GDP,NL,2005-01-01,1.26,,
ESTAT:SPR_EXP_FFA(1.0),17/04/26 11:00:00,A,TOTAL,SPR,TOTAL,PC_GDP,NO,2005-01-01,2.83,,
ESTAT:SPR_EXP_FFA(1.0),17/04/26 11:00:00,A,TOTAL,SPR,TOTAL,PC_GDP,PL,2005-01-01,0.92,,
ESTAT:SPR_EXP_FFA(1.0),17/04/26 11:00:00,A,TOTAL,SPR,TOTAL,PC_GDP,PT,2005-01-01,1.15,,
ESTAT:SPR_EXP_FFA(1.0),17/04/26 11:00:00,A,TOTAL,SPR,TOTAL,PC_GDP,RO,2005-01-01,1.86,,
ESTAT:SPR_EXP_FFA(1.0),17/04/26 11:00:00,A,TOTAL,SPR,TOTAL,PC_GDP,SE,2005-01-01,2.84,p,
ESTAT:SPR_EXP_FFA(1.0),17/04/26 11:00:00,A,TOTAL,SPR,TOTAL,PC_GDP,SI,2005-01-01,1.92,,
ESTAT:SPR_EXP_FFA(1.0),17/04/26 11:00:00,A,TOTAL,SPR,TOTAL,PC_GDP,SK,2005-01-01,1.64,,
ESTAT:SPR_EXP_FFA(1.0),17/04/26 11:00:00,A,TOTAL,SPR,TOTAL,PC_GDP,TR,2005-01-01,0.26,,
ESTAT:SPR_EXP_FFA(1.0),17/04/26 11:00:00,A,TOTAL,SPR,TOTAL,PC_GDP,UK,2005-01-01,3.21,,
ESTAT:SPR_EXP_FFA(1.0),17/04/26 11:00:00,A,TOTAL,SPR,TOTAL,PC_GDP,AT,2006-01-01,2.93,,
ESTAT:SPR_EXP_FFA(1.0),17/04/26 11:00:00,A,TOTAL,SPR,TOTAL,PC_GDP,BE,2006-01-01,2.04,,
ESTAT:SPR_EXP_FFA(1.0),17/04/26 11:00:00,A,TOTAL,SPR,TOTAL,PC_GDP,BG,2006-01-01,0.99,,
ESTAT:SPR_EXP_FFA(1.0),17/04/26 11:00:00,A,TOTAL,SPR,TOTAL,PC_GDP,CH,2006-01-01,1.45,,
ESTAT:SPR_EXP_FFA(1.0),17/04/26 11:00:00,A,TOTAL,SPR,TOTAL,PC_GDP,CY,2006-01-01,1.75,,
ESTAT:SPR_EXP_FFA(1.0),17/04/26 11:00:00,A,TOTAL,SPR,TOTAL,PC_GDP,CZ,2006-01-01,1.62,,
ESTAT:SPR_EXP_FFA(1.0),17/04/26 11:00:00,A,TOTAL,SPR,TOTAL,PC_GDP,DE,2006-01-01,2.76,,
ESTAT:SPR_EXP_FFA(1.0),17/04/26 11:00:00,A,TOTAL,SPR,TOTAL,PC_GDP,DK,2006-01-01,3.62,,
ESTAT:SPR_EXP_FFA(1.0),17/04/26 11:00:00,A,TOTAL,SPR,TOTAL,PC_GDP,EA19,2006-01-01,2.02,,
ESTAT:SPR_EXP_FFA(1.0),17/04/26 11:00:00,A,TOTAL,SPR,TOTAL,PC_GDP,EE,2006-01-01,1.43,,
ESTAT:SPR_EXP_FFA(1.0),17/04/26 11:00:00,A,TOTAL,SPR,TOTAL,PC_GDP,EL,2006-01-01,0.77,,
ESTAT:SPR_EXP_FFA(1.0),17/04/26 11:00:00,A,TOTAL,SPR,TOTAL,PC_GDP,ES,2006-01-01,1.18,,
ESTAT:SPR_EXP_FFA(1.0),17/04/26 11:00:00,A,TOTAL,SPR,TOTAL,PC_GDP,FI,2006-01-01,2.83,,
ESTAT:SPR_EXP_FFA(1.0),17/04/26 11:00:00,A,TOTAL,SPR,TOTAL,PC_GDP,FR,2006-01-01,2.6,,
ESTAT:SPR_EXP_FFA(1.0),17/04/26 11:00:00,A,TOTAL,SPR,TOTAL,PC_GDP,HU,2006-01-01,2.7,,
ESTAT:SPR_EXP_FFA(1.0),17/04/26 11:00:00,A,TOTAL,SPR,TOTAL,PC_GDP,IE,2006-01-01,2.31,,
ESTAT:SPR_EXP_FFA(1.0),17/04/26 11:00:00,A,TOTAL,SPR,TOTAL,PC_GDP,IS,2006-01-01,2.93,,
ESTAT:SPR_EXP_FFA(1.0),17/04/26 11:00:00,A,TOTAL,SPR,TOTAL,PC_GDP,IT,2006-01-01,0.95,,
ESTAT:SPR_EXP_FFA(1.0),17/04/26 11:00:00,A,TOTAL,SPR,TOTAL,PC_GDP,LT,2006-01-01,1.11,,
ESTAT:SPR_EXP_FFA(1.0),17/04/26 11:00:00,A,TOTAL,SPR,TOTAL,PC_GDP,LU,2006-01-01,3.36,,
ESTAT:SPR_EXP_FFA(1.0),17/04/26 11:00:00,A,TOTAL,SPR,TOTAL,PC_GDP,LV,2006-01-01,1.18,,
ESTAT:SPR_EXP_FFA(1.0),17/04/26 11:00:00,A,TOTAL,SPR,TOTAL,PC_GDP,MT,2006-01-01,1.03,,
ESTAT:SPR_EXP_FFA(1.0),17/04/26 11:00:00,A,TOTAL,SPR,TOTAL,PC_GDP,NL,2006-01-01,1.43,,
ESTAT:SPR_EXP_FFA(1.0),17/04/26 11:00:00,A,TOTAL,SPR,TOTAL,PC_GDP,NO,2006-01-01,2.72,,
ESTAT:SPR_EXP_FFA(1.0),17/04/26 11:00:00,A,TOTAL,SPR,TOTAL,PC_GDP,PL,2006-01-01,0.9,,
ESTAT:SPR_EXP_FFA(1.0),17/04/26 11:00:00,A,TOTAL,SPR,TOTAL,PC_GDP,PT,2006-01-01,1.14,,
ESTAT:SPR_EXP_FFA(1.0),17/04/26 11:00:00,A,TOTAL,SPR,TOTAL,PC_GDP,RO,2006-01-01,1.8,,
ESTAT:SPR_EXP_FFA(1.0),17/04/26 11:00:00,A,TOTAL,SPR,TOTAL,PC_GDP,SE,2006-01-01,2.88,p,
ESTAT:SPR_EXP_FFA(1.0),17/04/26 11:00:00,A,TOTAL,SPR,TOTAL,PC_GDP,SI,2006-01-01,1.88,,
ESTAT:SPR_EXP_FFA(1.0),17/04/26 11:00:00,A,TOTAL,SPR,TOTAL,PC_GDP,SK,2006-01-01,1.61,,
ESTAT:SPR_EXP_FFA(1.0),17/04/26 11:00:00,A,TOTAL,SPR,TOTAL,PC_GDP,TR,2006-01-01,0.24,,
ESTAT:SPR_EXP_FFA(1.0),17/04/26 11:00:00,A,TOTAL,SPR,TOTAL,PC_GDP,UK,2006-01-01,3.18,,
ESTAT:SPR_EXP_FFA(1.0),17/04/26 11:00:00,A,TOTAL,SPR,TOTAL,PC_GDP,AT,2007-01-01,2.8,,
ESTAT:SPR_EXP_FFA(1.0),17/04/26 11:00:00,A,TOTAL,SPR,TOTAL,PC_GDP,BE,2007-01-01,2.09,,
ESTAT:SPR_EXP_FFA(1.0),17/04/26 11:00:00,A,TOTAL,SPR,TOTAL,PC_GDP,BG,2007-01-01,1.12,,
ESTAT:SPR_EXP_FFA(1.0),17/04/26 11:00:00,A,TOTAL,SPR,TOTAL,PC_GDP,CH,2007-01-01,1.4,,
ESTAT:SPR_EXP_FFA(1.0),17/04/26 11:00:00,A,TOTAL,SPR,TOTAL,PC_GDP,CY,2007-01-01,1.75,,
ESTAT:SPR_EXP_FFA(1.0),17/04/26 11:00:00,A,TOTAL,SPR,TOTAL,PC_GDP,CZ,2007-01-01,1.86,,
ESTAT:SPR_EXP_FFA(1.0),17/04/26 11:00:00,A,TOTAL,SPR,TOTAL,PC_GDP,DE,2007-01-01,2.67,,
ESTAT:SPR_EXP_FFA(1.0),17/04/26 11:00:00,A,TOTAL,SPR,TOTAL,PC_GDP,DK,2007-01-01,3.85,b,
ESTAT:SPR_EXP_FFA(1.0),17/04/26 11:00:00,A,TOTAL,SPR,TOTAL,PC_GDP,EA19,2007-01-01,1.96,,
ESTAT:SPR_EXP_FFA(1.0),17/04/26 11:00:00,A,TOTAL,SPR,TOTAL,PC_GDP,EE,2007-01-01,1.36,,
ESTAT:SPR_EXP_FFA(1.0),17/04/26 11:00:00,A,TOTAL,SPR,TOTAL,PC_GDP,EL,2007-01-01,0.88,,
ESTAT:SPR_EXP_FFA(1.0),17/04/26 11:00:00,A,TOTAL,SPR,TOTAL,PC_GDP,ES,2007-01-01,1.23,,
ESTAT:SPR_EXP_FFA(1.0),17/04/26 11:00:00,A,TOTAL,SPR,TOTAL,PC_GDP,FI,2007-01-01,2.75,,
ESTAT:SPR_EXP_FFA(1.0),17/04/26 11:00:00,A,TOTAL,SPR,TOTAL,PC_GDP,FR,2007-01-01,2.56,,
ESTAT:SPR_EXP_FFA(1.0),17/04/26 11:00:00,A,TOTAL,SPR,TOTAL,PC_GDP,HU,2007-01-01,2.7,,
ESTAT:SPR_EXP_FFA(1.0),17/04/26 11:00:00,A,TOTAL,SPR,TOTAL,PC_GDP,IE,2007-01-01,2.4,,
ESTAT:SPR_EXP_FFA(1.0),17/04/26 11:00:00,A,TOTAL,SPR,TOTAL,PC_GDP,IS,2007-01-01,2.66,,
ESTAT:SPR_EXP_FFA(1.0),17/04/26 11:00:00,A,TOTAL,SPR,TOTAL,PC_GDP,IT,2007-01-01,0.98,,
ESTAT:SPR_EXP_FFA(1.0),17/04/26 11:00:00,A,TOTAL,SPR,TOTAL,PC_GDP,LT,2007-01-01,1.15,,
ESTAT:SPR_EXP_FFA(1.0),17/04/26 11:00:00,A,TOTAL,SPR,TOTAL,PC_GDP,LU,2007-01-01,2.94,,
ESTAT:SPR_EXP_FFA(1.0),17/04/26 11:00:00,A,TOTAL,SPR,TOTAL,PC_GDP,LV,2007-01-01,1.15,,
ESTAT:SPR_EXP_FFA(1.0),17/04/26 11:00:00,A,TOTAL,SPR,TOTAL,PC_GDP,MT,2007-01-01,0.99,,
ESTAT:SPR_EXP_FFA(1.0),17/04/26 11:00:00,A,TOTAL,SPR,TOTAL,PC_GDP,NL,2007-01-01,0.94,,
ESTAT:SPR_EXP_FFA(1.0),17/04/26 11:00:00,A,TOTAL,SPR,TOTAL,PC_GDP,NO,2007-01-01,2.75,,
ESTAT:SPR_EXP_FFA(1.0),17/04/26 11:00:00,A,TOTAL,SPR,TOTAL,PC_GDP,PL,2007-01-01,0.87,,
ESTAT:SPR_EXP_FFA(1.0),17/04/26 11:00:00,A,TOTAL,SPR,TOTAL,PC_GDP,PT,2007-01-01,1.15,,
ESTAT:SPR_EXP_FFA(1.0),17/04/26 11:00:00,A,TOTAL,SPR,TOTAL,PC_GDP,RO,2007-01-01,1.65,,
ESTAT:SPR_EXP_FFA(1.0),17/04/26 11:00:00,A,TOTAL,SPR,TOTAL,PC_GDP,SE,2007-01-01,2.82,p,
ESTAT:SPR_EXP_FFA(1.0),17/04/26 11:00:00,A,TOTAL,SPR,TOTAL,PC_GDP,SI,2007-01-01,1.71,,
ESTAT:SPR_EXP_FFA(1.0),17/04/26 11:00:00,A,TOTAL,SPR,TOTAL,PC_GDP,SK,2007-01-01,1.51,,
ESTAT:SPR_EXP_FFA(1.0),17/04/26 11:00:00,A,TOTAL,SPR,TOTAL,PC_GDP,TR,2007-01-01,0.31,,
ESTAT:SPR_EXP_FFA(1.0),17/04/26 11:00:00,A,TOTAL,SPR,TOTAL,PC_GDP,UK,2007-01-01,2.56,,
ESTAT:SPR_EXP_FFA(1.0),17/04/26 11:00:00,A,TOTAL,SPR,TOTAL,PC_GDP,AT,2008-01-01,2.88,,
ESTAT:SPR_EXP_FFA(1.0),17/04/26 11:00:00,A,TOTAL,SPR,TOTAL,PC_GDP,BE,2008-01-01,2.1,,
ESTAT:SPR_EXP_FFA(1.0),17/04/26 11:00:00,A,TOTAL,SPR,TOTAL,PC_GDP,BG,2008-01-01,1.29,,
ESTAT:SPR_EXP_FFA(1.0),17/04/26 11:00:00,A,TOTAL,SPR,TOTAL,PC_GDP,CH,2008-01-01,1.34,,
ESTAT:SPR_EXP_FFA(1.0),17/04/26 11:00:00,A,TOTAL,SPR,TOTAL,PC_GDP,CY,2008-01-01,1.88,,
ESTAT:SPR_EXP_FFA(1.0),17/04/26 11:00:00,A,TOTAL,SPR,TOTAL,PC_GDP,CZ,2008-01-01,1.91,,
ESTAT:SPR_EXP_FFA(1.0),17/04/26 11:00:00,A,TOTAL,SPR,TOTAL,PC_GDP,DE,2008-01-01,2.73,,
ESTAT:SPR_EXP_FFA(1.0),17/04/26 11:00:00,A,TOTAL,SPR,TOTAL,PC_GDP,DK,2008-01-01,3.89,,
ESTAT:SPR_EXP_FFA(1.0),17/04/26 11:00:00,A,TOTAL,SPR,TOTAL,PC_GDP,EA19,2008-01-01,2.03,,
ESTAT:SPR_EXP_FFA(1.0),17/04/26 11:00:00,A,TOTAL,SPR,TOTAL,PC_GDP,EA20,2008-01-01,2.02,,
ESTAT:SPR_EXP_FFA(1.0),17/04/26 11:00:00,A,TOTAL,SPR,TOTAL,PC_GDP,EA21,2008-01-01,2.02,,
ESTAT:SPR_EXP_FFA(1.0),17/04/26 11:00:00,A,TOTAL,SPR,TOTAL,PC_GDP,EE,2008-01-01,1.73,,
ESTAT:SPR_EXP_FFA(1.0),17/04/26 11:00:00,A,TOTAL,SPR,TOTAL,PC_GDP,EL,2008-01-01,0.88,,
ESTAT:SPR_EXP_FFA(1.0),17/04/26 11:00:00,A,TOTAL,SPR,TOTAL,PC_GDP,ES,2008-01-01,1.33,,
ESTAT:SPR_EXP_FFA(1.0),17/04/26 11:00:00,A,TOTAL,SPR,TOTAL,PC_GDP,EU27_2020,2008-01-01,2.06,p,
ESTAT:SPR_EXP_FFA(1.0),17/04/26 11:00:00,A,TOTAL,SPR,TOTAL,PC_GDP,FI,2008-01-01,2.81,,
ESTAT:SPR_EXP_FFA(1.0),17/04/26 11:00:00,A,TOTAL,SPR,TOTAL,PC_GDP,FR,2008-01-01,2.56,,
ESTAT:SPR_EXP_FFA(1.0),17/04/26 11:00:00,A,TOTAL,SPR,TOTAL,PC_GDP,HR,2008-01-01,1.44,,
ESTAT:SPR_EXP_FFA(1.0),17/04/26 11:00:00,A,TOTAL,SPR,TOTAL,PC_GDP,HU,2008-01-01,2.72,,
ESTAT:SPR_EXP_FFA(1.0),17/04/26 11:00:00,A,TOTAL,SPR,TOTAL,PC_GDP,IE,2008-01-01,2.82,,
ESTAT:SPR_EXP_FFA(1.0),17/04/26 11:00:00,A,TOTAL,SPR,TOTAL,PC_GDP,IS,2008-01-01,2.7,,
ESTAT:SPR_EXP_FFA(1.0),17/04/26 11:00:00,A,TOTAL,SPR,TOTAL,PC_GDP,IT,2008-01-01,1.01,,
ESTAT:SPR_EXP_FFA(1.0),17/04/26 11:00:00,A,TOTAL,SPR,TOTAL,PC_GDP,LT,2008-01-01,1.82,,
ESTAT:SPR_EXP_FFA(1.0),17/04/26 11:00:00,A,TOTAL,SPR,TOTAL,PC_GDP,LU,2008-01-01,3.55,,
ESTAT:SPR_EXP_FFA(1.0),17/04/26 11:00:00,A,TOTAL,SPR,TOTAL,PC_GDP,LV,2008-01-01,1.37,,
ESTAT:SPR_EXP_FFA(1.0),17/04/26 11:00:00,A,TOTAL,SPR,TOTAL,PC_GDP,MT,2008-01-01,1.13,,
ESTAT:SPR_EXP_FFA(1.0),17/04/26 11:00:00,A,TOTAL,SPR,TOTAL,PC_GDP,NL,2008-01-01,1.15,,
ESTAT:SPR_EXP_FFA(1.0),17/04/26 11:00:00,A,TOTAL,SPR,TOTAL,PC_GDP,NO,2008-01-01,2.67,,
ESTAT:SPR_EXP_FFA(1.0),17/04/26 11:00:00,A,TOTAL,SPR,TOTAL,PC_GDP,PL,2008-01-01,1.24,,
ESTAT:SPR_EXP_FFA(1.0),17/04/26 11:00:00,A,TOTAL,SPR,TOTAL,PC_GDP,PT,2008-01-01,1.23,,
ESTAT:SPR_EXP_FFA(1.0),17/04/26 11:00:00,A,TOTAL,SPR,TOTAL,PC_GDP,RO,2008-01-01,1.47,,
ESTAT:SPR_EXP_FFA(1.0),17/04/26 11:00:00,A,TOTAL,SPR,TOTAL,PC_GDP,RS,2008-01-01,0.94,,
ESTAT:SPR_EXP_FFA(1.0),17/04/26 11:00:00,A,TOTAL,SPR,TOTAL,PC_GDP,SE,2008-01-01,2.92,p,
ESTAT:SPR_EXP_FFA(1.0),17/04/26 11:00:00,A,TOTAL,SPR,TOTAL,PC_GDP,SI,2008-01-01,1.75,,
ESTAT:SPR_EXP_FFA(1.0),17/04/26 11:00:00,A,TOTAL,SPR,TOTAL,PC_GDP,SK,2008-01-01,1.45,,
ESTAT:SPR_EXP_FFA(1.0),17/04/26 11:00:00,A,TOTAL,SPR,TOTAL,PC_GDP,TR,2008-01-01,0.29,,
ESTAT:SPR_EXP_FFA(1.0),17/04/26 11:00:00,A,TOTAL,SPR,TOTAL,PC_GDP,UK,2008-01-01,2.62,,
ESTAT:SPR_EXP_FFA(1.0),17/04/26 11:00:00,A,TOTAL,SPR,TOTAL,PC_GDP,AT,2009-01-01,3.09,,
ESTAT:SPR_EXP_FFA(1.0),17/04/26 11:00:00,A,TOTAL,SPR,TOTAL,PC_GDP,BE,2009-01-01,2.26,,
ESTAT:SPR_EXP_FFA(1.0),17/04/26 11:00:00,A,TOTAL,SPR,TOTAL,PC_GDP,BG,2009-01-01,1.94,,
ESTAT:SPR_EXP_FFA(1.0),17/04/26 11:00:00,A,TOTAL,SPR,TOTAL,PC_GDP,CH,2009-01-01,1.45,,
ESTAT:SPR_EXP_FFA(1.0),17/04/26 11:00:00,A,TOTAL,SPR,TOTAL,PC_GDP,CY,2009-01-01,1.98,,
ESTAT:SPR_EXP_FFA(1.0),17/04/26 11:00:00,A,TOTAL,SPR,TOTAL,PC_GDP,CZ,2009-01-01,1.96,,
ESTAT:SPR_EXP_FFA(1.0),17/04/26 11:00:00,A,TOTAL,SPR,TOTAL,PC_GDP,DE,2009-01-01,3.04,,
ESTAT:SPR_EXP_FFA(1.0),17/04/26 11:00:00,A,TOTAL,SPR,TOTAL,PC_GDP,DK,2009-01-01,4.31,,
ESTAT:SPR_EXP_FFA(1.0),17/04/26 11:00:00,A,TOTAL,SPR,TOTAL,PC_GDP,EA19,2009-01-01,2.23,,
ESTAT:SPR_EXP_FFA(1.0),17/04/26 11:00:00,A,TOTAL,SPR,TOTAL,PC_GDP,EA20,2009-01-01,2.22,,
ESTAT:SPR_EXP_FFA(1.0),17/04/26 11:00:00,A,TOTAL,SPR,TOTAL,PC_GDP,EA21,2009-01-01,2.22,,
ESTAT:SPR_EXP_FFA(1.0),17/04/26 11:00:00,A,TOTAL,SPR,TOTAL,PC_GDP,EE,2009-01-01,2.22,,
ESTAT:SPR_EXP_FFA(1.0),17/04/26 11:00:00,A,TOTAL,SPR,TOTAL,PC_GDP,EL,2009-01-01,0.99,,
ESTAT:SPR_EXP_FFA(1.0),17/04/26 11:00:00,A,TOTAL,SPR,TOTAL,PC_GDP,ES,2009-01-01,1.48,,
ESTAT:SPR_EXP_FFA(1.0),17/04/26 11:00:00,A,TOTAL,SPR,TOTAL,PC_GDP,EU27_2020,2009-01-01,2.26,p,
ESTAT:SPR_EXP_FFA(1.0),17/04/26 11:00:00,A,TOTAL,SPR,TOTAL,PC_GDP,FI,2009-01-01,3.16,,
ESTAT:SPR_EXP_FFA(1.0),17/04/26 11:00:00,A,TOTAL,SPR,TOTAL,PC_GDP,FR,2009-01-01,2.69,,
ESTAT:SPR_EXP_FFA(1.0),17/04/26 11:00:00,A,TOTAL,SPR,TOTAL,PC_GDP,HR,2009-01-01,1.57,,
ESTAT:SPR_EXP_FFA(1.0),17/04/26 11:00:00,A,TOTAL,SPR,TOTAL,PC_GDP,HU,2009-01-01,2.86,,
ESTAT:SPR_EXP_FFA(1.0),17/04/26 11:00:00,A,TOTAL,SPR,TOTAL,PC_GDP,IE,2009-01-01,3.23,,
ESTAT:SPR_EXP_FFA(1.0),17/04/26 11:00:00,A,TOTAL,SPR,TOTAL,PC_GDP,IS,2009-01-01,2.91,,
ESTAT:SPR_EXP_FFA(1.0),17/04/26 11:00:00,A,TOTAL,SPR,TOTAL,PC_GDP,IT,2009-01-01,1.17,,
ESTAT:SPR_EXP_FFA(1.0),17/04/26 11:00:00,A,TOTAL,SPR,TOTAL,PC_GDP,LT,2009-01-01,2.75,,
ESTAT:SPR_EXP_FFA(1.0),17/04/26 11:00:00,A,TOTAL,SPR,TOTAL,PC_GDP,LU,2009-01-01,3.77,,
ESTAT:SPR_EXP_FFA(1.0),17/04/26 11:00:00,A,TOTAL,SPR,TOTAL,PC_GDP,LV,2009-01-01,1.75,,
ESTAT:SPR_EXP_FFA(1.0),17/04/26 11:00:00,A,TOTAL,SPR,TOTAL,PC_GDP,MT,2009-01-01,1.15,,
ESTAT:SPR_EXP_FFA(1.0),17/04/26 11:00:00,A,TOTAL,SPR,TOTAL,PC_GDP,NL,2009-01-01,1.26,,
ESTAT:SPR_EXP_FFA(1.0),17/04/26 11:00:00,A,TOTAL,SPR,TOTAL,PC_GDP,NO,2009-01-01,3.11,,
ESTAT:SPR_EXP_FFA(1.0),17/04/26 11:00:00,A,TOTAL,SPR,TOTAL,PC_GDP,PL,2009-01-01,1.28,,
ESTAT:SPR_EXP_FFA(1.0),17/04/26 11:00:00,A,TOTAL,SPR,TOTAL,PC_GDP,PT,2009-01-01,1.36,,
ESTAT:SPR_EXP_FFA(1.0),17/04/26 11:00:00,A,TOTAL,SPR,TOTAL,PC_GDP,RO,2009-01-01,1.64,,
ESTAT:SPR_EXP_FFA(1.0),17/04/26 11:00:00,A,TOTAL,SPR,TOTAL,PC_GDP,RS,2009-01-01,1.07,,
ESTAT:SPR_EXP_FFA(1.0),17/04/26 11:00:00,A,TOTAL,SPR,TOTAL,PC_GDP,SE,2009-01-01,3.06,p,
ESTAT:SPR_EXP_FFA(1.0),17/04/26 11:00:00,A,TOTAL,SPR,TOTAL,PC_GDP,SI,2009-01-01,2.08,,
ESTAT:SPR_EXP_FFA(1.0),17/04/26 11:00:00,A,TOTAL,SPR,TOTAL,PC_GDP,SK,2009-01-01,1.68,,
ESTAT:SPR_EXP_FFA(1.0),17/04/26 11:00:00,A,TOTAL,SPR,TOTAL,PC_GDP,TR,2009-01-01,0.34,,
ESTAT:SPR_EXP_FFA(1.0),17/04/26 11:00:00,A,TOTAL,SPR,TOTAL,PC_GDP,UK,2009-01-01,2.95,,
ESTAT:SPR_EXP_FFA(1.0),17/04/26 11:00:00,A,TOTAL,SPR,TOTAL,PC_GDP,AT,2010-01-01,3.13,,
ESTAT:SPR_EXP_FFA(1.0),17/04/26 11:00:00,A,TOTAL,SPR,TOTAL,PC_GDP,BE,2010-01-01,2.22,,
ESTAT:SPR_EXP_FFA(1.0),17/04/26 11:00:00,A,TOTAL,SPR,TOTAL,PC_GDP,BG,2010-01-01,1.93,,
ESTAT:SPR_EXP_FFA(1.0),17/04/26 11:00:00,A,TOTAL,SPR,TOTAL,PC_GDP,CH,2010-01-01,1.46,,
ESTAT:SPR_EXP_FFA(1.0),17/04/26 11:00:00,A,TOTAL,SPR,TOTAL,PC_GDP,CY,2010-01-01,1.94,,
ESTAT:SPR_EXP_FFA(1.0),17/04/26 11:00:00,A,TOTAL,SPR,TOTAL,PC_GDP,CZ,2010-01-01,1.89,,
ESTAT:SPR_EXP_FFA(1.0),17/04/26 11:00:00,A,TOTAL,SPR,TOTAL,PC_GDP,DE,2010-01-01,3.1,,
ESTAT:SPR_EXP_FFA(1.0),17/04/26 11:00:00,A,TOTAL,SPR,TOTAL,PC_GDP,DK,2010-01-01,4.17,,
ESTAT:SPR_EXP_FFA(1.0),17/04/26 11:00:00,A,TOTAL,SPR,TOTAL,PC_GDP,EA19,2010-01-01,2.2,,
ESTAT:SPR_EXP_FFA(1.0),17/04/26 11:00:00,A,TOTAL,SPR,TOTAL,PC_GDP,EA20,2010-01-01,2.2,,
ESTAT:SPR_EXP_FFA(1.0),17/04/26 11:00:00,A,TOTAL,SPR,TOTAL,PC_GDP,EA21,2010-01-01,2.19,,
ESTAT:SPR_EXP_FFA(1.0),17/04/26 11:00:00,A,TOTAL,SPR,TOTAL,PC_GDP,EE,2010-01-01,2.22,,
ESTAT:SPR_EXP_FFA(1.0),17/04/26 11:00:00,A,TOTAL,SPR,TOTAL,PC_GDP,EL,2010-01-01,1.03,,
ESTAT:SPR_EXP_FFA(1.0),17/04/26 11:00:00,A,TOTAL,SPR,TOTAL,PC_GDP,ES,2010-01-01,1.46,,
ESTAT:SPR_EXP_FFA(1.0),17/04/26 11:00:00,A,TOTAL,SPR,TOTAL,PC_GDP,EU27_2020,2010-01-01,2.23,p,
ESTAT:SPR_EXP_FFA(1.0),17/04/26 11:00:00,A,TOTAL,SPR,TOTAL,PC_GDP,FI,2010-01-01,3.14,,
ESTAT:SPR_EXP_FFA(1.0),17/04/26 11:00:00,A,TOTAL,SPR,TOTAL,PC_GDP,FR,2010-01-01,2.58,,
ESTAT:SPR_EXP_FFA(1.0),17/04/26 11:00:00,A,TOTAL,SPR,TOTAL,PC_GDP,HR,2010-01-01,1.58,,
ESTAT:SPR_EXP_FFA(1.0),17/04/26 11:00:00,A,TOTAL,SPR,TOTAL,PC_GDP,HU,2010-01-01,2.84,,
ESTAT:SPR_EXP_FFA(1.0),17/04/26 11:00:00,A,TOTAL,SPR,TOTAL,PC_GDP,IE,2010-01-01,2.95,,
ESTAT:SPR_EXP_FFA(1.0),17/04/26 11:00:00,A,TOTAL,SPR,TOTAL,PC_GDP,IS,2010-01-01,2.82,,
ESTAT:SPR_EXP_FFA(1.0),17/04/26 11:00:00,A,TOTAL,SPR,TOTAL,PC_GDP,IT,2010-01-01,1.05,,
ESTAT:SPR_EXP_FFA(1.0),17/04/26 11:00:00,A,TOTAL,SPR,TOTAL,PC_GDP,LT,2010-01-01,2.22,,
ESTAT:SPR_EXP_FFA(1.0),17/04/26 11:00:00,A,TOTAL,SPR,TOTAL,PC_GDP,LU,2010-01-01,3.62,,
ESTAT:SPR_EXP_FFA(1.0),17/04/26 11:00:00,A,TOTAL,SPR,TOTAL,PC_GDP,LV,2010-01-01,1.54,,
ESTAT:SPR_EXP_FFA(1.0),17/04/26 11:00:00,A,TOTAL,SPR,TOTAL,PC_GDP,MT,2010-01-01,1.09,,
ESTAT:SPR_EXP_FFA(1.0),17/04/26 11:00:00,A,TOTAL,SPR,TOTAL,PC_GDP,NL,2010-01-01,1.22,,
ESTAT:SPR_EXP_FFA(1.0),17/04/26 11:00:00,A,TOTAL,SPR,TOTAL,PC_GDP,NO,2010-01-01,3.07,,
ESTAT:SPR_EXP_FFA(1.0),17/04/26 11:00:00,A,TOTAL,SPR,TOTAL,PC_GDP,PL,2010-01-01,1.34,,
ESTAT:SPR_EXP_FFA(1.0),17/04/26 11:00:00,A,TOTAL,SPR,TOTAL,PC_GDP,PT,2010-01-01,1.33,,
ESTAT:SPR_EXP_FFA(1.0),17/04/26 11:00:00,A,TOTAL,SPR,TOTAL,PC_GDP,RO,2010-01-01,1.65,,
ESTAT:SPR_EXP_FFA(1.0),17/04/26 11:00:00,A,TOTAL,SPR,TOTAL,PC_GDP,RS,2010-01-01,1.12,,
ESTAT:SPR_EXP_FFA(1.0),17/04/26 11:00:00,A,TOTAL,SPR,TOTAL,PC_GDP,SE,2010-01-01,2.96,p,
ESTAT:SPR_EXP_FFA(1.0),17/04/26 11:00:00,A,TOTAL,SPR,TOTAL,PC_GDP,SI,2010-01-01,2.13,,
ESTAT:SPR_EXP_FFA(1.0),17/04/26 11:00:00,A,TOTAL,SPR,TOTAL,PC_GDP,SK,2010-01-01,1.68,,
ESTAT:SPR_EXP_FFA(1.0),17/04/26 11:00:00,A,TOTAL,SPR,TOTAL,PC_GDP,TR,2010-01-01,0.31,,
ESTAT:SPR_EXP_FFA(1.0),17/04/26 11:00:00,A,TOTAL,SPR,TOTAL,PC_GDP,UK,2010-01-01,3.1,,
ESTAT:SPR_EXP_FFA(1.0),17/04/26 11:00:00,A,TOTAL,SPR,TOTAL,PC_GDP,AT,2011-01-01,2.87,,
ESTAT:SPR_EXP_FFA(1.0),17/04/26 11:00:00,A,TOTAL,SPR,TOTAL,PC_GDP,BE,2011-01-01,2.24,,
ESTAT:SPR_EXP_FFA(1.0),17/04/26 11:00:00,A,TOTAL,SPR,TOTAL,PC_GDP,BG,2011-01-01,1.79,,
ESTAT:SPR_EXP_FFA(1.0),17/04/26 11:00:00,A,TOTAL,SPR,TOTAL,PC_GDP,CH,2011-01-01,1.45,,
ESTAT:SPR_EXP_FFA(1.0),17/04/26 11:00:00,A,TOTAL,SPR,TOTAL,PC_GDP,CY,2011-01-01,1.85,,
ESTAT:SPR_EXP_FFA(1.0),17/04/26 11:00:00,A,TOTAL,SPR,TOTAL,PC_GDP,CZ,2011-01-01,1.72,,
ESTAT:SPR_EXP_FFA(1.0),17/04/26 11:00:00,A,TOTAL,SPR,TOTAL,PC_GDP,DE,2011-01-01,3.0,,
ESTAT:SPR_EXP_FFA(1.0),17/04/26 11:00:00,A,TOTAL,SPR,TOTAL,PC_GDP,DK,2011-01-01,3.96,,
ESTAT:SPR_EXP_FFA(1.0),17/04/26 11:00:00,A,TOTAL,SPR,TOTAL,PC_GDP,EA19,2011-01-01,2.15,,
ESTAT:SPR_EXP_FFA(1.0),17/04/26 11:00:00,A,TOTAL,SPR,TOTAL,PC_GDP,EA20,2011-01-01,2.14,,
ESTAT:SPR_EXP_FFA(1.0),17/04/26 11:00:00,A,TOTAL,SPR,TOTAL,PC_GDP,EA21,2011-01-01,2.14,,
ESTAT:SPR_EXP_FFA(1.0),17/04/26 11:00:00,A,TOTAL,SPR,TOTAL,PC_GDP,EE,2011-01-01,1.91,,
ESTAT:SPR_EXP_FFA(1.0),17/04/26 11:00:00,A,TOTAL,SPR,TOTAL,PC_GDP,EL,2011-01-01,1.08,,
ESTAT:SPR_EXP_FFA(1.0),17/04/26 11:00:00,A,TOTAL,SPR,TOTAL,PC_GDP,ES,2011-01-01,1.37,,
ESTAT:SPR_EXP_FFA(1.0),17/04/26 11:00:00,A,TOTAL,SPR,TOTAL,PC_GDP,EU27_2020,2011-01-01,2.18,p,
ESTAT:SPR_EXP_FFA(1.0),17/04/26 11:00:00,A,TOTAL,SPR,TOTAL,PC_GDP,FI,2011-01-01,3.12,,
ESTAT:SPR_EXP_FFA(1.0),17/04/26 11:00:00,A,TOTAL,SPR,TOTAL,PC_GDP,FR,2011-01-01,2.51,,
ESTAT:SPR_EXP_FFA(1.0),17/04/26 11:00:00,A,TOTAL,SPR,TOTAL,PC_GDP,HR,2011-01-01,1.55,,
ESTAT:SPR_EXP_FFA(1.0),17/04/26 11:00:00,A,TOTAL,SPR,TOTAL,PC_GDP,HU,2011-01-01,2.7,,
ESTAT:SPR_EXP_FFA(1.0),17/04/26 11:00:00,A,TOTAL,SPR,TOTAL,PC_GDP,IE,2011-01-01,2.75,,
ESTAT:SPR_EXP_FFA(1.0),17/04/26 11:00:00,A,TOTAL,SPR,TOTAL,PC_GDP,IS,2011-01-01,2.57,,
ESTAT:SPR_EXP_FFA(1.0),17/04/26 11:00:00,A,TOTAL,SPR,TOTAL,PC_GDP,IT,2011-01-01,1.08,,
ESTAT:SPR_EXP_FFA(1.0),17/04/26 11:00:00,A,TOTAL,SPR,TOTAL,PC_GDP,LT,2011-01-01,1.69,,
ESTAT:SPR_EXP_FFA(1.0),17/04/26 11:00:00,A,TOTAL,SPR,TOTAL,PC_GDP,LU,2011-01-01,3.38,,
ESTAT:SPR_EXP_FFA(1.0),17/04/26 11:00:00,A,TOTAL,SPR,TOTAL,PC_GDP,LV,2011-01-01,1.2,,
ESTAT:SPR_EXP_FFA(1.0),17/04/26 11:00:00,A,TOTAL,SPR,TOTAL,PC_GDP,MT,2011-01-01,1.11,,
ESTAT:SPR_EXP_FFA(1.0),17/04/26 11:00:00,A,TOTAL,SPR,TOTAL,PC_GDP,NL,2011-01-01,1.19,,
ESTAT:SPR_EXP_FFA(1.0),17/04/26 11:00:00,A,TOTAL,SPR,TOTAL,PC_GDP,NO,2011-01-01,3.02,,
ESTAT:SPR_EXP_FFA(1.0),17/04/26 11:00:00,A,TOTAL,SPR,TOTAL,PC_GDP,PL,2011-01-01,1.29,,
ESTAT:SPR_EXP_FFA(1.0),17/04/26 11:00:00,A,TOTAL,SPR,TOTAL,PC_GDP,PT,2011-01-01,1.18,,
ESTAT:SPR_EXP_FFA(1.0),17/04/26 11:00:00,A,TOTAL,SPR,TOTAL,PC_GDP,RO,2011-01-01,1.64,,
ESTAT:SPR_EXP_FFA(1.0),17/04/26 11:00:00,A,TOTAL,SPR,TOTAL,PC_GDP,RS,2011-01-01,1.1,,
ESTAT:SPR_EXP_FFA(1.0),17/04/26 11:00:00,A,TOTAL,SPR,TOTAL,PC_GDP,SE,2011-01-01,2.95,p,
ESTAT:SPR_EXP_FFA(1.0),17/04/26 11:00:00,A,TOTAL,SPR,TOTAL,PC_GDP,SI,2011-01-01,2.15,,
ESTAT:SPR_EXP_FFA(1.0),17/04/26 11:00:00,A,TOTAL,SPR,TOTAL,PC_GDP,SK,2011-01-01,1.69,,
ESTAT:SPR_EXP_FFA(1.0),17/04/26 11:00:00,A,TOTAL,SPR,TOTAL,PC_GDP,TR,2011-01-01,0.33,,
ESTAT:SPR_EXP_FFA(1.0),17/04/26 11:00:00,A,TOTAL,SPR,TOTAL,PC_GDP,UK,2011-01-01,3.08,,
ESTAT:SPR_EXP_FFA(1.0),17/04/26 11:00:00,A,TOTAL,SPR,TOTAL,PC_GDP,AT,2012-01-01,2.8,,
ESTAT:SPR_EXP_FFA(1.0),17/04/26 11:00:00,A,TOTAL,SPR,TOTAL,PC_GDP,BE,2012-01-01,2.13,,
ESTAT:SPR_EXP_FFA(1.0),17/04/26 11:00:00,A,TOTAL,SPR,TOTAL,PC_GDP,BG,2012-01-01,1.72,,
ESTAT:SPR_EXP_FFA(1.0),17/04/26 11:00:00,A,TOTAL,SPR,TOTAL,PC_GDP,CH,2012-01-01,1.48,,
ESTAT:SPR_EXP_FFA(1.0),17/04/26 11:00:00,A,TOTAL,SPR,TOTAL,PC_GDP,CY,2012-01-01,1.51,,
ESTAT:SPR_EXP_FFA(1.0),17/04/26 11:00:00,A,TOTAL,SPR,TOTAL,PC_GDP,CZ,2012-01-01,1.76,,
ESTAT:SPR_EXP_FFA(1.0),17/04/26 11:00:00,A,TOTAL,SPR,TOTAL,PC_GDP,DE,2012-01-01,3.06,,
ESTAT:SPR_EXP_FFA(1.0),17/04/26 11:00:00,A,TOTAL,SPR,TOTAL,PC_GDP,DK,2012-01-01,3.84,,
ESTAT:SPR_EXP_FFA(1.0),17/04/26 11:00:00,A,TOTAL,SPR,TOTAL,PC_GDP,EA19,2012-01-01,2.17,,
ESTAT:SPR_EXP_FFA(1.0),17/04/26 11:00:00,A,TOTAL,SPR,TOTAL,PC_GDP,EA20,2012-01-01,2.17,,
ESTAT:SPR_EXP_FFA(1.0),17/04/26 11:00:00,A,TOTAL,SPR,TOTAL,PC_GDP,EA21,2012-01-01,2.16,,
ESTAT:SPR_EXP_FFA(1.0),17/04/26 11:00:00,A,TOTAL,SPR,TOTAL,PC_GDP,EE,2012-01-01,1.69,,
ESTAT:SPR_EXP_FFA(1.0),17/04/26 11:00:00,A,TOTAL,SPR,TOTAL,PC_GDP,EL,2012-01-01,1.0,,
ESTAT:SPR_EXP_FFA(1.0),17/04/26 11:00:00,A,TOTAL,SPR,TOTAL,PC_GDP,ES,2012-01-01,1.34,,
ESTAT:SPR_EXP_FFA(1.0),17/04/26 11:00:00,A,TOTAL,SPR,TOTAL,PC_GDP,EU27_2020,2012-01-01,2.19,p,
ESTAT:SPR_EXP_FFA(1.0),17/04/26 11:00:00,A,TOTAL,SPR,TOTAL,PC_GDP,FI,2012-01-01,3.22,,
ESTAT:SPR_EXP_FFA(1.0),17/04/26 11:00:00,A,TOTAL,SPR,TOTAL,PC_GDP,FR,2012-01-01,2.53,,
ESTAT:SPR_EXP_FFA(1.0),17/04/26 11:00:00,A,TOTAL,SPR,TOTAL,PC_GDP,HR,2012-01-01,1.55,,
ESTAT:SPR_EXP_FFA(1.0),17/04/26 11:00:00,A,TOTAL,SPR,TOTAL,PC_GDP,HU,2012-01-01,2.59,,
ESTAT:SPR_EXP_FFA(1.0),17/04/26 11:00:00,A,TOTAL,SPR,TOTAL,PC_GDP,IE,2012-01-01,2.66,,
ESTAT:SPR_EXP_FFA(1.0),17/04/26 11:00:00,A,TOTAL,SPR,TOTAL,PC_GDP,IS,2012-01-01,2.47,,
ESTAT:SPR_EXP_FFA(1.0),17/04/26 11:00:00,A,TOTAL,SPR,TOTAL,PC_GDP,IT,2012-01-01,1.11,,
ESTAT:SPR_EXP_FFA(1.0),17/04/26 11:00:00,A,TOTAL,SPR,TOTAL,PC_GDP,LT,2012-01-01,1.36,,
ESTAT:SPR_EXP_FFA(1.0),17/04/26 11:00:00,A,TOTAL,SPR,TOTAL,PC_GDP,LU,2012-01-01,3.39,,
ESTAT:SPR_EXP_FFA(1.0),17/04/26 11:00:00,A,TOTAL,SPR,TOTAL,PC_GDP,LV,2012-01-01,1.04,,
ESTAT:SPR_EXP_FFA(1.0),17/04/26 11:00:00,A,TOTAL,SPR,TOTAL,PC_GDP,MT,2012-01-01,1.08,,
ESTAT:SPR_EXP_FFA(1.0),17/04/26 11:00:00,A,TOTAL,SPR,TOTAL,PC_GDP,NL,2012-01-01,1.09,,
ESTAT:SPR_EXP_FFA(1.0),17/04/26 11:00:00,A,TOTAL,SPR,TOTAL,PC_GDP,NO,2012-01-01,2.96,,
ESTAT:SPR_EXP_FFA(1.0),17/04/26 11:00:00,A,TOTAL,SPR,TOTAL,PC_GDP,PL,2012-01-01,1.34,,
ESTAT:SPR_EXP_FFA(1.0),17/04/26 11:00:00,A,TOTAL,SPR,TOTAL,PC_GDP,PT,2012-01-01,1.22,,
ESTAT:SPR_EXP_FFA(1.0),17/04/26 11:00:00,A,TOTAL,SPR,TOTAL,PC_GDP,RO,2012-01-01,1.25,,
ESTAT:SPR_EXP_FFA(1.0),17/04/26 11:00:00,A,TOTAL,SPR,TOTAL,PC_GDP,RS,2012-01-01,1.11,,
ESTAT:SPR_EXP_FFA(1.0),17/04/26 11:00:00,A,TOTAL,SPR,TOTAL,PC_GDP,SE,2012-01-01,3.04,p,
ESTAT:SPR_EXP_FFA(1.0),17/04/26 11:00:00,A,TOTAL,SPR,TOTAL,PC_GDP,SI,2012-01-01,2.08,,
ESTAT:SPR_EXP_FFA(1.0),17/04/26 11:00:00,A,TOTAL,SPR,TOTAL,PC_GDP,SK,2012-01-01,1.72,,
ESTAT:SPR_EXP_FFA(1.0),17/04/26 11:00:00,A,TOTAL,SPR,TOTAL,PC_GDP,TR,2012-01-01,0.35,,
ESTAT:SPR_EXP_FFA(1.0),17/04/26 11:00:00,A,TOTAL,SPR,TOTAL,PC_GDP,UK,2012-01-01,3.02,,
ESTAT:SPR_EXP_FFA(1.0),17/04/26 11:00:00,A,TOTAL,SPR,TOTAL,PC_GDP,AT,2013-01-01,2.82,,
ESTAT:SPR_EXP_FFA(1.0),17/04/26 11:00:00,A,TOTAL,SPR,TOTAL,PC_GDP,BA,2013-01-01,0.55,,
ESTAT:SPR_EXP_FFA(1.0),17/04/26 11:00:00,A,TOTAL,SPR,TOTAL,PC_GDP,BE,2013-01-01,2.14,,
ESTAT:SPR_EXP_FFA(1.0),17/04/26 11:00:00,A,TOTAL,SPR,TOTAL,PC_GDP,BG,2013-01-01,1.81,,
ESTAT:SPR_EXP_FFA(1.0),17/04/26 11:00:00,A,TOTAL,SPR,TOTAL,PC_GDP,CH,2013-01-01,1.49,,
ESTAT:SPR_EXP_FFA(1.0),17/04/26 11:00:00,A,TOTAL,SPR,TOTAL,PC_GDP,CY,2013-01-01,1.47,,
ESTAT:SPR_EXP_FFA(1.0),17/04/26 11:00:00,A,TOTAL,SPR,TOTAL,PC_GDP,CZ,2013-01-01,1.73,,
ESTAT:SPR_EXP_FFA(1.0),17/04/26 11:00:00,A,TOTAL,SPR,TOTAL,PC_GDP,DE,2013-01-01,3.09,,
ESTAT:SPR_EXP_FFA(1.0),17/04/26 11:00:00,A,TOTAL,SPR,TOTAL,PC_GDP,DK,2013-01-01,3.75,,
ESTAT:SPR_EXP_FFA(1.0),17/04/26 11:00:00,A,TOTAL,SPR,TOTAL,PC_GDP,EA19,2013-01-01,2.19,,
ESTAT:SPR_EXP_FFA(1.0),17/04/26 11:00:00,A,TOTAL,SPR,TOTAL,PC_GDP,EA20,2013-01-01,2.19,,
ESTAT:SPR_EXP_FFA(1.0),17/04/26 11:00:00,A,TOTAL,SPR,TOTAL,PC_GDP,EA21,2013-01-01,2.18,,
ESTAT:SPR_EXP_FFA(1.0),17/04/26 11:00:00,A,TOTAL,SPR,TOTAL,PC_GDP,EE,2013-01-01,1.6,,
ESTAT:SPR_EXP_FFA(1.0),17/04/26 11:00:00,A,TOTAL,SPR,TOTAL,PC_GDP,EL,2013-01-01,1.14,,
ESTAT:SPR_EXP_FFA(1.0),17/04/26 11:00:00,A,TOTAL,SPR,TOTAL,PC_GDP,ES,2013-01-01,1.36,,
ESTAT:SPR_EXP_FFA(1.0),17/04/26 11:00:00,A,TOTAL,SPR,TOTAL,PC_GDP,EU27_2020,2013-01-01,2.21,p,
ESTAT:SPR_EXP_FFA(1.0),17/04/26 11:00:00,A,TOTAL,SPR,TOTAL,PC_GDP,FI,2013-01-01,3.25,,
ESTAT:SPR_EXP_FFA(1.0),17/04/26 11:00:00,A,TOTAL,SPR,TOTAL,PC_GDP,FR,2013-01-01,2.55,,
ESTAT:SPR_EXP_FFA(1.0),17/04/26 11:00:00,A,TOTAL,SPR,TOTAL,PC_GDP,HR,2013-01-01,1.53,,
ESTAT:SPR_EXP_FFA(1.0),17/04/26 11:00:00,A,TOTAL,SPR,TOTAL,PC_GDP,HU,2013-01-01,2.47,,
ESTAT:SPR_EXP_FFA(1.0),17/04/26 11:00:00,A,TOTAL,SPR,TOTAL,PC_GDP,IE,2013-01-01,2.42,,
ESTAT:SPR_EXP_FFA(1.0),17/04/26 11:00:00,A,TOTAL,SPR,TOTAL,PC_GDP,IS,2013-01-01,2.55,,
ESTAT:SPR_EXP_FFA(1.0),17/04/26 11:00:00,A,TOTAL,SPR,TOTAL,PC_GDP,IT,2013-01-01,1.13,,
ESTAT:SPR_EXP_FFA(1.0),17/04/26 11:00:00,A,TOTAL,SPR,TOTAL,PC_GDP,LT,2013-01-01,1.12,,
ESTAT:SPR_EXP_FFA(1.0),17/04/26 11:00:00,A,TOTAL,SPR,TOTAL,PC_GDP,LU,2013-01-01,3.31,,
ESTAT:SPR_EXP_FFA(1.0),17/04/26 11:00:00,A,TOTAL,SPR,TOTAL,PC_GDP,LV,2013-01-01,1.22,,
ESTAT:SPR_EXP_FFA(1.0),17/04/26 11:00:00,A,TOTAL,SPR,TOTAL,PC_GDP,MT,2013-01-01,1.08,,
ESTAT:SPR_EXP_FFA(1.0),17/04/26 11:00:00,A,TOTAL,SPR,TOTAL,PC_GDP,NL,2013-01-01,1.01,,
ESTAT:SPR_EXP_FFA(1.0),17/04/26 11:00:00,A,TOTAL,SPR,TOTAL,PC_GDP,NO,2013-01-01,2.99,,
ESTAT:SPR_EXP_FFA(1.0),17/04/26 11:00:00,A,TOTAL,SPR,TOTAL,PC_GDP,PL,2013-01-01,1.42,,
ESTAT:SPR_EXP_FFA(1.0),17/04/26 11:00:00,A,TOTAL,SPR,TOTAL,PC_GDP,PT,2013-01-01,1.19,,
ESTAT:SPR_EXP_FFA(1.0),17/04/26 11:00:00,A,TOTAL,SPR,TOTAL,PC_GDP,RO,2013-01-01,1.22,,
ESTAT:SPR_EXP_FFA(1.0),17/04/26 11:00:00,A,TOTAL,SPR,TOTAL,PC_GDP,RS,2013-01-01,1.12,,
ESTAT:SPR_EXP_FFA(1.0),17/04/26 11:00:00,A,TOTAL,SPR,TOTAL,PC_GDP,SE,2013-01-01,3.1,p,
ESTAT:SPR_EXP_FFA(1.0),17/04/26 11:00:00,A,TOTAL,SPR,TOTAL,PC_GDP,SI,2013-01-01,1.95,,
ESTAT:SPR_EXP_FFA(1.0),17/04/26 11:00:00,A,TOTAL,SPR,TOTAL,PC_GDP,SK,2013-01-01,1.71,,
ESTAT:SPR_EXP_FFA(1.0),17/04/26 11:00:00,A,TOTAL,SPR,TOTAL,PC_GDP,TR,2013-01-01,0.38,,
ESTAT:SPR_EXP_FFA(1.0),17/04/26 11:00:00,A,TOTAL,SPR,TOTAL,PC_GDP,UK,2013-01-01,2.85,,
ESTAT:SPR_EXP_FFA(1.0),17/04/26 11:00:00,A,TOTAL,SPR,TOTAL,PC_GDP,AT,2014-01-01,2.78,,
ESTAT:SPR_EXP_FFA(1.0),17/04/26 11:00:00,A,TOTAL,SPR,TOTAL,PC_GDP,BA,2014-01-01,0.52,,
ESTAT:SPR_EXP_FFA(1.0),17/04/26 11:00:00,A,TOTAL,SPR,TOTAL,PC_GDP,BE,2014-01-01,2.16,,
ESTAT:SPR_EXP_FFA(1.0),17/04/26 11:00:00,A,TOTAL,SPR,TOTAL,PC_GDP,BG,2014-01-01,1.91,,
ESTAT:SPR_EXP_FFA(1.0),17/04/26 11:00:00,A,TOTAL,SPR,TOTAL,PC_GDP,CH,2014-01-01,1.51,,
ESTAT:SPR_EXP_FFA(1.0),17/04/26 11:00:00,A,TOTAL,SPR,TOTAL,PC_GDP,CY,2014-01-01,1.43,,
ESTAT:SPR_EXP_FFA(1.0),17/04/26 11:00:00,A,TOTAL,SPR,TOTAL,PC_GDP,CZ,2014-01-01,1.62,,
ESTAT:SPR_EXP_FFA(1.0),17/04/26 11:00:00,A,TOTAL,SPR,TOTAL,PC_GDP,DE,2014-01-01,3.08,,
ESTAT:SPR_EXP_FFA(1.0),17/04/26 11:00:00,A,TOTAL,SPR,TOTAL,PC_GDP,DK,2014-01-01,3.65,,
ESTAT:SPR_EXP_FFA(1.0),17/04/26 11:00:00,A,TOTAL,SPR,TOTAL,PC_GDP,EA19,2014-01-01,2.18,,
ESTAT:SPR_EXP_FFA(1.0),17/04/26 11:00:00,A,TOTAL,SPR,TOTAL,PC_GDP,EA20,2014-01-01,2.18,,
ESTAT:SPR_EXP_FFA(1.0),17/04/26 11:00:00,A,TOTAL,SPR,TOTAL,PC_GDP,EA21,2014-01-01,2.18,,
ESTAT:SPR_EXP_FFA(1.0),17/04/26 11:00:00,A,TOTAL,SPR,TOTAL,PC_GDP,EE,2014-01-01,1.58,,
ESTAT:SPR_EXP_FFA(1.0),17/04/26 11:00:00,A,TOTAL,SPR,TOTAL,PC_GDP,EL,2014-01-01,1.14,,
ESTAT:SPR_EXP_FFA(1.0),17/04/26 11:00:00,A,TOTAL,SPR,TOTAL,PC_GDP,ES,2014-01-01,1.32,,
ESTAT:SPR_EXP_FFA(1.0),17/04/26 11:00:00,A,TOTAL,SPR,TOTAL,PC_GDP,EU27_2020,2014-01-01,2.2,p,
ESTAT:SPR_EXP_FFA(1.0),17/04/26 11:00:00,A,TOTAL,SPR,TOTAL,PC_GDP,FI,2014-01-01,3.22,,
ESTAT:SPR_EXP_FFA(1.0),17/04/26 11:00:00,A,TOTAL,SPR,TOTAL,PC_GDP,FR,2014-01-01,2.55,,
ESTAT:SPR_EXP_FFA(1.0),17/04/26 11:00:00,A,TOTAL,SPR,TOTAL,PC_GDP,HR,2014-01-01,1.89,,
ESTAT:SPR_EXP_FFA(1.0),17/04/26 11:00:00,A,TOTAL,SPR,TOTAL,PC_GDP,HU,2014-01-01,2.32,,
ESTAT:SPR_EXP_FFA(1.0),17/04/26 11:00:00,A,TOTAL,SPR,TOTAL,PC_GDP,IE,2014-01-01,2.17,,
ESTAT:SPR_EXP_FFA(1.0),17/04/26 11:00:00,A,TOTAL,SPR,TOTAL,PC_GDP,IS,2014-01-01,2.6,,
ESTAT:SPR_EXP_FFA(1.0),17/04/26 11:00:00,A,TOTAL,SPR,TOTAL,PC_GDP,IT,2014-01-01,1.13,,
ESTAT:SPR_EXP_FFA(1.0),17/04/26 11:00:00,A,TOTAL,SPR,TOTAL,PC_GDP,LT,2014-01-01,1.09,,
ESTAT:SPR_EXP_FFA(1.0),17/04/26 11:00:00,A,TOTAL,SPR,TOTAL,PC_GDP,LU,2014-01-01,3.23,,
ESTAT:SPR_EXP_FFA(1.0),17/04/26 11:00:00,A,TOTAL,SPR,TOTAL,PC_GDP,LV,2014-01-01,1.34,,
ESTAT:SPR_EXP_FFA(1.0),17/04/26 11:00:00,A,TOTAL,SPR,TOTAL,PC_GDP,MT,2014-01-01,1.17,,
ESTAT:SPR_EXP_FFA(1.0),17/04/26 11:00:00,A,TOTAL,SPR,TOTAL,PC_GDP,NL,2014-01-01,0.96,,
ESTAT:SPR_EXP_FFA(1.0),17/04/26 11:00:00,A,TOTAL,SPR,TOTAL,PC_GDP,NO,2014-01-01,3.05,,
ESTAT:SPR_EXP_FFA(1.0),17/04/26 11:00:00,A,TOTAL,SPR,TOTAL,PC_GDP,PL,2014-01-01,1.4,,
ESTAT:SPR_EXP_FFA(1.0),17/04/26 11:00:00,A,TOTAL,SPR,TOTAL,PC_GDP,PT,2014-01-01,1.17,,
ESTAT:SPR_EXP_FFA(1.0),17/04/26 11:00:00,A,TOTAL,SPR,TOTAL,PC_GDP,RO,2014-01-01,1.2,,
ESTAT:SPR_EXP_FFA(1.0),17/04/26 11:00:00,A,TOTAL,SPR,TOTAL,PC_GDP,RS,2014-01-01,1.21,,
ESTAT:SPR_EXP_FFA(1.0),17/04/26 11:00:00,A,TOTAL,SPR,TOTAL,PC_GDP,SE,2014-01-01,3.1,p,
ESTAT:SPR_EXP_FFA(1.0),17/04/26 11:00:00,A,TOTAL,SPR,TOTAL,PC_GDP,SI,2014-01-01,1.86,,
ESTAT:SPR_EXP_FFA(1.0),17/04/26 11:00:00,A,TOTAL,SPR,TOTAL,PC_GDP,SK,2014-01-01,1.66,,
ESTAT:SPR_EXP_FFA(1.0),17/04/26 11:00:00,A,TOTAL,SPR,TOTAL,PC_GDP,TR,2014-01-01,0.37,,
ESTAT:SPR_EXP_FFA(1.0),17/04/26 11:00:00,A,TOTAL,SPR,TOTAL,PC_GDP,UK,2014-01-01,2.8,,
ESTAT:SPR_EXP_FFA(1.0),17/04/26 11:00:00,A,TOTAL,SPR,TOTAL,PC_GDP,AT,2015-01-01,2.81,,
ESTAT:SPR_EXP_FFA(1.0),17/04/26 11:00:00,A,TOTAL,SPR,TOTAL,PC_GDP,BA,2015-01-01,0.49,,
ESTAT:SPR_EXP_FFA(1.0),17/04/26 11:00:00,A,TOTAL,SPR,TOTAL,PC_GDP,BE,2015-01-01,2.1,,
ESTAT:SPR_EXP_FFA(1.0),17/04/26 11:00:00,A,TOTAL,SPR,TOTAL,PC_GDP,BG,2015-01-01,1.88,,
ESTAT:SPR_EXP_FFA(1.0),17/04/26 11:00:00,A,TOTAL,SPR,TOTAL,PC_GDP,CH,2015-01-01,1.54,,
ESTAT:SPR_EXP_FFA(1.0),17/04/26 11:00:00,A,TOTAL,SPR,TOTAL,PC_GDP,CY,2015-01-01,1.34,,
ESTAT:SPR_EXP_FFA(1.0),17/04/26 11:00:00,A,TOTAL,SPR,TOTAL,PC_GDP,CZ,2015-01-01,1.58,,
ESTAT:SPR_EXP_FFA(1.0),17/04/26 11:00:00,A,TOTAL,SPR,TOTAL,PC_GDP,DE,2015-01-01,3.12,,
ESTAT:SPR_EXP_FFA(1.0),17/04/26 11:00:00,A,TOTAL,SPR,TOTAL,PC_GDP,DK,2015-01-01,3.57,,
ESTAT:SPR_EXP_FFA(1.0),17/04/26 11:00:00,A,TOTAL,SPR,TOTAL,PC_GDP,EA19,2015-01-01,2.16,,
ESTAT:SPR_EXP_FFA(1.0),17/04/26 11:00:00,A,TOTAL,SPR,TOTAL,PC_GDP,EA20,2015-01-01,2.16,,
ESTAT:SPR_EXP_FFA(1.0),17/04/26 11:00:00,A,TOTAL,SPR,TOTAL,PC_GDP,EA21,2015-01-01,2.16,,
ESTAT:SPR_EXP_FFA(1.0),17/04/26 11:00:00,A,TOTAL,SPR,TOTAL,PC_GDP,EE,2015-01-01,2.0,,
ESTAT:SPR_EXP_FFA(1.0),17/04/26 11:00:00,A,TOTAL,SPR,TOTAL,PC_GDP,EL,2015-01-01,1.06,,
ESTAT:SPR_EXP_FFA(1.0),17/04/26 11:00:00,A,TOTAL,SPR,TOTAL,PC_GDP,ES,2015-01-01,1.27,,
ESTAT:SPR_EXP_FFA(1.0),17/04/26 11:00:00,A,TOTAL,SPR,TOTAL,PC_GDP,EU27_2020,2015-01-01,2.18,p,
ESTAT:SPR_EXP_FFA(1.0),17/04/26 11:00:00,A,TOTAL,SPR,TOTAL,PC_GDP,FI,2015-01-01,3.18,,
ESTAT:SPR_EXP_FFA(1.0),17/04/26 11:00:00,A,TOTAL,SPR,TOTAL,PC_GDP,FR,2015-01-01,2.51,,
ESTAT:SPR_EXP_FFA(1.0),17/04/26 11:00:00,A,TOTAL,SPR,TOTAL,PC_GDP,HR,2015-01-01,1.82,,
ESTAT:SPR_EXP_FFA(1.0),17/04/26 11:00:00,A,TOTAL,SPR,TOTAL,PC_GDP,HU,2015-01-01,2.12,b,
ESTAT:SPR_EXP_FFA(1.0),17/04/26 11:00:00,A,TOTAL,SPR,TOTAL,PC_GDP,IE,2015-01-01,1.61,,
ESTAT:SPR_EXP_FFA(1.0),17/04/26 11:00:00,A,TOTAL,SPR,TOTAL,PC_GDP,IS,2015-01-01,2.4,,
ESTAT:SPR_EXP_FFA(1.0),17/04/26 11:00:00,A,TOTAL,SPR,TOTAL,PC_GDP,IT,2015-01-01,1.09,,
ESTAT:SPR_EXP_FFA(1.0),17/04/26 11:00:00,A,TOTAL,SPR,TOTAL,PC_GDP,LT,2015-01-01,1.11,,
ESTAT:SPR_EXP_FFA(1.0),17/04/26 11:00:00,A,TOTAL,SPR,TOTAL,PC_GDP,LU,2015-01-01,3.17,,
ESTAT:SPR_EXP_FFA(1.0),17/04/26 11:00:00,A,TOTAL,SPR,TOTAL,PC_GDP,LV,2015-01-01,1.64,,
ESTAT:SPR_EXP_FFA(1.0),17/04/26 11:00:00,A,TOTAL,SPR,TOTAL,PC_GDP,MK,2015-01-01,0.88,,
ESTAT:SPR_EXP_FFA(1.0),17/04/26 11:00:00,A,TOTAL,SPR,TOTAL,PC_GDP,MT,2015-01-01,1.04,,
ESTAT:SPR_EXP_FFA(1.0),17/04/26 11:00:00,A,TOTAL,SPR,TOTAL,PC_GDP,NL,2015-01-01,1.09,,
ESTAT:SPR_EXP_FFA(1.0),17/04/26 11:00:00,A,TOTAL,SPR,TOTAL,PC_GDP,NO,2015-01-01,3.15,,
ESTAT:SPR_EXP_FFA(1.0),17/04/26 11:00:00,A,TOTAL,SPR,TOTAL,PC_GDP,PL,2015-01-01,1.51,,
ESTAT:SPR_EXP_FFA(1.0),17/04/26 11:00:00,A,TOTAL,SPR,TOTAL,PC_GDP,PT,2015-01-01,1.16,,
ESTAT:SPR_EXP_FFA(1.0),17/04/26 11:00:00,A,TOTAL,SPR,TOTAL,PC_GDP,RO,2015-01-01,1.26,,
ESTAT:SPR_EXP_FFA(1.0),17/04/26 11:00:00,A,TOTAL,SPR,TOTAL,PC_GDP,RS,2015-01-01,1.22,,
ESTAT:SPR_EXP_FFA(1.0),17/04/26 11:00:00,A,TOTAL,SPR,TOTAL,PC_GDP,SE,2015-01-01,3.02,p,
ESTAT:SPR_EXP_FFA(1.0),17/04/26 11:00:00,A,TOTAL,SPR,TOTAL,PC_GDP,SI,2015-01-01,1.8,,
ESTAT:SPR_EXP_FFA(1.0),17/04/26 11:00:00,A,TOTAL,SPR,TOTAL,PC_GDP,SK,2015-01-01,1.59,,
ESTAT:SPR_EXP_FFA(1.0),17/04/26 11:00:00,A,TOTAL,SPR,TOTAL,PC_GDP,TR,2015-01-01,0.38,,
ESTAT:SPR_EXP_FFA(1.0),17/04/26 11:00:00,A,TOTAL,SPR,TOTAL,PC_GDP,UK,2015-01-01,2.72,,
ESTAT:SPR_EXP_FFA(1.0),17/04/26 11:00:00,A,TOTAL,SPR,TOTAL,PC_GDP,AT,2016-01-01,2.79,,
ESTAT:SPR_EXP_FFA(1.0),17/04/26 11:00:00,A,TOTAL,SPR,TOTAL,PC_GDP,BA,2016-01-01,0.87,,
ESTAT:SPR_EXP_FFA(1.0),17/04/26 11:00:00,A,TOTAL,SPR,TOTAL,PC_GDP,BE,2016-01-01,2.09,,
ESTAT:SPR_EXP_FFA(1.0),17/04/26 11:00:00,A,TOTAL,SPR,TOTAL,PC_GDP,BG,2016-01-01,1.75,,
ESTAT:SPR_EXP_FFA(1.0),17/04/26 11:00:00,A,TOTAL,SPR,TOTAL,PC_GDP,CH,2016-01-01,1.53,,
ESTAT:SPR_EXP_FFA(1.0),17/04/26 11:00:00,A,TOTAL,SPR,TOTAL,PC_GDP,CY,2016-01-01,1.28,,
ESTAT:SPR_EXP_FFA(1.0),17/04/26 11:00:00,A,TOTAL,SPR,TOTAL,PC_GDP,CZ,2016-01-01,1.57,,
ESTAT:SPR_EXP_FFA(1.0),17/04/26 11:00:00,A,TOTAL,SPR,TOTAL,PC_GDP,DE,2016-01-01,3.17,,
ESTAT:SPR_EXP_FFA(1.0),17/04/26 11:00:00,A,TOTAL,SPR,TOTAL,PC_GDP,DK,2016-01-01,3.5,,
ESTAT:SPR_EXP_FFA(1.0),17/04/26 11:00:00,A,TOTAL,SPR,TOTAL,PC_GDP,EA19,2016-01-01,2.17,,
ESTAT:SPR_EXP_FFA(1.0),17/04/26 11:00:00,A,TOTAL,SPR,TOTAL,PC_GDP,EA20,2016-01-01,2.17,,
ESTAT:SPR_EXP_FFA(1.0),17/04/26 11:00:00,A,TOTAL,SPR,TOTAL,PC_GDP,EA21,2016-01-01,2.17,,
ESTAT:SPR_EXP_FFA(1.0),17/04/26 11:00:00,A,TOTAL,SPR,TOTAL,PC_GDP,EE,2016-01-01,2.09,,
ESTAT:SPR_EXP_FFA(1.0),17/04/26 11:00:00,A,TOTAL,SPR,TOTAL,PC_GDP,EL,2016-01-01,1.03,,
ESTAT:SPR_EXP_FFA(1.0),17/04/26 11:00:00,A,TOTAL,SPR,TOTAL,PC_GDP,ES,2016-01-01,1.24,,
ESTAT:SPR_EXP_FFA(1.0),17/04/26 11:00:00,A,TOTAL,SPR,TOTAL,PC_GDP,EU27_2020,2016-01-01,2.22,p,
ESTAT:SPR_EXP_FFA(1.0),17/04/26 11:00:00,A,TOTAL,SPR,TOTAL,PC_GDP,FI,2016-01-01,3.11,,
ESTAT:SPR_EXP_FFA(1.0),17/04/26 11:00:00,A,TOTAL,SPR,TOTAL,PC_GDP,FR,2016-01-01,2.47,,
ESTAT:SPR_EXP_FFA(1.0),17/04/26 11:00:00,A,TOTAL,SPR,TOTAL,PC_GDP,HR,2016-01-01,1.84,,
ESTAT:SPR_EXP_FFA(1.0),17/04/26 11:00:00,A,TOTAL,SPR,TOTAL,PC_GDP,HU,2016-01-01,2.06,,
ESTAT:SPR_EXP_FFA(1.0),17/04/26 11:00:00,A,TOTAL,SPR,TOTAL,PC_GDP,IE,2016-01-01,1.6,,
ESTAT:SPR_EXP_FFA(1.0),17/04/26 11:00:00,A,TOTAL,SPR,TOTAL,PC_GDP,IS,2016-01-01,2.32,,
ESTAT:SPR_EXP_FFA(1.0),17/04/26 11:00:00,A,TOTAL,SPR,TOTAL,PC_GDP,IT,2016-01-01,1.12,,
ESTAT:SPR_EXP_FFA(1.0),17/04/26 11:00:00,A,TOTAL,SPR,TOTAL,PC_GDP,LT,2016-01-01,1.14,,
ESTAT:SPR_EXP_FFA(1.0),17/04/26 11:00:00,A,TOTAL,SPR,TOTAL,PC_GDP,LU,2016-01-01,3.06,,
ESTAT:SPR_EXP_FFA(1.0),17/04/26 11:00:00,A,TOTAL,SPR,TOTAL,PC_GDP,LV,2016-01-01,1.69,,
ESTAT:SPR_EXP_FFA(1.0),17/04/26 11:00:00,A,TOTAL,SPR,TOTAL,PC_GDP,ME,2016-01-01,1.9,,
ESTAT:SPR_EXP_FFA(1.0),17/04/26 11:00:00,A,TOTAL,SPR,TOTAL,PC_GDP,MK,2016-01-01,0.88,,
ESTAT:SPR_EXP_FFA(1.0),17/04/26 11:00:00,A,TOTAL,SPR,TOTAL,PC_GDP,MT,2016-01-01,0.9,,
ESTAT:SPR_EXP_FFA(1.0),17/04/26 11:00:00,A,TOTAL,SPR,TOTAL,PC_GDP,NL,2016-01-01,1.13,,
ESTAT:SPR_EXP_FFA(1.0),17/04/26 11:00:00,A,TOTAL,SPR,TOTAL,PC_GDP,NO,2016-01-01,3.24,,
ESTAT:SPR_EXP_FFA(1.0),17/04/26 11:00:00,A,TOTAL,SPR,TOTAL,PC_GDP,PL,2016-01-01,2.54,,
ESTAT:SPR_EXP_FFA(1.0),17/04/26 11:00:00,A,TOTAL,SPR,TOTAL,PC_GDP,PT,2016-01-01,1.18,,
ESTAT:SPR_EXP_FFA(1.0),17/04/26 11:00:00,A,TOTAL,SPR,TOTAL,PC_GDP,RO,2016-01-01,1.41,,
ESTAT:SPR_EXP_FFA(1.0),17/04/26 11:00:00,A,TOTAL,SPR,TOTAL,PC_GDP,RS,2016-01-01,1.17,,
ESTAT:SPR_EXP_FFA(1.0),17/04/26 11:00:00,A,TOTAL,SPR,TOTAL,PC_GDP,SE,2016-01-01,3.05,p,
ESTAT:SPR_EXP_FFA(1.0),17/04/26 11:00:00,A,TOTAL,SPR,TOTAL,PC_GDP,SI,2016-01-01,1.74,,
ESTAT:SPR_EXP_FFA(1.0),17/04/26 11:00:00,A,TOTAL,SPR,TOTAL,PC_GDP,SK,2016-01-01,1.6,,
ESTAT:SPR_EXP_FFA(1.0),17/04/26 11:00:00,A,TOTAL,SPR,TOTAL,PC_GDP,TR,2016-01-01,0.47,,
ESTAT:SPR_EXP_FFA(1.0),17/04/26 11:00:00,A,TOTAL,SPR,TOTAL,PC_GDP,UK,2016-01-01,2.55,,
ESTAT:SPR_EXP_FFA(1.0),17/04/26 11:00:00,A,TOTAL,SPR,TOTAL,PC_GDP,AT,2017-01-01,2.75,,
ESTAT:SPR_EXP_FFA(1.0),17/04/26 11:00:00,A,TOTAL,SPR,TOTAL,PC_GDP,BA,2017-01-01,0.69,,
ESTAT:SPR_EXP_FFA(1.0),17/04/26 11:00:00,A,TOTAL,SPR,TOTAL,PC_GDP,BE,2017-01-01,2.08,,
ESTAT:SPR_EXP_FFA(1.0),17/04/26 11:00:00,A,TOTAL,SPR,TOTAL,PC_GDP,BG,2017-01-01,1.75,,
ESTAT:SPR_EXP_FFA(1.0),17/04/26 11:00:00,A,TOTAL,SPR,TOTAL,PC_GDP,CH,2017-01-01,1.54,,
ESTAT:SPR_EXP_FFA(1.0),17/04/26 11:00:00,A,TOTAL,SPR,TOTAL,PC_GDP,CY,2017-01-01,1.2,,
ESTAT:SPR_EXP_FFA(1.0),17/04/26 11:00:00,A,TOTAL,SPR,TOTAL,PC_GDP,CZ,2017-01-01,1.55,,
ESTAT:SPR_EXP_FFA(1.0),17/04/26 11:00:00,A,TOTAL,SPR,TOTAL,PC_GDP,DE,2017-01-01,3.18,,
ESTAT:SPR_EXP_FFA(1.0),17/04/26 11:00:00,A,TOTAL,SPR,TOTAL,PC_GDP,DK,2017-01-01,3.41,,
ESTAT:SPR_EXP_FFA(1.0),17/04/26 11:00:00,A,TOTAL,SPR,TOTAL,PC_GDP,EA19,2017-01-01,2.17,,
ESTAT:SPR_EXP_FFA(1.0),17/04/26 11:00:00,A,TOTAL,SPR,TOTAL,PC_GDP,EA20,2017-01-01,2.17,,
ESTAT:SPR_EXP_FFA(1.0),17/04/26 11:00:00,A,TOTAL,SPR,TOTAL,PC_GDP,EA21,2017-01-01,2.17,,
ESTAT:SPR_EXP_FFA(1.0),17/04/26 11:00:00,A,TOTAL,SPR,TOTAL,PC_GDP,EE,2017-01-01,2.02,,
ESTAT:SPR_EXP_FFA(1.0),17/04/26 11:00:00,A,TOTAL,SPR,TOTAL,PC_GDP,EL,2017-01-01,1.44,,
ESTAT:SPR_EXP_FFA(1.0),17/04/26 11:00:00,A,TOTAL,SPR,TOTAL,PC_GDP,ES,2017-01-01,1.26,,
ESTAT:SPR_EXP_FFA(1.0),17/04/26 11:00:00,A,TOTAL,SPR,TOTAL,PC_GDP,EU27_2020,2017-01-01,2.22,p,
ESTAT:SPR_EXP_FFA(1.0),17/04/26 11:00:00,A,TOTAL,SPR,TOTAL,PC_GDP,FI,2017-01-01,2.96,,
ESTAT:SPR_EXP_FFA(1.0),17/04/26 11:00:00,A,TOTAL,SPR,TOTAL,PC_GDP,FR,2017-01-01,2.44,,
ESTAT:SPR_EXP_FFA(1.0),17/04/26 11:00:00,A,TOTAL,SPR,TOTAL,PC_GDP,HR,2017-01-01,1.82,,
ESTAT:SPR_EXP_FFA(1.0),17/04/26 11:00:00,A,TOTAL,SPR,TOTAL,PC_GDP,HU,2017-01-01,2.02,,
ESTAT:SPR_EXP_FFA(1.0),17/04/26 11:00:00,A,TOTAL,SPR,TOTAL,PC_GDP,IE,2017-01-01,1.46,,
ESTAT:SPR_EXP_FFA(1.0),17/04/26 11:00:00,A,TOTAL,SPR,TOTAL,PC_GDP,IS,2017-01-01,2.3,,
ESTAT:SPR_EXP_FFA(1.0),17/04/26 11:00:00,A,TOTAL,SPR,TOTAL,PC_GDP,IT,2017-01-01,1.13,,
ESTAT:SPR_EXP_FFA(1.0),17/04/26 11:00:00,A,TOTAL,SPR,TOTAL,PC_GDP,LT,2017-01-01,1.2,,
ESTAT:SPR_EXP_FFA(1.0),17/04/26 11:00:00,A,TOTAL,SPR,TOTAL,PC_GDP,LU,2017-01-01,3.15,,
ESTAT:SPR_EXP_FFA(1.0),17/04/26 11:00:00,A,TOTAL,SPR,TOTAL,PC_GDP,LV,2017-01-01,1.66,,
ESTAT:SPR_EXP_FFA(1.0),17/04/26 11:00:00,A,TOTAL,SPR,TOTAL,PC_GDP,ME,2017-01-01,1.31,,
ESTAT:SPR_EXP_FFA(1.0),17/04/26 11:00:00,A,TOTAL,SPR,TOTAL,PC_GDP,MK,2017-01-01,0.91,,
ESTAT:SPR_EXP_FFA(1.0),17/04/26 11:00:00,A,TOTAL,SPR,TOTAL,PC_GDP,MT,2017-01-01,0.82,,
ESTAT:SPR_EXP_FFA(1.0),17/04/26 11:00:00,A,TOTAL,SPR,TOTAL,PC_GDP,NL,2017-01-01,1.13,,
ESTAT:SPR_EXP_FFA(1.0),17/04/26 11:00:00,A,TOTAL,SPR,TOTAL,PC_GDP,NO,2017-01-01,3.11,,
ESTAT:SPR_EXP_FFA(1.0),17/04/26 11:00:00,A,TOTAL,SPR,TOTAL,PC_GDP,PL,2017-01-01,2.61,,
ESTAT:SPR_EXP_FFA(1.0),17/04/26 11:00:00,A,TOTAL,SPR,TOTAL,PC_GDP,PT,2017-01-01,1.16,,
ESTAT:SPR_EXP_FFA(1.0),17/04/26 11:00:00,A,TOTAL,SPR,TOTAL,PC_GDP,RO,2017-01-01,1.5,,
ESTAT:SPR_EXP_FFA(1.0),17/04/26 11:00:00,A,TOTAL,SPR,TOTAL,PC_GDP,RS,2017-01-01,1.19,,
ESTAT:SPR_EXP_FFA(1.0),17/04/26 11:00:00,A,TOTAL,SPR,TOTAL,PC_GDP,SE,2017-01-01,3.03,p,
ESTAT:SPR_EXP_FFA(1.0),17/04/26 11:00:00,A,TOTAL,SPR,TOTAL,PC_GDP,SI,2017-01-01,1.86,,
ESTAT:SPR_EXP_FFA(1.0),17/04/26 11:00:00,A,TOTAL,SPR,TOTAL,PC_GDP,SK,2017-01-01,1.6,,
ESTAT:SPR_EXP_FFA(1.0),17/04/26 11:00:00,A,TOTAL,SPR,TOTAL,PC_GDP,TR,2017-01-01,0.6,,
ESTAT:SPR_EXP_FFA(1.0),17/04/26 11:00:00,A,TOTAL,SPR,TOTAL,PC_GDP,UK,2017-01-01,2.46,,
ESTAT:SPR_EXP_FFA(1.0),17/04/26 11:00:00,A,TOTAL,SPR,TOTAL,PC_GDP,AL,2018-01-01,2.02,,
ESTAT:SPR_EXP_FFA(1.0),17/04/26 11:00:00,A,TOTAL,SPR,TOTAL,PC_GDP,AT,2018-01-01,2.7,,
ESTAT:SPR_EXP_FFA(1.0),17/04/26 11:00:00,A,TOTAL,SPR,TOTAL,PC_GDP,BA,2018-01-01,0.73,,
ESTAT:SPR_EXP_FFA(1.0),17/04/26 11:00:00,A,TOTAL,SPR,TOTAL,PC_GDP,BE,2018-01-01,2.04,,
ESTAT:SPR_EXP_FFA(1.0),17/04/26 11:00:00,A,TOTAL,SPR,TOTAL,PC_GDP,BG,2018-01-01,1.71,,
ESTAT:SPR_EXP_FFA(1.0),17/04/26 11:00:00,A,TOTAL,SPR,TOTAL,PC_GDP,CH,2018-01-01,1.5,,
ESTAT:SPR_EXP_FFA(1.0),17/04/26 11:00:00,A,TOTAL,SPR,TOTAL,PC_GDP,CY,2018-01-01,1.17,,
ESTAT:SPR_EXP_FFA(1.0),17/04/26 11:00:00,A,TOTAL,SPR,TOTAL,PC_GDP,CZ,2018-01-01,1.63,,
ESTAT:SPR_EXP_FFA(1.0),17/04/26 11:00:00,A,TOTAL,SPR,TOTAL,PC_GDP,DE,2018-01-01,3.21,,
ESTAT:SPR_EXP_FFA(1.0),17/04/26 11:00:00,A,TOTAL,SPR,TOTAL,PC_GDP,DK,2018-01-01,3.39,,
ESTAT:SPR_EXP_FFA(1.0),17/04/26 11:00:00,A,TOTAL,SPR,TOTAL,PC_GDP,EA19,2018-01-01,2.17,,
ESTAT:SPR_EXP_FFA(1.0),17/04/26 11:00:00,A,TOTAL,SPR,TOTAL,PC_GDP,EA20,2018-01-01,2.17,,
ESTAT:SPR_EXP_FFA(1.0),17/04/26 11:00:00,A,TOTAL,SPR,TOTAL,PC_GDP,EA21,2018-01-01,2.17,,
ESTAT:SPR_EXP_FFA(1.0),17/04/26 11:00:00,A,TOTAL,SPR,TOTAL,PC_GDP,EE,2018-01-01,2.28,,
ESTAT:SPR_EXP_FFA(1.0),17/04/26 11:00:00,A,TOTAL,SPR,TOTAL,PC_GDP,EL,2018-01-01,1.66,,
ESTAT:SPR_EXP_FFA(1.0),17/04/26 11:00:00,A,TOTAL,SPR,TOTAL,PC_GDP,ES,2018-01-01,1.28,,
ESTAT:SPR_EXP_FFA(1.0),17/04/26 11:00:00,A,TOTAL,SPR,TOTAL,PC_GDP,EU27_2020,2018-01-01,2.22,p,
ESTAT:SPR_EXP_FFA(1.0),17/04/26 11:00:00,A,TOTAL,SPR,TOTAL,PC_GDP,FI,2018-01-01,2.97,,
ESTAT:SPR_EXP_FFA(1.0),17/04/26 11:00:00,A,TOTAL,SPR,TOTAL,PC_GDP,FR,2018-01-01,2.39,,
ESTAT:SPR_EXP_FFA(1.0),17/04/26 11:00:00,A,TOTAL,SPR,TOTAL,PC_GDP,HR,2018-01-01,1.9,,
ESTAT:SPR_EXP_FFA(1.0),17/04/26 11:00:00,A,TOTAL,SPR,TOTAL,PC_GDP,HU,2018-01-01,1.95,,
ESTAT:SPR_EXP_FFA(1.0),17/04/26 11:00:00,A,TOTAL,SPR,TOTAL,PC_GDP,IE,2018-01-01,1.37,,
ESTAT:SPR_EXP_FFA(1.0),17/04/26 11:00:00,A,TOTAL,SPR,TOTAL,PC_GDP,IS,2018-01-01,2.36,,
ESTAT:SPR_EXP_FFA(1.0),17/04/26 11:00:00,A,TOTAL,SPR,TOTAL,PC_GDP,IT,2018-01-01,1.11,,
ESTAT:SPR_EXP_FFA(1.0),17/04/26 11:00:00,A,TOTAL,SPR,TOTAL,PC_GDP,LT,2018-01-01,1.58,,
ESTAT:SPR_EXP_FFA(1.0),17/04/26 11:00:00,A,TOTAL,SPR,TOTAL,PC_GDP,LU,2018-01-01,3.26,,
ESTAT:SPR_EXP_FFA(1.0),17/04/26 11:00:00,A,TOTAL,SPR,TOTAL,PC_GDP,LV,2018-01-01,1.69,,
ESTAT:SPR_EXP_FFA(1.0),17/04/26 11:00:00,A,TOTAL,SPR,TOTAL,PC_GDP,ME,2018-01-01,0.69,,
ESTAT:SPR_EXP_FFA(1.0),17/04/26 11:00:00,A,TOTAL,SPR,TOTAL,PC_GDP,MT,2018-01-01,0.79,,
ESTAT:SPR_EXP_FFA(1.0),17/04/26 11:00:00,A,TOTAL,SPR,TOTAL,PC_GDP,NL,2018-01-01,1.13,,
ESTAT:SPR_EXP_FFA(1.0),17/04/26 11:00:00,A,TOTAL,SPR,TOTAL,PC_GDP,NO,2018-01-01,2.95,,
ESTAT:SPR_EXP_FFA(1.0),17/04/26 11:00:00,A,TOTAL,SPR,TOTAL,PC_GDP,PL,2018-01-01,2.47,,
ESTAT:SPR_EXP_FFA(1.0),17/04/26 11:00:00,A,TOTAL,SPR,TOTAL,PC_GDP,PT,2018-01-01,1.18,,
ESTAT:SPR_EXP_FFA(1.0),17/04/26 11:00:00,A,TOTAL,SPR,TOTAL,PC_GDP,RO,2018-01-01,1.5,,
ESTAT:SPR_EXP_FFA(1.0),17/04/26 11:00:00,A,TOTAL,SPR,TOTAL,PC_GDP,RS,2018-01-01,1.18,,
ESTAT:SPR_EXP_FFA(1.0),17/04/26 11:00:00,A,TOTAL,SPR,TOTAL,PC_GDP,SE,2018-01-01,3.11,p,
ESTAT:SPR_EXP_FFA(1.0),17/04/26 11:00:00,A,TOTAL,SPR,TOTAL,PC_GDP,SI,2018-01-01,1.83,,
ESTAT:SPR_EXP_FFA(1.0),17/04/26 11:00:00,A,TOTAL,SPR,TOTAL,PC_GDP,SK,2018-01-01,1.53,,
ESTAT:SPR_EXP_FFA(1.0),17/04/26 11:00:00,A,TOTAL,SPR,TOTAL,PC_GDP,TR,2018-01-01,0.55,,
ESTAT:SPR_EXP_FFA(1.0),17/04/26 11:00:00,A,TOTAL,SPR,TOTAL,PC_GDP,UK,2018-01-01,2.35,p,
ESTAT:SPR_EXP_FFA(1.0),17/04/26 11:00:00,A,TOTAL,SPR,TOTAL,PC_GDP,AL,2019-01-01,2.19,,
ESTAT:SPR_EXP_FFA(1.0),17/04/26 11:00:00,A,TOTAL,SPR,TOTAL,PC_GDP,AT,2019-01-01,2.65,,
ESTAT:SPR_EXP_FFA(1.0),17/04/26 11:00:00,A,TOTAL,SPR,TOTAL,PC_GDP,BA,2019-01-01,0.75,,
ESTAT:SPR_EXP_FFA(1.0),17/04/26 11:00:00,A,TOTAL,SPR,TOTAL,PC_GDP,BE,2019-01-01,2.06,,
ESTAT:SPR_EXP_FFA(1.0),17/04/26 11:00:00,A,TOTAL,SPR,TOTAL,PC_GDP,BG,2019-01-01,1.6,,
ESTAT:SPR_EXP_FFA(1.0),17/04/26 11:00:00,A,TOTAL,SPR,TOTAL,PC_GDP,CH,2019-01-01,1.54,,
ESTAT:SPR_EXP_FFA(1.0),17/04/26 11:00:00,A,TOTAL,SPR,TOTAL,PC_GDP,CY,2019-01-01,1.01,,
ESTAT:SPR_EXP_FFA(1.0),17/04/26 11:00:00,A,TOTAL,SPR,TOTAL,PC_GDP,CZ,2019-01-01,1.61,,
ESTAT:SPR_EXP_FFA(1.0),17/04/26 11:00:00,A,TOTAL,SPR,TOTAL,PC_GDP,DE,2019-01-01,3.27,,
ESTAT:SPR_EXP_FFA(1.0),17/04/26 11:00:00,A,TOTAL,SPR,TOTAL,PC_GDP,DK,2019-01-01,3.33,,
ESTAT:SPR_EXP_FFA(1.0),17/04/26 11:00:00,A,TOTAL,SPR,TOTAL,PC_GDP,EA19,2019-01-01,2.18,,
ESTAT:SPR_EXP_FFA(1.0),17/04/26 11:00:00,A,TOTAL,SPR,TOTAL,PC_GDP,EA20,2019-01-01,2.18,,
ESTAT:SPR_EXP_FFA(1.0),17/04/26 11:00:00,A,TOTAL,SPR,TOTAL,PC_GDP,EA21,2019-01-01,2.17,,
ESTAT:SPR_EXP_FFA(1.0),17/04/26 11:00:00,A,TOTAL,SPR,TOTAL,PC_GDP,EE,2019-01-01,2.3,,
ESTAT:SPR_EXP_FFA(1.0),17/04/26 11:00:00,A,TOTAL,SPR,TOTAL,PC_GDP,EL,2019-01-01,1.34,,
ESTAT:SPR_EXP_FFA(1.0),17/04/26 11:00:00,A,TOTAL,SPR,TOTAL,PC_GDP,ES,2019-01-01,1.33,,
ESTAT:SPR_EXP_FFA(1.0),17/04/26 11:00:00,A,TOTAL,SPR,TOTAL,PC_GDP,EU27_2020,2019-01-01,2.24,p,
ESTAT:SPR_EXP_FFA(1.0),17/04/26 11:00:00,A,TOTAL,SPR,TOTAL,PC_GDP,FI,2019-01-01,2.98,,
ESTAT:SPR_EXP_FFA(1.0),17/04/26 11:00:00,A,TOTAL,SPR,TOTAL,PC_GDP,FR,2019-01-01,2.33,,
ESTAT:SPR_EXP_FFA(1.0),17/04/26 11:00:00,A,TOTAL,SPR,TOTAL,PC_GDP,HR,2019-01-01,1.91,,
ESTAT:SPR_EXP_FFA(1.0),17/04/26 11:00:00,A,TOTAL,SPR,TOTAL,PC_GDP,HU,2019-01-01,1.84,,
ESTAT:SPR_EXP_FFA(1.0),17/04/26 11:00:00,A,TOTAL,SPR,TOTAL,PC_GDP,IE,2019-01-01,1.29,,
ESTAT:SPR_EXP_FFA(1.0),17/04/26 11:00:00,A,TOTAL,SPR,TOTAL,PC_GDP,IS,2019-01-01,2.43,,
ESTAT:SPR_EXP_FFA(1.0),17/04/26 11:00:00,A,TOTAL,SPR,TOTAL,PC_GDP,IT,2019-01-01,1.11,,
ESTAT:SPR_EXP_FFA(1.0),17/04/26 11:00:00,A,TOTAL,SPR,TOTAL,PC_GDP,LT,2019-01-01,1.73,,
ESTAT:SPR_EXP_FFA(1.0),17/04/26 11:00:00,A,TOTAL,SPR,TOTAL,PC_GDP,LU,2019-01-01,3.33,,
ESTAT:SPR_EXP_FFA(1.0),17/04/26 11:00:00,A,TOTAL,SPR,TOTAL,PC_GDP,LV,2019-01-01,1.66,,
ESTAT:SPR_EXP_FFA(1.0),17/04/26 11:00:00,A,TOTAL,SPR,TOTAL,PC_GDP,ME,2019-01-01,0.63,,
ESTAT:SPR_EXP_FFA(1.0),17/04/26 11:00:00,A,TOTAL,SPR,TOTAL,PC_GDP,MT,2019-01-01,0.81,,
ESTAT:SPR_EXP_FFA(1.0),17/04/26 11:00:00,A,TOTAL,SPR,TOTAL,PC_GDP,NL,2019-01-01,1.2,,
ESTAT:SPR_EXP_FFA(1.0),17/04/26 11:00:00,A,TOTAL,SPR,TOTAL,PC_GDP,NO,2019-01-01,3.04,,
ESTAT:SPR_EXP_FFA(1.0),17/04/26 11:00:00,A,TOTAL,SPR,TOTAL,PC_GDP,PL,2019-01-01,3.0,,
ESTAT:SPR_EXP_FFA(1.0),17/04/26 11:00:00,A,TOTAL,SPR,TOTAL,PC_GDP,PT,2019-01-01,1.2,,
ESTAT:SPR_EXP_FFA(1.0),17/04/26 11:00:00,A,TOTAL,SPR,TOTAL,PC_GDP,RO,2019-01-01,1.68,,
ESTAT:SPR_EXP_FFA(1.0),17/04/26 11:00:00,A,TOTAL,SPR,TOTAL,PC_GDP,RS,2019-01-01,1.28,,
ESTAT:SPR_EXP_FFA(1.0),17/04/26 11:00:00,A,TOTAL,SPR,TOTAL,PC_GDP,SE,2019-01-01,3.05,p,
ESTAT:SPR_EXP_FFA(1.0),17/04/26 11:00:00,A,TOTAL,SPR,TOTAL,PC_GDP,SI,2019-01-01,1.83,,
ESTAT:SPR_EXP_FFA(1.0),17/04/26 11:00:00,A,TOTAL,SPR,TOTAL,PC_GDP,SK,2019-01-01,1.6,,
ESTAT:SPR_EXP_FFA(1.0),17/04/26 11:00:00,A,TOTAL,SPR,TOTAL,PC_GDP,TR,2019-01-01,0.62,,
ESTAT:SPR_EXP_FFA(1.0),17/04/26 11:00:00,A,TOTAL,SPR,TOTAL,PC_GDP,AL,2020-01-01,2.39,,
ESTAT:SPR_EXP_FFA(1.0),17/04/26 11:00:00,A,TOTAL,SPR,TOTAL,PC_GDP,AT,2020-01-01,3.03,,
ESTAT:SPR_EXP_FFA(1.0),17/04/26 11:00:00,A,TOTAL,SPR,TOTAL,PC_GDP,BA,2020-01-01,0.94,,
ESTAT:SPR_EXP_FFA(1.0),17/04/26 11:00:00,A,TOTAL,SPR,TOTAL,PC_GDP,BE,2020-01-01,2.28,,
ESTAT:SPR_EXP_FFA(1.0),17/04/26 11:00:00,A,TOTAL,SPR,TOTAL,PC_GDP,BG,2020-01-01,1.63,,
ESTAT:SPR_EXP_FFA(1.0),17/04/26 11:00:00,A,TOTAL,SPR,TOTAL,PC_GDP,CH,2020-01-01,1.63,,
ESTAT:SPR_EXP_FFA(1.0),17/04/26 11:00:00,A,TOTAL,SPR,TOTAL,PC_GDP,CY,2020-01-01,1.22,,
ESTAT:SPR_EXP_FFA(1.0),17/04/26 11:00:00,A,TOTAL,SPR,TOTAL,PC_GDP,CZ,2020-01-01,1.83,,
ESTAT:SPR_EXP_FFA(1.0),17/04/26 11:00:00,A,TOTAL,SPR,TOTAL,PC_GDP,DE,2020-01-01,3.69,,
ESTAT:SPR_EXP_FFA(1.0),17/04/26 11:00:00,A,TOTAL,SPR,TOTAL,PC_GDP,DK,2020-01-01,3.41,,
ESTAT:SPR_EXP_FFA(1.0),17/04/26 11:00:00,A,TOTAL,SPR,TOTAL,PC_GDP,EA19,2020-01-01,2.44,p,
ESTAT:SPR_EXP_FFA(1.0),17/04/26 11:00:00,A,TOTAL,SPR,TOTAL,PC_GDP,EA20,2020-01-01,2.44,p,
ESTAT:SPR_EXP_FFA(1.0),17/04/26 11:00:00,A,TOTAL,SPR,TOTAL,PC_GDP,EA21,2020-01-01,2.43,p,
ESTAT:SPR_EXP_FFA(1.0),17/04/26 11:00:00,A,TOTAL,SPR,TOTAL,PC_GDP,EE,2020-01-01,2.39,,
ESTAT:SPR_EXP_FFA(1.0),17/04/26 11:00:00,A,TOTAL,SPR,TOTAL,PC_GDP,EL,2020-01-01,1.38,,
ESTAT:SPR_EXP_FFA(1.0),17/04/26 11:00:00,A,TOTAL,SPR,TOTAL,PC_GDP,ES,2020-01-01,1.58,,
ESTAT:SPR_EXP_FFA(1.0),17/04/26 11:00:00,A,TOTAL,SPR,TOTAL,PC_GDP,EU27_2020,2020-01-01,2.5,p,
ESTAT:SPR_EXP_FFA(1.0),17/04/26 11:00:00,A,TOTAL,SPR,TOTAL,PC_GDP,FI,2020-01-01,3.1,,
ESTAT:SPR_EXP_FFA(1.0),17/04/26 11:00:00,A,TOTAL,SPR,TOTAL,PC_GDP,FR,2020-01-01,2.52,,
ESTAT:SPR_EXP_FFA(1.0),17/04/26 11:00:00,A,TOTAL,SPR,TOTAL,PC_GDP,HR,2020-01-01,2.17,,
ESTAT:SPR_EXP_FFA(1.0),17/04/26 11:00:00,A,TOTAL,SPR,TOTAL,PC_GDP,HU,2020-01-01,1.98,,
ESTAT:SPR_EXP_FFA(1.0),17/04/26 11:00:00,A,TOTAL,SPR,TOTAL,PC_GDP,IE,2020-01-01,1.24,,
ESTAT:SPR_EXP_FFA(1.0),17/04/26 11:00:00,A,TOTAL,SPR,TOTAL,PC_GDP,IS,2020-01-01,2.85,,
ESTAT:SPR_EXP_FFA(1.0),17/04/26 11:00:00,A,TOTAL,SPR,TOTAL,PC_GDP,IT,2020-01-01,1.24,,
ESTAT:SPR_EXP_FFA(1.0),17/04/26 11:00:00,A,TOTAL,SPR,TOTAL,PC_GDP,LT,2020-01-01,2.15,p,
ESTAT:SPR_EXP_FFA(1.0),17/04/26 11:00:00,A,TOTAL,SPR,TOTAL,PC_GDP,LU,2020-01-01,3.76,,
ESTAT:SPR_EXP_FFA(1.0),17/04/26 11:00:00,A,TOTAL,SPR,TOTAL,PC_GDP,LV,2020-01-01,1.75,,
ESTAT:SPR_EXP_FFA(1.0),17/04/26 11:00:00,A,TOTAL,SPR,TOTAL,PC_GDP,ME,2020-01-01,0.75,,
ESTAT:SPR_EXP_FFA(1.0),17/04/26 11:00:00,A,TOTAL,SPR,TOTAL,PC_GDP,MT,2020-01-01,0.87,,
ESTAT:SPR_EXP_FFA(1.0),17/04/26 11:00:00,A,TOTAL,SPR,TOTAL,PC_GDP,NL,2020-01-01,1.29,,
ESTAT:SPR_EXP_FFA(1.0),17/04/26 11:00:00,A,TOTAL,SPR,TOTAL,PC_GDP,NO,2020-01-01,3.25,,
ESTAT:SPR_EXP_FFA(1.0),17/04/26 11:00:00,A,TOTAL,SPR,TOTAL,PC_GDP,PL,2020-01-01,3.73,,
ESTAT:SPR_EXP_FFA(1.0),17/04/26 11:00:00,A,TOTAL,SPR,TOTAL,PC_GDP,PT,2020-01-01,1.38,,
ESTAT:SPR_EXP_FFA(1.0),17/04/26 11:00:00,A,TOTAL,SPR,TOTAL,PC_GDP,RO,2020-01-01,1.92,,
ESTAT:SPR_EXP_FFA(1.0),17/04/26 11:00:00,A,TOTAL,SPR,TOTAL,PC_GDP,RS,2020-01-01,1.18,,
ESTAT:SPR_EXP_FFA(1.0),17/04/26 11:00:00,A,TOTAL,SPR,TOTAL,PC_GDP,SE,2020-01-01,3.06,p,
ESTAT:SPR_EXP_FFA(1.0),17/04/26 11:00:00,A,TOTAL,SPR,TOTAL,PC_GDP,SI,2020-01-01,1.94,p,
ESTAT:SPR_EXP_FFA(1.0),17/04/26 11:00:00,A,TOTAL,SPR,TOTAL,PC_GDP,SK,2020-01-01,1.87,,
ESTAT:SPR_EXP_FFA(1.0),17/04/26 11:00:00,A,TOTAL,SPR,TOTAL,PC_GDP,TR,2020-01-01,0.72,,
ESTAT:SPR_EXP_FFA(1.0),17/04/26 11:00:00,A,TOTAL,SPR,TOTAL,PC_GDP,AL,2021-01-01,2.35,,
ESTAT:SPR_EXP_FFA(1.0),17/04/26 11:00:00,A,TOTAL,SPR,TOTAL,PC_GDP,AT,2021-01-01,2.74,,
ESTAT:SPR_EXP_FFA(1.0),17/04/26 11:00:00,A,TOTAL,SPR,TOTAL,PC_GDP,BA,2021-01-01,0.76,,
ESTAT:SPR_EXP_FFA(1.0),17/04/26 11:00:00,A,TOTAL,SPR,TOTAL,PC_GDP,BE,2021-01-01,2.11,,
ESTAT:SPR_EXP_FFA(1.0),17/04/26 11:00:00,A,TOTAL,SPR,TOTAL,PC_GDP,BG,2021-01-01,1.55,,
ESTAT:SPR_EXP_FFA(1.0),17/04/26 11:00:00,A,TOTAL,SPR,TOTAL,PC_GDP,CH,2021-01-01,1.54,,
ESTAT:SPR_EXP_FFA(1.0),17/04/26 11:00:00,A,TOTAL,SPR,TOTAL,PC_GDP,CY,2021-01-01,0.99,,
ESTAT:SPR_EXP_FFA(1.0),17/04/26 11:00:00,A,TOTAL,SPR,TOTAL,PC_GDP,CZ,2021-01-01,1.71,,
ESTAT:SPR_EXP_FFA(1.0),17/04/26 11:00:00,A,TOTAL,SPR,TOTAL,PC_GDP,DE,2021-01-01,3.58,,
ESTAT:SPR_EXP_FFA(1.0),17/04/26 11:00:00,A,TOTAL,SPR,TOTAL,PC_GDP,DK,2021-01-01,3.17,,
ESTAT:SPR_EXP_FFA(1.0),17/04/26 11:00:00,A,TOTAL,SPR,TOTAL,PC_GDP,EA19,2021-01-01,2.31,p,
ESTAT:SPR_EXP_FFA(1.0),17/04/26 11:00:00,A,TOTAL,SPR,TOTAL,PC_GDP,EA20,2021-01-01,2.3,p,
ESTAT:SPR_EXP_FFA(1.0),17/04/26 11:00:00,A,TOTAL,SPR,TOTAL,PC_GDP,EA21,2021-01-01,2.3,p,
ESTAT:SPR_EXP_FFA(1.0),17/04/26 11:00:00,A,TOTAL,SPR,TOTAL,PC_GDP,EE,2021-01-01,2.16,,
ESTAT:SPR_EXP_FFA(1.0),17/04/26 11:00:00,A,TOTAL,SPR,TOTAL,PC_GDP,EL,2021-01-01,1.4,,
ESTAT:SPR_EXP_FFA(1.0),17/04/26 11:00:00,A,TOTAL,SPR,TOTAL,PC_GDP,ES,2021-01-01,1.53,,
ESTAT:SPR_EXP_FFA(1.0),17/04/26 11:00:00,A,TOTAL,SPR,TOTAL,PC_GDP,EU27_2020,2021-01-01,2.36,p,
ESTAT:SPR_EXP_FFA(1.0),17/04/26 11:00:00,A,TOTAL,SPR,TOTAL,PC_GDP,FI,2021-01-01,3.05,,
ESTAT:SPR_EXP_FFA(1.0),17/04/26 11:00:00,A,TOTAL,SPR,TOTAL,PC_GDP,FR,2021-01-01,2.28,,
ESTAT:SPR_EXP_FFA(1.0),17/04/26 11:00:00,A,TOTAL,SPR,TOTAL,PC_GDP,HR,2021-01-01,1.99,,
ESTAT:SPR_EXP_FFA(1.0),17/04/26 11:00:00,A,TOTAL,SPR,TOTAL,PC_GDP,HU,2021-01-01,1.83,,
ESTAT:SPR_EXP_FFA(1.0),17/04/26 11:00:00,A,TOTAL,SPR,TOTAL,PC_GDP,IE,2021-01-01,1.07,,
ESTAT:SPR_EXP_FFA(1.0),17/04/26 11:00:00,A,TOTAL,SPR,TOTAL,PC_GDP,IS,2021-01-01,2.78,,
ESTAT:SPR_EXP_FFA(1.0),17/04/26 11:00:00,A,TOTAL,SPR,TOTAL,PC_GDP,IT,2021-01-01,1.24,p,
ESTAT:SPR_EXP_FFA(1.0),17/04/26 11:00:00,A,TOTAL,SPR,TOTAL,PC_GDP,LT,2021-01-01,2.01,p,
ESTAT:SPR_EXP_FFA(1.0),17/04/26 11:00:00,A,TOTAL,SPR,TOTAL,PC_GDP,LU,2021-01-01,3.16,,
ESTAT:SPR_EXP_FFA(1.0),17/04/26 11:00:00,A,TOTAL,SPR,TOTAL,PC_GDP,LV,2021-01-01,2.19,p,
ESTAT:SPR_EXP_FFA(1.0),17/04/26 11:00:00,A,TOTAL,SPR,TOTAL,PC_GDP,ME,2021-01-01,0.74,,
ESTAT:SPR_EXP_FFA(1.0),17/04/26 11:00:00,A,TOTAL,SPR,TOTAL,PC_GDP,MT,2021-01-01,0.86,,
ESTAT:SPR_EXP_FFA(1.0),17/04/26 11:00:00,A,TOTAL,SPR,TOTAL,PC_GDP,NL,2021-01-01,1.25,,
ESTAT:SPR_EXP_FFA(1.0),17/04/26 11:00:00,A,TOTAL,SPR,TOTAL,PC_GDP,NO,2021-01-01,2.68,,
ESTAT:SPR_EXP_FFA(1.0),17/04/26 11:00:00,A,TOTAL,SPR,TOTAL,PC_GDP,PL,2021-01-01,3.34,,
ESTAT:SPR_EXP_FFA(1.0),17/04/26 11:00:00,A,TOTAL,SPR,TOTAL,PC_GDP,PT,2021-01-01,1.3,,
ESTAT:SPR_EXP_FFA(1.0),17/04/26 11:00:00,A,TOTAL,SPR,TOTAL,PC_GDP,RO,2021-01-01,1.94,,
ESTAT:SPR_EXP_FFA(1.0),17/04/26 11:00:00,A,TOTAL,SPR,TOTAL,PC_GDP,RS,2021-01-01,1.14,,
ESTAT:SPR_EXP_FFA(1.0),17/04/26 11:00:00,A,TOTAL,SPR,TOTAL,PC_GDP,SE,2021-01-01,2.89,p,
ESTAT:SPR_EXP_FFA(1.0),17/04/26 11:00:00,A,TOTAL,SPR,TOTAL,PC_GDP,SI,2021-01-01,1.87,p,
ESTAT:SPR_EXP_FFA(1.0),17/04/26 11:00:00,A,TOTAL,SPR,TOTAL,PC_GDP,SK,2021-01-01,1.91,,
ESTAT:SPR_EXP_FFA(1.0),17/04/26 11:00:00,A,TOTAL,SPR,TOTAL,PC_GDP,TR,2021-01-01,0.54,,
ESTAT:SPR_EXP_FFA(1.0),17/04/26 11:00:00,A,TOTAL,SPR,TOTAL,PC_GDP,AL,2022-01-01,2.12,,
ESTAT:SPR_EXP_FFA(1.0),17/04/26 11:00:00,A,TOTAL,SPR,TOTAL,PC_GDP,AT,2022-01-01,2.7,,
ESTAT:SPR_EXP_FFA(1.0),17/04/26 11:00:00,A,TOTAL,SPR,TOTAL,PC_GDP,BA,2022-01-01,0.88,,
ESTAT:SPR_EXP_FFA(1.0),17/04/26 11:00:00,A,TOTAL,SPR,TOTAL,PC_GDP,BE,2022-01-01,2.03,,
ESTAT:SPR_EXP_FFA(1.0),17/04/26 11:00:00,A,TOTAL,SPR,TOTAL,PC_GDP,BG,2022-01-01,1.58,,
ESTAT:SPR_EXP_FFA(1.0),17/04/26 11:00:00,A,TOTAL,SPR,TOTAL,PC_GDP,CH,2022-01-01,1.48,p,
ESTAT:SPR_EXP_FFA(1.0),17/04/26 11:00:00,A,TOTAL,SPR,TOTAL,PC_GDP,CY,2022-01-01,0.87,,
ESTAT:SPR_EXP_FFA(1.0),17/04/26 11:00:00,A,TOTAL,SPR,TOTAL,PC_GDP,CZ,2022-01-01,1.64,,
ESTAT:SPR_EXP_FFA(1.0),17/04/26 11:00:00,A,TOTAL,SPR,TOTAL,PC_GDP,DE,2022-01-01,3.39,,
ESTAT:SPR_EXP_FFA(1.0),17/04/26 11:00:00,A,TOTAL,SPR,TOTAL,PC_GDP,DK,2022-01-01,2.92,,
ESTAT:SPR_EXP_FFA(1.0),17/04/26 11:00:00,A,TOTAL,SPR,TOTAL,PC_GDP,EA19,2022-01-01,2.25,p,
ESTAT:SPR_EXP_FFA(1.0),17/04/26 11:00:00,A,TOTAL,SPR,TOTAL,PC_GDP,EA20,2022-01-01,2.25,p,
ESTAT:SPR_EXP_FFA(1.0),17/04/26 11:00:00,A,TOTAL,SPR,TOTAL,PC_GDP,EA21,2022-01-01,2.24,p,
ESTAT:SPR_EXP_FFA(1.0),17/04/26 11:00:00,A,TOTAL,SPR,TOTAL,PC_GDP,EE,2022-01-01,1.92,,
ESTAT:SPR_EXP_FFA(1.0),17/04/26 11:00:00,A,TOTAL,SPR,TOTAL,PC_GDP,EL,2022-01-01,1.34,,
ESTAT:SPR_EXP_FFA(1.0),17/04/26 11:00:00,A,TOTAL,SPR,TOTAL,PC_GDP,ES,2022-01-01,1.46,,
ESTAT:SPR_EXP_FFA(1.0),17/04/26 11:00:00,A,TOTAL,SPR,TOTAL,PC_GDP,EU27_2020,2022-01-01,2.3,p,
ESTAT:SPR_EXP_FFA(1.0),17/04/26 11:00:00,A,TOTAL,SPR,TOTAL,PC_GDP,FI,2022-01-01,3.02,,
ESTAT:SPR_EXP_FFA(1.0),17/04/26 11:00:00,A,TOTAL,SPR,TOTAL,PC_GDP,FR,2022-01-01,2.24,,
ESTAT:SPR_EXP_FFA(1.0),17/04/26 11:00:00,A,TOTAL,SPR,TOTAL,PC_GDP,HR,2022-01-01,1.87,,
ESTAT:SPR_EXP_FFA(1.0),17/04/26 11:00:00,A,TOTAL,SPR,TOTAL,PC_GDP,HU,2022-01-01,1.73,,
ESTAT:SPR_EXP_FFA(1.0),17/04/26 11:00:00,A,TOTAL,SPR,TOTAL,PC_GDP,IE,2022-01-01,1.03,,
ESTAT:SPR_EXP_FFA(1.0),17/04/26 11:00:00,A,TOTAL,SPR,TOTAL,PC_GDP,IS,2022-01-01,2.58,,
ESTAT:SPR_EXP_FFA(1.0),17/04/26 11:00:00,A,TOTAL,SPR,TOTAL,PC_GDP,IT,2022-01-01,1.5,p,
ESTAT:SPR_EXP_FFA(1.0),17/04/26 11:00:00,A,TOTAL,SPR,TOTAL,PC_GDP,LT,2022-01-01,1.91,,
ESTAT:SPR_EXP_FFA(1.0),17/04/26 11:00:00,A,TOTAL,SPR,TOTAL,PC_GDP,LU,2022-01-01,3.23,,
ESTAT:SPR_EXP_FFA(1.0),17/04/26 11:00:00,A,TOTAL,SPR,TOTAL,PC_GDP,LV,2022-01-01,1.95,,
ESTAT:SPR_EXP_FFA(1.0),17/04/26 11:00:00,A,TOTAL,SPR,TOTAL,PC_GDP,ME,2022-01-01,1.36,,
ESTAT:SPR_EXP_FFA(1.0),17/04/26 11:00:00,A,TOTAL,SPR,TOTAL,PC_GDP,MT,2022-01-01,0.87,,
ESTAT:SPR_EXP_FFA(1.0),17/04/26 11:00:00,A,TOTAL,SPR,TOTAL,PC_GDP,NL,2022-01-01,1.19,,
ESTAT:SPR_EXP_FFA(1.0),17/04/26 11:00:00,A,TOTAL,SPR,TOTAL,PC_GDP,NO,2022-01-01,2.12,,
ESTAT:SPR_EXP_FFA(1.0),17/04/26 11:00:00,A,TOTAL,SPR,TOTAL,PC_GDP,PL,2022-01-01,3.21,,
ESTAT:SPR_EXP_FFA(1.0),17/04/26 11:00:00,A,TOTAL,SPR,TOTAL,PC_GDP,PT,2022-01-01,1.25,,
ESTAT:SPR_EXP_FFA(1.0),17/04/26 11:00:00,A,TOTAL,SPR,TOTAL,PC_GDP,RO,2022-01-01,1.93,,
ESTAT:SPR_EXP_FFA(1.0),17/04/26 11:00:00,A,TOTAL,SPR,TOTAL,PC_GDP,RS,2022-01-01,1.23,,
ESTAT:SPR_EXP_FFA(1.0),17/04/26 11:00:00,A,TOTAL,SPR,TOTAL,PC_GDP,SE,2022-01-01,2.78,p,
ESTAT:SPR_EXP_FFA(1.0),17/04/26 11:00:00,A,TOTAL,SPR,TOTAL,PC_GDP,SI,2022-01-01,1.78,,
ESTAT:SPR_EXP_FFA(1.0),17/04/26 11:00:00,A,TOTAL,SPR,TOTAL,PC_GDP,SK,2022-01-01,1.92,,
ESTAT:SPR_EXP_FFA(1.0),17/04/26 11:00:00,A,TOTAL,SPR,TOTAL,PC_GDP,TR,2022-01-01,0.55,,
