DATAFLOW,LAST UPDATE,freq,frequenc,sex,unit,geo,TIME_PERIOD,OBS_VALUE,OBS_FLAG,CONF_STATUS
ESTAT:CULT_PCS_NWS(1.0),25/02/16 23:00:00,A,DAY,F,PC,AT,2007-01-01,66.4,,
ESTAT:CULT_PCS_NWS(1.0),25/02/16 23:00:00,A,DAY,F,PC,BE,2007-01-01,36.3,,
ESTAT:CULT_PCS_NWS(1.0),25/02/16 23:00:00,A,DAY,F,PC,BG,2007-01-01,39.8,,
ESTAT:CULT_PCS_NWS(1.0),25/02/16 23:00:00,A,DAY,F,PC,CY,2007-01-01,27.6,,
ESTAT:CULT_PCS_NWS(1.0),25/02/16 23:00:00,A,DAY,F,PC,CZ,2007-01-01,46.2,,
ESTAT:CULT_PCS_NWS(1.0),25/02/16 23:00:00,A,DAY,F,PC,EE,2007-01-01,70.8,,
ESTAT:CULT_PCS_NWS(1.0),25/02/16 23:00:00,A,DAY,F,PC,EL,2007-01-01,20.7,,
ESTAT:CULT_PCS_NWS(1.0),25/02/16 23:00:00,A,DAY,F,PC,ES,2007-01-01,42.4,,
ESTAT:CULT_PCS_NWS(1.0),25/02/16 23:00:00,A,DAY,F,PC,FI,2007-01-01,87.7,,
ESTAT:CULT_PCS_NWS(1.0),25/02/16 23:00:00,A,DAY,F,PC,HR,2007-01-01,52.9,,
ESTAT:CULT_PCS_NWS(1.0),25/02/16 23:00:00,A,DAY,F,PC,HU,2007-01-01,62.5,,
ESTAT:CULT_PCS_NWS(1.0),25/02/16 23:00:00,A,DAY,F,PC,LT,2007-01-01,65.0,,
ESTAT:CULT_PCS_NWS(1.0),25/02/16 23:00:00,A,DAY,F,PC,LV,2007-01-01,66.3,,
ESTAT:CULT_PCS_NWS(1.0),25/02/16 23:00:00,A,DAY,F,PC,MT,2007-01-01,27.5,,
ESTAT:CULT_PCS_NWS(1.0),25/02/16 23:00:00,A,DAY,F,PC,PL,2007-01-01,46.0,,
ESTAT:CULT_PCS_NWS(1.0),25/02/16 23:00:00,A,DAY,F,PC,PT,2007-01-01,29.2,,
ESTAT:CULT_PCS_NWS(1.0),25/02/16 23:00:00,A,DAY,F,PC,RO,2007-01-01,24.7,,
ESTAT:CULT_PCS_NWS(1.0),25/02/16 23:00:00,A,DAY,F,PC,SI,2007-01-01,66.0,,
ESTAT:CULT_PCS_NWS(1.0),25/02/16 23:00:00,A,DAY,F,PC,SK,2007-01-01,64.5,,
ESTAT:CULT_PCS_NWS(1.0),25/02/16 23:00:00,A,DAY,F,PC,TR,2007-01-01,24.9,,
ESTAT:CULT_PCS_NWS(1.0),25/02/16 23:00:00,A,DAY,M,PC,AT,2007-01-01,76.0,,
ESTAT:CULT_PCS_NWS(1.0),25/02/16 23:00:00,A,DAY,M,PC,BE,2007-01-01,47.8,,
ESTAT:CULT_PCS_NWS(1.0),25/02/16 23:00:00,A,DAY,M,PC,BG,2007-01-01,49.8,,
ESTAT:CULT_PCS_NWS(1.0),25/02/16 23:00:00,A,DAY,M,PC,CY,2007-01-01,52.3,,
ESTAT:CULT_PCS_NWS(1.0),25/02/16 23:00:00,A,DAY,M,PC,CZ,2007-01-01,62.8,,
ESTAT:CULT_PCS_NWS(1.0),25/02/16 23:00:00,A,DAY,M,PC,EE,2007-01-01,69.8,,
ESTAT:CULT_PCS_NWS(1.0),25/02/16 23:00:00,A,DAY,M,PC,EL,2007-01-01,41.1,,
ESTAT:CULT_PCS_NWS(1.0),25/02/16 23:00:00,A,DAY,M,PC,ES,2007-01-01,57.2,,
ESTAT:CULT_PCS_NWS(1.0),25/02/16 23:00:00,A,DAY,M,PC,FI,2007-01-01,88.5,,
ESTAT:CULT_PCS_NWS(1.0),25/02/16 23:00:00,A,DAY,M,PC,HR,2007-01-01,62.6,,
ESTAT:CULT_PCS_NWS(1.0),25/02/16 23:00:00,A,DAY,M,PC,HU,2007-01-01,65.1,,
ESTAT:CULT_PCS_NWS(1.0),25/02/16 23:00:00,A,DAY,M,PC,LT,2007-01-01,62.9,,
ESTAT:CULT_PCS_NWS(1.0),25/02/16 23:00:00,A,DAY,M,PC,LV,2007-01-01,56.9,,
ESTAT:CULT_PCS_NWS(1.0),25/02/16 23:00:00,A,DAY,M,PC,MT,2007-01-01,38.5,,
ESTAT:CULT_PCS_NWS(1.0),25/02/16 23:00:00,A,DAY,M,PC,PL,2007-01-01,47.3,,
ESTAT:CULT_PCS_NWS(1.0),25/02/16 23:00:00,A,DAY,M,PC,PT,2007-01-01,53.0,,
ESTAT:CULT_PCS_NWS(1.0),25/02/16 23:00:00,A,DAY,M,PC,RO,2007-01-01,43.3,,
ESTAT:CULT_PCS_NWS(1.0),25/02/16 23:00:00,A,DAY,M,PC,SI,2007-01-01,69.0,,
ESTAT:CULT_PCS_NWS(1.0),25/02/16 23:00:00,A,DAY,M,PC,SK,2007-01-01,71.6,,
ESTAT:CULT_PCS_NWS(1.0),25/02/16 23:00:00,A,DAY,M,PC,TR,2007-01-01,56.0,,
ESTAT:CULT_PCS_NWS(1.0),25/02/16 23:00:00,A,DAY,T,PC,AT,2007-01-01,71.1,,
ESTAT:CULT_PCS_NWS(1.0),25/02/16 23:00:00,A,DAY,T,PC,BE,2007-01-01,42.1,,
ESTAT:CULT_PCS_NWS(1.0),25/02/16 23:00:00,A,DAY,T,PC,BG,2007-01-01,44.7,,
ESTAT:CULT_PCS_NWS(1.0),25/02/16 23:00:00,A,DAY,T,PC,CY,2007-01-01,39.7,,
ESTAT:CULT_PCS_NWS(1.0),25/02/16 23:00:00,A,DAY,T,PC,CZ,2007-01-01,54.6,,
ESTAT:CULT_PCS_NWS(1.0),25/02/16 23:00:00,A,DAY,T,PC,EE,2007-01-01,70.4,,
ESTAT:CULT_PCS_NWS(1.0),25/02/16 23:00:00,A,DAY,T,PC,EL,2007-01-01,30.9,,
ESTAT:CULT_PCS_NWS(1.0),25/02/16 23:00:00,A,DAY,T,PC,ES,2007-01-01,49.8,,
ESTAT:CULT_PCS_NWS(1.0),25/02/16 23:00:00,A,DAY,T,PC,FI,2007-01-01,88.1,,
ESTAT:CULT_PCS_NWS(1.0),25/02/16 23:00:00,A,DAY,T,PC,HR,2007-01-01,57.7,,
ESTAT:CULT_PCS_NWS(1.0),25/02/16 23:00:00,A,DAY,T,PC,HU,2007-01-01,63.8,,
ESTAT:CULT_PCS_NWS(1.0),25/02/16 23:00:00,A,DAY,T,PC,LT,2007-01-01,64.0,,
ESTAT:CULT_PCS_NWS(1.0),25/02/16 23:00:00,A,DAY,T,PC,LV,2007-01-01,61.8,,
ESTAT:CULT_PCS_NWS(1.0),25/02/16 23:00:00,A,DAY,T,PC,MT,2007-01-01,33.0,,
ESTAT:CULT_PCS_NWS(1.0),25/02/16 23:00:00,A,DAY,T,PC,PL,2007-01-01,46.6,,
ESTAT:CULT_PCS_NWS(1.0),25/02/16 23:00:00,A,DAY,T,PC,PT,2007-01-01,40.9,,
ESTAT:CULT_PCS_NWS(1.0),25/02/16 23:00:00,A,DAY,T,PC,RO,2007-01-01,33.8,,
ESTAT:CULT_PCS_NWS(1.0),25/02/16 23:00:00,A,DAY,T,PC,SI,2007-01-01,67.5,,
ESTAT:CULT_PCS_NWS(1.0),25/02/16 23:00:00,A,DAY,T,PC,SK,2007-01-01,68.1,,
ESTAT:CULT_PCS_NWS(1.0),25/02/16 23:00:00,A,DAY,T,PC,TR,2007-01-01,40.4,,
ESTAT:CULT_PCS_NWS(1.0),25/02/16 23:00:00,A,GE1,F,PC,AT,2007-01-01,96.6,,
ESTAT:CULT_PCS_NWS(1.0),25/02/16 23:00:00,A,GE1,F,PC,BE,2007-01-01,87.7,,
ESTAT:CULT_PCS_NWS(1.0),25/02/16 23:00:00,A,GE1,F,PC,BG,2007-01-01,87.3,,
ESTAT:CULT_PCS_NWS(1.0),25/02/16 23:00:00,A,GE1,F,PC,CY,2007-01-01,87.0,,
ESTAT:CULT_PCS_NWS(1.0),25/02/16 23:00:00,A,GE1,F,PC,CZ,2007-01-01,95.9,,
ESTAT:CULT_PCS_NWS(1.0),25/02/16 23:00:00,A,GE1,F,PC,DE,2007-01-01,91.4,,
ESTAT:CULT_PCS_NWS(1.0),25/02/16 23:00:00,A,GE1,F,PC,EE,2007-01-01,98.0,,
ESTAT:CULT_PCS_NWS(1.0),25/02/16 23:00:00,A,GE1,F,PC,EL,2007-01-01,80.0,,
ESTAT:CULT_PCS_NWS(1.0),25/02/16 23:00:00,A,GE1,F,PC,ES,2007-01-01,85.0,,
ESTAT:CULT_PCS_NWS(1.0),25/02/16 23:00:00,A,GE1,F,PC,FI,2007-01-01,99.5,,
ESTAT:CULT_PCS_NWS(1.0),25/02/16 23:00:00,A,GE1,F,PC,HR,2007-01-01,94.1,,
ESTAT:CULT_PCS_NWS(1.0),25/02/16 23:00:00,A,GE1,F,PC,HU,2007-01-01,96.3,,
ESTAT:CULT_PCS_NWS(1.0),25/02/16 23:00:00,A,GE1,F,PC,LT,2007-01-01,98.9,,
ESTAT:CULT_PCS_NWS(1.0),25/02/16 23:00:00,A,GE1,F,PC,LV,2007-01-01,98.5,,
ESTAT:CULT_PCS_NWS(1.0),25/02/16 23:00:00,A,GE1,F,PC,MT,2007-01-01,82.0,,
ESTAT:CULT_PCS_NWS(1.0),25/02/16 23:00:00,A,GE1,F,PC,PL,2007-01-01,98.5,,
ESTAT:CULT_PCS_NWS(1.0),25/02/16 23:00:00,A,GE1,F,PC,PT,2007-01-01,81.4,,
ESTAT:CULT_PCS_NWS(1.0),25/02/16 23:00:00,A,GE1,F,PC,RO,2007-01-01,89.7,,
ESTAT:CULT_PCS_NWS(1.0),25/02/16 23:00:00,A,GE1,F,PC,SI,2007-01-01,97.2,,
ESTAT:CULT_PCS_NWS(1.0),25/02/16 23:00:00,A,GE1,F,PC,SK,2007-01-01,99.4,,
ESTAT:CULT_PCS_NWS(1.0),25/02/16 23:00:00,A,GE1,F,PC,TR,2007-01-01,64.0,,
ESTAT:CULT_PCS_NWS(1.0),25/02/16 23:00:00,A,GE1,M,PC,AT,2007-01-01,97.5,,
ESTAT:CULT_PCS_NWS(1.0),25/02/16 23:00:00,A,GE1,M,PC,BE,2007-01-01,89.7,,
ESTAT:CULT_PCS_NWS(1.0),25/02/16 23:00:00,A,GE1,M,PC,BG,2007-01-01,90.8,,
ESTAT:CULT_PCS_NWS(1.0),25/02/16 23:00:00,A,GE1,M,PC,CY,2007-01-01,93.7,,
ESTAT:CULT_PCS_NWS(1.0),25/02/16 23:00:00,A,GE1,M,PC,CZ,2007-01-01,97.0,,
ESTAT:CULT_PCS_NWS(1.0),25/02/16 23:00:00,A,GE1,M,PC,DE,2007-01-01,92.7,,
ESTAT:CULT_PCS_NWS(1.0),25/02/16 23:00:00,A,GE1,M,PC,EE,2007-01-01,98.3,,
ESTAT:CULT_PCS_NWS(1.0),25/02/16 23:00:00,A,GE1,M,PC,EL,2007-01-01,91.2,,
ESTAT:CULT_PCS_NWS(1.0),25/02/16 23:00:00,A,GE1,M,PC,ES,2007-01-01,91.7,,
ESTAT:CULT_PCS_NWS(1.0),25/02/16 23:00:00,A,GE1,M,PC,FI,2007-01-01,99.2,,
ESTAT:CULT_PCS_NWS(1.0),25/02/16 23:00:00,A,GE1,M,PC,HR,2007-01-01,95.5,,
ESTAT:CULT_PCS_NWS(1.0),25/02/16 23:00:00,A,GE1,M,PC,HU,2007-01-01,96.6,,
ESTAT:CULT_PCS_NWS(1.0),25/02/16 23:00:00,A,GE1,M,PC,LT,2007-01-01,98.4,,
ESTAT:CULT_PCS_NWS(1.0),25/02/16 23:00:00,A,GE1,M,PC,LV,2007-01-01,96.1,,
ESTAT:CULT_PCS_NWS(1.0),25/02/16 23:00:00,A,GE1,M,PC,MT,2007-01-01,82.6,,
ESTAT:CULT_PCS_NWS(1.0),25/02/16 23:00:00,A,GE1,M,PC,PL,2007-01-01,97.3,,
ESTAT:CULT_PCS_NWS(1.0),25/02/16 23:00:00,A,GE1,M,PC,PT,2007-01-01,92.2,,
ESTAT:CULT_PCS_NWS(1.0),25/02/16 23:00:00,A,GE1,M,PC,RO,2007-01-01,95.0,,
ESTAT:CULT_PCS_NWS(1.0),25/02/16 23:00:00,A,GE1,M,PC,SI,2007-01-01,97.4,,
ESTAT:CULT_PCS_NWS(1.0),25/02/16 23:00:00,A,GE1,M,PC,SK,2007-01-01,99.3,,
ESTAT:CULT_PCS_NWS(1.0),25/02/16 23:00:00,A,GE1,M,PC,TR,2007-01-01,88.8,,
ESTAT:CULT_PCS_NWS(1.0),25/02/16 23:00:00,A,GE1,T,PC,AT,2007-01-01,97.1,,
ESTAT:CULT_PCS_NWS(1.0),25/02/16 23:00:00,A,GE1,T,PC,BE,2007-01-01,88.7,,
ESTAT:CULT_PCS_NWS(1.0),25/02/16 23:00:00,A,GE1,T,PC,BG,2007-01-01,89.0,,
ESTAT:CULT_PCS_NWS(1.0),25/02/16 23:00:00,A,GE1,T,PC,CY,2007-01-01,90.3,,
ESTAT:CULT_PCS_NWS(1.0),25/02/16 23:00:00,A,GE1,T,PC,CZ,2007-01-01,96.5,,
ESTAT:CULT_PCS_NWS(1.0),25/02/16 23:00:00,A,GE1,T,PC,DE,2007-01-01,92.1,,
ESTAT:CULT_PCS_NWS(1.0),25/02/16 23:00:00,A,GE1,T,PC,EE,2007-01-01,98.1,,
ESTAT:CULT_PCS_NWS(1.0),25/02/16 23:00:00,A,GE1,T,PC,EL,2007-01-01,85.6,,
ESTAT:CULT_PCS_NWS(1.0),25/02/16 23:00:00,A,GE1,T,PC,ES,2007-01-01,88.4,,
ESTAT:CULT_PCS_NWS(1.0),25/02/16 23:00:00,A,GE1,T,PC,FI,2007-01-01,99.3,,
ESTAT:CULT_PCS_NWS(1.0),25/02/16 23:00:00,A,GE1,T,PC,HR,2007-01-01,94.8,,
ESTAT:CULT_PCS_NWS(1.0),25/02/16 23:00:00,A,GE1,T,PC,HU,2007-01-01,96.4,,
ESTAT:CULT_PCS_NWS(1.0),25/02/16 23:00:00,A,GE1,T,PC,LT,2007-01-01,98.6,,
ESTAT:CULT_PCS_NWS(1.0),25/02/16 23:00:00,A,GE1,T,PC,LV,2007-01-01,97.3,,
ESTAT:CULT_PCS_NWS(1.0),25/02/16 23:00:00,A,GE1,T,PC,MT,2007-01-01,82.3,,
ESTAT:CULT_PCS_NWS(1.0),25/02/16 23:00:00,A,GE1,T,PC,PL,2007-01-01,97.9,,
ESTAT:CULT_PCS_NWS(1.0),25/02/16 23:00:00,A,GE1,T,PC,PT,2007-01-01,86.7,,
ESTAT:CULT_PCS_NWS(1.0),25/02/16 23:00:00,A,GE1,T,PC,RO,2007-01-01,92.3,,
ESTAT:CULT_PCS_NWS(1.0),25/02/16 23:00:00,A,GE1,T,PC,SI,2007-01-01,97.3,,
ESTAT:CULT_PCS_NWS(1.0),25/02/16 23:00:00,A,GE1,T,PC,SK,2007-01-01,99.4,,
ESTAT:CULT_PCS_NWS(1.0),25/02/16 23:00:00,A,GE1,T,PC,TR,2007-01-01,76.3,,
ESTAT:CULT_PCS_NWS(1.0),25/02/16 23:00:00,A,GE1M,F,PC,AT,2007-01-01,2.5,,
ESTAT:CULT_PCS_NWS(1.0),25/02/16 23:00:00,A,GE1M,F,PC,BE,2007-01-01,8.5,,
ESTAT:CULT_PCS_NWS(1.0),25/02/16 23:00:00,A,GE1M,F,PC,BG,2007-01-01,5.5,,
ESTAT:CULT_PCS_NWS(1.0),25/02/16 23:00:00,A,GE1M,F,PC,CY,2007-01-01,9.2,,
ESTAT:CULT_PCS_NWS(1.0),25/02/16 23:00:00,A,GE1M,F,PC,CZ,2007-01-01,9.7,,
ESTAT:CULT_PCS_NWS(1.0),25/02/16 23:00:00,A,GE1M,F,PC,EE,2007-01-01,2.5,,
ESTAT:CULT_PCS_NWS(1.0),25/02/16 23:00:00,A,GE1M,F,PC,EL,2007-01-01,10.9,,
ESTAT:CULT_PCS_NWS(1.0),25/02/16 23:00:00,A,GE1M,F,PC,ES,2007-01-01,7.4,,
ESTAT:CULT_PCS_NWS(1.0),25/02/16 23:00:00,A,GE1M,F,PC,FI,2007-01-01,1.2,u,
ESTAT:CULT_PCS_NWS(1.0),25/02/16 23:00:00,A,GE1M,F,PC,HR,2007-01-01,5.7,,
ESTAT:CULT_PCS_NWS(1.0),25/02/16 23:00:00,A,GE1M,F,PC,HU,2007-01-01,4.1,,
ESTAT:CULT_PCS_NWS(1.0),25/02/16 23:00:00,A,GE1M,F,PC,LT,2007-01-01,2.4,,
ESTAT:CULT_PCS_NWS(1.0),25/02/16 23:00:00,A,GE1M,F,PC,LV,2007-01-01,3.0,u,
ESTAT:CULT_PCS_NWS(1.0),25/02/16 23:00:00,A,GE1M,F,PC,MT,2007-01-01,8.3,,
ESTAT:CULT_PCS_NWS(1.0),25/02/16 23:00:00,A,GE1M,F,PC,PL,2007-01-01,5.8,,
ESTAT:CULT_PCS_NWS(1.0),25/02/16 23:00:00,A,GE1M,F,PC,PT,2007-01-01,8.9,,
ESTAT:CULT_PCS_NWS(1.0),25/02/16 23:00:00,A,GE1M,F,PC,RO,2007-01-01,13.5,,
ESTAT:CULT_PCS_NWS(1.0),25/02/16 23:00:00,A,GE1M,F,PC,SI,2007-01-01,3.3,,
ESTAT:CULT_PCS_NWS(1.0),25/02/16 23:00:00,A,GE1M,F,PC,SK,2007-01-01,2.9,,
ESTAT:CULT_PCS_NWS(1.0),25/02/16 23:00:00,A,GE1M,F,PC,TR,2007-01-01,8.5,,
ESTAT:CULT_PCS_NWS(1.0),25/02/16 23:00:00,A,GE1M,M,PC,AT,2007-01-01,1.9,u,
ESTAT:CULT_PCS_NWS(1.0),25/02/16 23:00:00,A,GE1M,M,PC,BE,2007-01-01,7.3,,
ESTAT:CULT_PCS_NWS(1.0),25/02/16 23:00:00,A,GE1M,M,PC,BG,2007-01-01,4.6,,
ESTAT:CULT_PCS_NWS(1.0),25/02/16 23:00:00,A,GE1M,M,PC,CY,2007-01-01,4.8,,
ESTAT:CULT_PCS_NWS(1.0),25/02/16 23:00:00,A,GE1M,M,PC,CZ,2007-01-01,6.1,,
ESTAT:CULT_PCS_NWS(1.0),25/02/16 23:00:00,A,GE1M,M,PC,EE,2007-01-01,3.1,u,
ESTAT:CULT_PCS_NWS(1.0),25/02/16 23:00:00,A,GE1M,M,PC,EL,2007-01-01,6.7,,
ESTAT:CULT_PCS_NWS(1.0),25/02/16 23:00:00,A,GE1M,M,PC,ES,2007-01-01,5.4,,
ESTAT:CULT_PCS_NWS(1.0),25/02/16 23:00:00,A,GE1M,M,PC,FI,2007-01-01,,u,
ESTAT:CULT_PCS_NWS(1.0),25/02/16 23:00:00,A,GE1M,M,PC,HR,2007-01-01,4.2,,
ESTAT:CULT_PCS_NWS(1.0),25/02/16 23:00:00,A,GE1M,M,PC,HU,2007-01-01,3.9,,
ESTAT:CULT_PCS_NWS(1.0),25/02/16 23:00:00,A,GE1M,M,PC,LT,2007-01-01,3.1,u,
ESTAT:CULT_PCS_NWS(1.0),25/02/16 23:00:00,A,GE1M,M,PC,LV,2007-01-01,5.2,,
ESTAT:CULT_PCS_NWS(1.0),25/02/16 23:00:00,A,GE1M,M,PC,MT,2007-01-01,5.4,u,
ESTAT:CULT_PCS_NWS(1.0),25/02/16 23:00:00,A,GE1M,M,PC,PL,2007-01-01,7.0,,
ESTAT:CULT_PCS_NWS(1.0),25/02/16 23:00:00,A,GE1M,M,PC,PT,2007-01-01,5.7,,
ESTAT:CULT_PCS_NWS(1.0),25/02/16 23:00:00,A,GE1M,M,PC,RO,2007-01-01,9.7,,
ESTAT:CULT_PCS_NWS(1.0),25/02/16 23:00:00,A,GE1M,M,PC,SI,2007-01-01,2.8,,
ESTAT:CULT_PCS_NWS(1.0),25/02/16 23:00:00,A,GE1M,M,PC,SK,2007-01-01,2.9,,
ESTAT:CULT_PCS_NWS(1.0),25/02/16 23:00:00,A,GE1M,M,PC,TR,2007-01-01,5.0,,
ESTAT:CULT_PCS_NWS(1.0),25/02/16 23:00:00,A,GE1M,T,PC,AT,2007-01-01,2.2,,
ESTAT:CULT_PCS_NWS(1.0),25/02/16 23:00:00,A,GE1M,T,PC,BE,2007-01-01,7.9,,
ESTAT:CULT_PCS_NWS(1.0),25/02/16 23:00:00,A,GE1M,T,PC,BG,2007-01-01,5.1,,
ESTAT:CULT_PCS_NWS(1.0),25/02/16 23:00:00,A,GE1M,T,PC,CY,2007-01-01,7.0,,
ESTAT:CULT_PCS_NWS(1.0),25/02/16 23:00:00,A,GE1M,T,PC,CZ,2007-01-01,7.9,,
ESTAT:CULT_PCS_NWS(1.0),25/02/16 23:00:00,A,GE1M,T,PC,EE,2007-01-01,2.8,,
ESTAT:CULT_PCS_NWS(1.0),25/02/16 23:00:00,A,GE1M,T,PC,EL,2007-01-01,8.8,,
ESTAT:CULT_PCS_NWS(1.0),25/02/16 23:00:00,A,GE1M,T,PC,ES,2007-01-01,6.4,,
ESTAT:CULT_PCS_NWS(1.0),25/02/16 23:00:00,A,GE1M,T,PC,FI,2007-01-01,1.1,u,
ESTAT:CULT_PCS_NWS(1.0),25/02/16 23:00:00,A,GE1M,T,PC,HR,2007-01-01,5.0,,
ESTAT:CULT_PCS_NWS(1.0),25/02/16 23:00:00,A,GE1M,T,PC,HU,2007-01-01,4.0,,
ESTAT:CULT_PCS_NWS(1.0),25/02/16 23:00:00,A,GE1M,T,PC,LT,2007-01-01,2.7,,
ESTAT:CULT_PCS_NWS(1.0),25/02/16 23:00:00,A,GE1M,T,PC,LV,2007-01-01,4.0,,
ESTAT:CULT_PCS_NWS(1.0),25/02/16 23:00:00,A,GE1M,T,PC,MT,2007-01-01,6.9,,
ESTAT:CULT_PCS_NWS(1.0),25/02/16 23:00:00,A,GE1M,T,PC,PL,2007-01-01,6.4,,
ESTAT:CULT_PCS_NWS(1.0),25/02/16 23:00:00,A,GE1M,T,PC,PT,2007-01-01,7.3,,
ESTAT:CULT_PCS_NWS(1.0),25/02/16 23:00:00,A,GE1M,T,PC,RO,2007-01-01,11.6,,
ESTAT:CULT_PCS_NWS(1.0),25/02/16 23:00:00,A,GE1M,T,PC,SI,2007-01-01,3.1,,
ESTAT:CULT_PCS_NWS(1.0),25/02/16 23:00:00,A,GE1M,T,PC,SK,2007-01-01,2.9,,
ESTAT:CULT_PCS_NWS(1.0),25/02/16 23:00:00,A,GE1M,T,PC,TR,2007-01-01,6.8,,
ESTAT:CULT_PCS_NWS(1.0),25/02/16 23:00:00,A,GE1W,F,PC,AT,2007-01-01,26.1,,
ESTAT:CULT_PCS_NWS(1.0),25/02/16 23:00:00,A,GE1W,F,PC,BE,2007-01-01,34.0,,
ESTAT:CULT_PCS_NWS(1.0),25/02/16 23:00:00,A,GE1W,F,PC,BG,2007-01-01,38.8,,
ESTAT:CULT_PCS_NWS(1.0),25/02/16 23:00:00,A,GE1W,F,PC,CY,2007-01-01,44.9,,
ESTAT:CULT_PCS_NWS(1.0),25/02/16 23:00:00,A,GE1W,F,PC,CZ,2007-01-01,37.9,,
ESTAT:CULT_PCS_NWS(1.0),25/02/16 23:00:00,A,GE1W,F,PC,EE,2007-01-01,23.7,,
ESTAT:CULT_PCS_NWS(1.0),25/02/16 23:00:00,A,GE1W,F,PC,EL,2007-01-01,35.1,,
ESTAT:CULT_PCS_NWS(1.0),25/02/16 23:00:00,A,GE1W,F,PC,ES,2007-01-01,30.7,,
ESTAT:CULT_PCS_NWS(1.0),25/02/16 23:00:00,A,GE1W,F,PC,FI,2007-01-01,10.1,,
ESTAT:CULT_PCS_NWS(1.0),25/02/16 23:00:00,A,GE1W,F,PC,HR,2007-01-01,32.1,,
ESTAT:CULT_PCS_NWS(1.0),25/02/16 23:00:00,A,GE1W,F,PC,HU,2007-01-01,27.7,,
ESTAT:CULT_PCS_NWS(1.0),25/02/16 23:00:00,A,GE1W,F,PC,LT,2007-01-01,30.1,,
ESTAT:CULT_PCS_NWS(1.0),25/02/16 23:00:00,A,GE1W,F,PC,LV,2007-01-01,28.3,,
ESTAT:CULT_PCS_NWS(1.0),25/02/16 23:00:00,A,GE1W,F,PC,MT,2007-01-01,41.9,,
ESTAT:CULT_PCS_NWS(1.0),25/02/16 23:00:00,A,GE1W,F,PC,PL,2007-01-01,44.5,,
ESTAT:CULT_PCS_NWS(1.0),25/02/16 23:00:00,A,GE1W,F,PC,PT,2007-01-01,35.7,,
ESTAT:CULT_PCS_NWS(1.0),25/02/16 23:00:00,A,GE1W,F,PC,RO,2007-01-01,37.0,,
ESTAT:CULT_PCS_NWS(1.0),25/02/16 23:00:00,A,GE1W,F,PC,SI,2007-01-01,26.8,,
ESTAT:CULT_PCS_NWS(1.0),25/02/16 23:00:00,A,GE1W,F,PC,SK,2007-01-01,30.8,,
ESTAT:CULT_PCS_NWS(1.0),25/02/16 23:00:00,A,GE1W,F,PC,TR,2007-01-01,23.5,,
ESTAT:CULT_PCS_NWS(1.0),25/02/16 23:00:00,A,GE1W,M,PC,AT,2007-01-01,18.3,,
ESTAT:CULT_PCS_NWS(1.0),25/02/16 23:00:00,A,GE1W,M,PC,BE,2007-01-01,28.8,,
ESTAT:CULT_PCS_NWS(1.0),25/02/16 23:00:00,A,GE1W,M,PC,BG,2007-01-01,33.7,,
ESTAT:CULT_PCS_NWS(1.0),25/02/16 23:00:00,A,GE1W,M,PC,CY,2007-01-01,33.4,,
ESTAT:CULT_PCS_NWS(1.0),25/02/16 23:00:00,A,GE1W,M,PC,CZ,2007-01-01,26.8,,
ESTAT:CULT_PCS_NWS(1.0),25/02/16 23:00:00,A,GE1W,M,PC,EE,2007-01-01,24.2,,
ESTAT:CULT_PCS_NWS(1.0),25/02/16 23:00:00,A,GE1W,M,PC,EL,2007-01-01,36.9,,
ESTAT:CULT_PCS_NWS(1.0),25/02/16 23:00:00,A,GE1W,M,PC,ES,2007-01-01,26.6,,
ESTAT:CULT_PCS_NWS(1.0),25/02/16 23:00:00,A,GE1W,M,PC,FI,2007-01-01,8.9,,
ESTAT:CULT_PCS_NWS(1.0),25/02/16 23:00:00,A,GE1W,M,PC,HR,2007-01-01,26.1,,
ESTAT:CULT_PCS_NWS(1.0),25/02/16 23:00:00,A,GE1W,M,PC,HU,2007-01-01,24.7,,
ESTAT:CULT_PCS_NWS(1.0),25/02/16 23:00:00,A,GE1W,M,PC,LT,2007-01-01,30.9,,
ESTAT:CULT_PCS_NWS(1.0),25/02/16 23:00:00,A,GE1W,M,PC,LV,2007-01-01,30.3,,
ESTAT:CULT_PCS_NWS(1.0),25/02/16 23:00:00,A,GE1W,M,PC,MT,2007-01-01,35.0,,
ESTAT:CULT_PCS_NWS(1.0),25/02/16 23:00:00,A,GE1W,M,PC,PL,2007-01-01,39.7,,
ESTAT:CULT_PCS_NWS(1.0),25/02/16 23:00:00,A,GE1W,M,PC,PT,2007-01-01,29.7,,
ESTAT:CULT_PCS_NWS(1.0),25/02/16 23:00:00,A,GE1W,M,PC,RO,2007-01-01,33.2,,
ESTAT:CULT_PCS_NWS(1.0),25/02/16 23:00:00,A,GE1W,M,PC,SI,2007-01-01,24.0,,
ESTAT:CULT_PCS_NWS(1.0),25/02/16 23:00:00,A,GE1W,M,PC,SK,2007-01-01,23.8,,
ESTAT:CULT_PCS_NWS(1.0),25/02/16 23:00:00,A,GE1W,M,PC,TR,2007-01-01,23.9,,
ESTAT:CULT_PCS_NWS(1.0),25/02/16 23:00:00,A,GE1W,T,PC,AT,2007-01-01,22.2,,
ESTAT:CULT_PCS_NWS(1.0),25/02/16 23:00:00,A,GE1W,T,PC,BE,2007-01-01,31.4,,
ESTAT:CULT_PCS_NWS(1.0),25/02/16 23:00:00,A,GE1W,T,PC,BG,2007-01-01,36.3,,
ESTAT:CULT_PCS_NWS(1.0),25/02/16 23:00:00,A,GE1W,T,PC,CY,2007-01-01,39.2,,
ESTAT:CULT_PCS_NWS(1.0),25/02/16 23:00:00,A,GE1W,T,PC,CZ,2007-01-01,32.3,,
ESTAT:CULT_PCS_NWS(1.0),25/02/16 23:00:00,A,GE1W,T,PC,EE,2007-01-01,23.9,,
ESTAT:CULT_PCS_NWS(1.0),25/02/16 23:00:00,A,GE1W,T,PC,EL,2007-01-01,36.0,,
ESTAT:CULT_PCS_NWS(1.0),25/02/16 23:00:00,A,GE1W,T,PC,ES,2007-01-01,28.6,,
ESTAT:CULT_PCS_NWS(1.0),25/02/16 23:00:00,A,GE1W,T,PC,FI,2007-01-01,9.5,,
ESTAT:CULT_PCS_NWS(1.0),25/02/16 23:00:00,A,GE1W,T,PC,HR,2007-01-01,29.1,,
ESTAT:CULT_PCS_NWS(1.0),25/02/16 23:00:00,A,GE1W,T,PC,HU,2007-01-01,26.3,,
ESTAT:CULT_PCS_NWS(1.0),25/02/16 23:00:00,A,GE1W,T,PC,LT,2007-01-01,30.5,,
ESTAT:CULT_PCS_NWS(1.0),25/02/16 23:00:00,A,GE1W,T,PC,LV,2007-01-01,29.2,,
ESTAT:CULT_PCS_NWS(1.0),25/02/16 23:00:00,A,GE1W,T,PC,MT,2007-01-01,38.5,,
ESTAT:CULT_PCS_NWS(1.0),25/02/16 23:00:00,A,GE1W,T,PC,PL,2007-01-01,42.1,,
ESTAT:CULT_PCS_NWS(1.0),25/02/16 23:00:00,A,GE1W,T,PC,PT,2007-01-01,32.8,,
ESTAT:CULT_PCS_NWS(1.0),25/02/16 23:00:00,A,GE1W,T,PC,RO,2007-01-01,35.2,,
ESTAT:CULT_PCS_NWS(1.0),25/02/16 23:00:00,A,GE1W,T,PC,SI,2007-01-01,25.4,,
ESTAT:CULT_PCS_NWS(1.0),25/02/16 23:00:00,A,GE1W,T,PC,SK,2007-01-01,27.3,,
ESTAT:CULT_PCS_NWS(1.0),25/02/16 23:00:00,A,GE1W,T,PC,TR,2007-01-01,23.7,,
ESTAT:CULT_PCS_NWS(1.0),25/02/16 23:00:00,A,LT1M,F,PC,AT,2007-01-01,1.7,u,
ESTAT:CULT_PCS_NWS(1.0),25/02/16 23:00:00,A,LT1M,F,PC,BE,2007-01-01,8.9,,
ESTAT:CULT_PCS_NWS(1.0),25/02/16 23:00:00,A,LT1M,F,PC,BG,2007-01-01,3.2,,
ESTAT:CULT_PCS_NWS(1.0),25/02/16 23:00:00,A,LT1M,F,PC,CY,2007-01-01,5.4,,
ESTAT:CULT_PCS_NWS(1.0),25/02/16 23:00:00,A,LT1M,F,PC,CZ,2007-01-01,2.1,,
ESTAT:CULT_PCS_NWS(1.0),25/02/16 23:00:00,A,LT1M,F,PC,EE,2007-01-01,0.9,u,
ESTAT:CULT_PCS_NWS(1.0),25/02/16 23:00:00,A,LT1M,F,PC,EL,2007-01-01,13.3,,
ESTAT:CULT_PCS_NWS(1.0),25/02/16 23:00:00,A,LT1M,F,PC,ES,2007-01-01,4.6,,
ESTAT:CULT_PCS_NWS(1.0),25/02/16 23:00:00,A,LT1M,F,PC,FI,2007-01-01,,u,
ESTAT:CULT_PCS_NWS(1.0),25/02/16 23:00:00,A,LT1M,F,PC,HR,2007-01-01,3.4,,
ESTAT:CULT_PCS_NWS(1.0),25/02/16 23:00:00,A,LT1M,F,PC,HU,2007-01-01,2.0,,
ESTAT:CULT_PCS_NWS(1.0),25/02/16 23:00:00,A,LT1M,F,PC,LT,2007-01-01,1.4,u,
ESTAT:CULT_PCS_NWS(1.0),25/02/16 23:00:00,A,LT1M,F,PC,LV,2007-01-01,,u,
ESTAT:CULT_PCS_NWS(1.0),25/02/16 23:00:00,A,LT1M,F,PC,MT,2007-01-01,4.2,u,
ESTAT:CULT_PCS_NWS(1.0),25/02/16 23:00:00,A,LT1M,F,PC,PL,2007-01-01,2.3,,
ESTAT:CULT_PCS_NWS(1.0),25/02/16 23:00:00,A,LT1M,F,PC,PT,2007-01-01,7.5,,
ESTAT:CULT_PCS_NWS(1.0),25/02/16 23:00:00,A,LT1M,F,PC,RO,2007-01-01,14.4,,
ESTAT:CULT_PCS_NWS(1.0),25/02/16 23:00:00,A,LT1M,F,PC,SI,2007-01-01,1.1,u,
ESTAT:CULT_PCS_NWS(1.0),25/02/16 23:00:00,A,LT1M,F,PC,SK,2007-01-01,1.1,u,
ESTAT:CULT_PCS_NWS(1.0),25/02/16 23:00:00,A,LT1M,F,PC,TR,2007-01-01,7.1,,
ESTAT:CULT_PCS_NWS(1.0),25/02/16 23:00:00,A,LT1M,M,PC,AT,2007-01-01,1.3,u,
ESTAT:CULT_PCS_NWS(1.0),25/02/16 23:00:00,A,LT1M,M,PC,BE,2007-01-01,5.9,,
ESTAT:CULT_PCS_NWS(1.0),25/02/16 23:00:00,A,LT1M,M,PC,BG,2007-01-01,2.6,,
ESTAT:CULT_PCS_NWS(1.0),25/02/16 23:00:00,A,LT1M,M,PC,CY,2007-01-01,3.2,,
ESTAT:CULT_PCS_NWS(1.0),25/02/16 23:00:00,A,LT1M,M,PC,CZ,2007-01-01,1.3,,
ESTAT:CULT_PCS_NWS(1.0),25/02/16 23:00:00,A,LT1M,M,PC,EE,2007-01-01,,u,
ESTAT:CULT_PCS_NWS(1.0),25/02/16 23:00:00,A,LT1M,M,PC,EL,2007-01-01,6.6,,
ESTAT:CULT_PCS_NWS(1.0),25/02/16 23:00:00,A,LT1M,M,PC,ES,2007-01-01,2.5,,
ESTAT:CULT_PCS_NWS(1.0),25/02/16 23:00:00,A,LT1M,M,PC,FI,2007-01-01,,u,
ESTAT:CULT_PCS_NWS(1.0),25/02/16 23:00:00,A,LT1M,M,PC,HR,2007-01-01,2.6,u,
ESTAT:CULT_PCS_NWS(1.0),25/02/16 23:00:00,A,LT1M,M,PC,HU,2007-01-01,2.8,,
ESTAT:CULT_PCS_NWS(1.0),25/02/16 23:00:00,A,LT1M,M,PC,LT,2007-01-01,1.4,u,
ESTAT:CULT_PCS_NWS(1.0),25/02/16 23:00:00,A,LT1M,M,PC,LV,2007-01-01,3.7,u,
ESTAT:CULT_PCS_NWS(1.0),25/02/16 23:00:00,A,LT1M,M,PC,MT,2007-01-01,3.8,u,
ESTAT:CULT_PCS_NWS(1.0),25/02/16 23:00:00,A,LT1M,M,PC,PL,2007-01-01,3.3,,
ESTAT:CULT_PCS_NWS(1.0),25/02/16 23:00:00,A,LT1M,M,PC,PT,2007-01-01,3.9,,
ESTAT:CULT_PCS_NWS(1.0),25/02/16 23:00:00,A,LT1M,M,PC,RO,2007-01-01,8.8,,
ESTAT:CULT_PCS_NWS(1.0),25/02/16 23:00:00,A,LT1M,M,PC,SI,2007-01-01,1.6,u,
ESTAT:CULT_PCS_NWS(1.0),25/02/16 23:00:00,A,LT1M,M,PC,SK,2007-01-01,1.0,u,
ESTAT:CULT_PCS_NWS(1.0),25/02/16 23:00:00,A,LT1M,M,PC,TR,2007-01-01,3.9,,
ESTAT:CULT_PCS_NWS(1.0),25/02/16 23:00:00,A,LT1M,T,PC,AT,2007-01-01,1.5,,
ESTAT:CULT_PCS_NWS(1.0),25/02/16 23:00:00,A,LT1M,T,PC,BE,2007-01-01,7.4,,
ESTAT:CULT_PCS_NWS(1.0),25/02/16 23:00:00,A,LT1M,T,PC,BG,2007-01-01,2.9,,
ESTAT:CULT_PCS_NWS(1.0),25/02/16 23:00:00,A,LT1M,T,PC,CY,2007-01-01,4.4,,
ESTAT:CULT_PCS_NWS(1.0),25/02/16 23:00:00,A,LT1M,T,PC,CZ,2007-01-01,1.7,,
ESTAT:CULT_PCS_NWS(1.0),25/02/16 23:00:00,A,LT1M,T,PC,EE,2007-01-01,1.1,u,
ESTAT:CULT_PCS_NWS(1.0),25/02/16 23:00:00,A,LT1M,T,PC,EL,2007-01-01,10.0,,
ESTAT:CULT_PCS_NWS(1.0),25/02/16 23:00:00,A,LT1M,T,PC,ES,2007-01-01,3.6,,
ESTAT:CULT_PCS_NWS(1.0),25/02/16 23:00:00,A,LT1M,T,PC,FI,2007-01-01,0.7,u,
ESTAT:CULT_PCS_NWS(1.0),25/02/16 23:00:00,A,LT1M,T,PC,HR,2007-01-01,3.0,,
ESTAT:CULT_PCS_NWS(1.0),25/02/16 23:00:00,A,LT1M,T,PC,HU,2007-01-01,2.4,,
ESTAT:CULT_PCS_NWS(1.0),25/02/16 23:00:00,A,LT1M,T,PC,LT,2007-01-01,1.4,,
ESTAT:CULT_PCS_NWS(1.0),25/02/16 23:00:00,A,LT1M,T,PC,LV,2007-01-01,2.3,u,
ESTAT:CULT_PCS_NWS(1.0),25/02/16 23:00:00,A,LT1M,T,PC,MT,2007-01-01,4.0,,
ESTAT:CULT_PCS_NWS(1.0),25/02/16 23:00:00,A,LT1M,T,PC,PL,2007-01-01,2.8,,
ESTAT:CULT_PCS_NWS(1.0),25/02/16 23:00:00,A,LT1M,T,PC,PT,2007-01-01,5.7,,
ESTAT:CULT_PCS_NWS(1.0),25/02/16 23:00:00,A,LT1M,T,PC,RO,2007-01-01,11.7,,
ESTAT:CULT_PCS_NWS(1.0),25/02/16 23:00:00,A,LT1M,T,PC,SI,2007-01-01,1.4,,
ESTAT:CULT_PCS_NWS(1.0),25/02/16 23:00:00,A,LT1M,T,PC,SK,2007-01-01,1.1,,
ESTAT:CULT_PCS_NWS(1.0),25/02/16 23:00:00,A,LT1M,T,PC,TR,2007-01-01,5.5,,
ESTAT:CULT_PCS_NWS(1.0),25/02/16 23:00:00,A,NRP,F,PC,AT,2007-01-01,,u,
ESTAT:CULT_PCS_NWS(1.0),25/02/16 23:00:00,A,NRP,F,PC,BE,2007-01-01,1.9,u,
ESTAT:CULT_PCS_NWS(1.0),25/02/16 23:00:00,A,NRP,F,PC,CZ,2007-01-01,1.2,,
ESTAT:CULT_PCS_NWS(1.0),25/02/16 23:00:00,A,NRP,F,PC,DE,2007-01-01,,u,
ESTAT:CULT_PCS_NWS(1.0),25/02/16 23:00:00,A,NRP,F,PC,EL,2007-01-01,2.1,,
ESTAT:CULT_PCS_NWS(1.0),25/02/16 23:00:00,A,NRP,F,PC,ES,2007-01-01,,u,
ESTAT:CULT_PCS_NWS(1.0),25/02/16 23:00:00,A,NRP,F,PC,HR,2007-01-01,,u,
ESTAT:CULT_PCS_NWS(1.0),25/02/16 23:00:00,A,NRP,F,PC,LV,2007-01-01,,u,
ESTAT:CULT_PCS_NWS(1.0),25/02/16 23:00:00,A,NRP,F,PC,RO,2007-01-01,0.3,u,
ESTAT:CULT_PCS_NWS(1.0),25/02/16 23:00:00,A,NRP,F,PC,SK,2007-01-01,,u,
ESTAT:CULT_PCS_NWS(1.0),25/02/16 23:00:00,A,NRP,M,PC,AT,2007-01-01,,u,
ESTAT:CULT_PCS_NWS(1.0),25/02/16 23:00:00,A,NRP,M,PC,BE,2007-01-01,2.0,u,
ESTAT:CULT_PCS_NWS(1.0),25/02/16 23:00:00,A,NRP,M,PC,CZ,2007-01-01,0.7,u,
ESTAT:CULT_PCS_NWS(1.0),25/02/16 23:00:00,A,NRP,M,PC,DE,2007-01-01,,u,
ESTAT:CULT_PCS_NWS(1.0),25/02/16 23:00:00,A,NRP,M,PC,EL,2007-01-01,1.1,u,
ESTAT:CULT_PCS_NWS(1.0),25/02/16 23:00:00,A,NRP,M,PC,ES,2007-01-01,,u,
ESTAT:CULT_PCS_NWS(1.0),25/02/16 23:00:00,A,NRP,M,PC,HR,2007-01-01,,u,
ESTAT:CULT_PCS_NWS(1.0),25/02/16 23:00:00,A,NRP,M,PC,LV,2007-01-01,,u,
ESTAT:CULT_PCS_NWS(1.0),25/02/16 23:00:00,A,NRP,M,PC,RO,2007-01-01,0.4,u,
ESTAT:CULT_PCS_NWS(1.0),25/02/16 23:00:00,A,NRP,M,PC,SK,2007-01-01,,u,
ESTAT:CULT_PCS_NWS(1.0),25/02/16 23:00:00,A,NRP,T,PC,AT,2007-01-01,,u,
ESTAT:CULT_PCS_NWS(1.0),25/02/16 23:00:00,A,NRP,T,PC,BE,2007-01-01,1.9,,
ESTAT:CULT_PCS_NWS(1.0),25/02/16 23:00:00,A,NRP,T,PC,CZ,2007-01-01,1.0,,
ESTAT:CULT_PCS_NWS(1.0),25/02/16 23:00:00,A,NRP,T,PC,DE,2007-01-01,,u,
ESTAT:CULT_PCS_NWS(1.0),25/02/16 23:00:00,A,NRP,T,PC,EL,2007-01-01,1.6,,
ESTAT:CULT_PCS_NWS(1.0),25/02/16 23:00:00,A,NRP,T,PC,ES,2007-01-01,0.2,u,
ESTAT:CULT_PCS_NWS(1.0),25/02/16 23:00:00,A,NRP,T,PC,HR,2007-01-01,,u,
ESTAT:CULT_PCS_NWS(1.0),25/02/16 23:00:00,A,NRP,T,PC,LV,2007-01-01,,u,
ESTAT:CULT_PCS_NWS(1.0),25/02/16 23:00:00,A,NRP,T,PC,RO,2007-01-01,0.4,,
ESTAT:CULT_PCS_NWS(1.0),25/02/16 23:00:00,A,NRP,T,PC,SK,2007-01-01,,u,
ESTAT:CULT_PCS_NWS(1.0),25/02/16 23:00:00,A,NVR,F,PC,AT,2007-01-01,3.2,,
ESTAT:CULT_PCS_NWS(1.0),25/02/16 23:00:00,A,NVR,F,PC,BE,2007-01-01,10.4,,
ESTAT:CULT_PCS_NWS(1.0),25/02/16 23:00:00,A,NVR,F,PC,BG,2007-01-01,12.7,,
ESTAT:CULT_PCS_NWS(1.0),25/02/16 23:00:00,A,NVR,F,PC,CY,2007-01-01,13.0,,
ESTAT:CULT_PCS_NWS(1.0),25/02/16 23:00:00,A,NVR,F,PC,CZ,2007-01-01,2.9,,
ESTAT:CULT_PCS_NWS(1.0),25/02/16 23:00:00,A,NVR,F,PC,DE,2007-01-01,8.6,,
ESTAT:CULT_PCS_NWS(1.0),25/02/16 23:00:00,A,NVR,F,PC,EE,2007-01-01,2.0,u,
ESTAT:CULT_PCS_NWS(1.0),25/02/16 23:00:00,A,NVR,F,PC,EL,2007-01-01,17.9,,
ESTAT:CULT_PCS_NWS(1.0),25/02/16 23:00:00,A,NVR,F,PC,ES,2007-01-01,14.9,,
ESTAT:CULT_PCS_NWS(1.0),25/02/16 23:00:00,A,NVR,F,PC,FI,2007-01-01,,u,
ESTAT:CULT_PCS_NWS(1.0),25/02/16 23:00:00,A,NVR,F,PC,HR,2007-01-01,5.9,,
ESTAT:CULT_PCS_NWS(1.0),25/02/16 23:00:00,A,NVR,F,PC,HU,2007-01-01,3.7,,
ESTAT:CULT_PCS_NWS(1.0),25/02/16 23:00:00,A,NVR,F,PC,LT,2007-01-01,1.1,u,
ESTAT:CULT_PCS_NWS(1.0),25/02/16 23:00:00,A,NVR,F,PC,LV,2007-01-01,,u,
ESTAT:CULT_PCS_NWS(1.0),25/02/16 23:00:00,A,NVR,F,PC,MT,2007-01-01,18.0,,
ESTAT:CULT_PCS_NWS(1.0),25/02/16 23:00:00,A,NVR,F,PC,PL,2007-01-01,1.5,,
ESTAT:CULT_PCS_NWS(1.0),25/02/16 23:00:00,A,NVR,F,PC,PT,2007-01-01,18.6,,
ESTAT:CULT_PCS_NWS(1.0),25/02/16 23:00:00,A,NVR,F,PC,RO,2007-01-01,10.0,,
ESTAT:CULT_PCS_NWS(1.0),25/02/16 23:00:00,A,NVR,F,PC,SI,2007-01-01,2.8,,
ESTAT:CULT_PCS_NWS(1.0),25/02/16 23:00:00,A,NVR,F,PC,SK,2007-01-01,,u,
ESTAT:CULT_PCS_NWS(1.0),25/02/16 23:00:00,A,NVR,F,PC,TR,2007-01-01,36.0,,
ESTAT:CULT_PCS_NWS(1.0),25/02/16 23:00:00,A,NVR,M,PC,AT,2007-01-01,2.2,u,
ESTAT:CULT_PCS_NWS(1.0),25/02/16 23:00:00,A,NVR,M,PC,BE,2007-01-01,8.3,,
ESTAT:CULT_PCS_NWS(1.0),25/02/16 23:00:00,A,NVR,M,PC,BG,2007-01-01,9.2,,
ESTAT:CULT_PCS_NWS(1.0),25/02/16 23:00:00,A,NVR,M,PC,CY,2007-01-01,6.3,,
ESTAT:CULT_PCS_NWS(1.0),25/02/16 23:00:00,A,NVR,M,PC,CZ,2007-01-01,2.3,,
ESTAT:CULT_PCS_NWS(1.0),25/02/16 23:00:00,A,NVR,M,PC,DE,2007-01-01,7.2,,
ESTAT:CULT_PCS_NWS(1.0),25/02/16 23:00:00,A,NVR,M,PC,EE,2007-01-01,1.7,u,
ESTAT:CULT_PCS_NWS(1.0),25/02/16 23:00:00,A,NVR,M,PC,EL,2007-01-01,7.7,,
ESTAT:CULT_PCS_NWS(1.0),25/02/16 23:00:00,A,NVR,M,PC,ES,2007-01-01,8.1,,
ESTAT:CULT_PCS_NWS(1.0),25/02/16 23:00:00,A,NVR,M,PC,FI,2007-01-01,,u,
ESTAT:CULT_PCS_NWS(1.0),25/02/16 23:00:00,A,NVR,M,PC,HR,2007-01-01,4.4,,
ESTAT:CULT_PCS_NWS(1.0),25/02/16 23:00:00,A,NVR,M,PC,HU,2007-01-01,3.4,,
ESTAT:CULT_PCS_NWS(1.0),25/02/16 23:00:00,A,NVR,M,PC,LT,2007-01-01,1.6,u,
ESTAT:CULT_PCS_NWS(1.0),25/02/16 23:00:00,A,NVR,M,PC,LV,2007-01-01,2.8,u,
ESTAT:CULT_PCS_NWS(1.0),25/02/16 23:00:00,A,NVR,M,PC,MT,2007-01-01,17.4,,
ESTAT:CULT_PCS_NWS(1.0),25/02/16 23:00:00,A,NVR,M,PC,PL,2007-01-01,2.7,,
ESTAT:CULT_PCS_NWS(1.0),25/02/16 23:00:00,A,NVR,M,PC,PT,2007-01-01,7.8,,
ESTAT:CULT_PCS_NWS(1.0),25/02/16 23:00:00,A,NVR,M,PC,RO,2007-01-01,4.6,,
ESTAT:CULT_PCS_NWS(1.0),25/02/16 23:00:00,A,NVR,M,PC,SI,2007-01-01,2.6,,
ESTAT:CULT_PCS_NWS(1.0),25/02/16 23:00:00,A,NVR,M,PC,SK,2007-01-01,,u,
ESTAT:CULT_PCS_NWS(1.0),25/02/16 23:00:00,A,NVR,M,PC,TR,2007-01-01,11.2,,
ESTAT:CULT_PCS_NWS(1.0),25/02/16 23:00:00,A,NVR,T,PC,AT,2007-01-01,2.7,,
ESTAT:CULT_PCS_NWS(1.0),25/02/16 23:00:00,A,NVR,T,PC,BE,2007-01-01,9.3,,
ESTAT:CULT_PCS_NWS(1.0),25/02/16 23:00:00,A,NVR,T,PC,BG,2007-01-01,11.0,,
ESTAT:CULT_PCS_NWS(1.0),25/02/16 23:00:00,A,NVR,T,PC,CY,2007-01-01,9.7,,
ESTAT:CULT_PCS_NWS(1.0),25/02/16 23:00:00,A,NVR,T,PC,CZ,2007-01-01,2.6,,
ESTAT:CULT_PCS_NWS(1.0),25/02/16 23:00:00,A,NVR,T,PC,DE,2007-01-01,7.9,,
ESTAT:CULT_PCS_NWS(1.0),25/02/16 23:00:00,A,NVR,T,PC,EE,2007-01-01,1.9,,
ESTAT:CULT_PCS_NWS(1.0),25/02/16 23:00:00,A,NVR,T,PC,EL,2007-01-01,12.8,,
ESTAT:CULT_PCS_NWS(1.0),25/02/16 23:00:00,A,NVR,T,PC,ES,2007-01-01,11.4,,
ESTAT:CULT_PCS_NWS(1.0),25/02/16 23:00:00,A,NVR,T,PC,FI,2007-01-01,0.7,u,
ESTAT:CULT_PCS_NWS(1.0),25/02/16 23:00:00,A,NVR,T,PC,HR,2007-01-01,5.1,,
ESTAT:CULT_PCS_NWS(1.0),25/02/16 23:00:00,A,NVR,T,PC,HU,2007-01-01,3.6,,
ESTAT:CULT_PCS_NWS(1.0),25/02/16 23:00:00,A,NVR,T,PC,LT,2007-01-01,1.4,u,
ESTAT:CULT_PCS_NWS(1.0),25/02/16 23:00:00,A,NVR,T,PC,LV,2007-01-01,1.8,u,
ESTAT:CULT_PCS_NWS(1.0),25/02/16 23:00:00,A,NVR,T,PC,MT,2007-01-01,17.7,,
ESTAT:CULT_PCS_NWS(1.0),25/02/16 23:00:00,A,NVR,T,PC,PL,2007-01-01,2.1,,
ESTAT:CULT_PCS_NWS(1.0),25/02/16 23:00:00,A,NVR,T,PC,PT,2007-01-01,13.3,,
ESTAT:CULT_PCS_NWS(1.0),25/02/16 23:00:00,A,NVR,T,PC,RO,2007-01-01,7.4,,
ESTAT:CULT_PCS_NWS(1.0),25/02/16 23:00:00,A,NVR,T,PC,SI,2007-01-01,2.7,,
ESTAT:CULT_PCS_NWS(1.0),25/02/16 23:00:00,A,NVR,T,PC,SK,2007-01-01,,u,
ESTAT:CULT_PCS_NWS(1.0),25/02/16 23:00:00,A,NVR,T,PC,TR,2007-01-01,23.7,,
ESTAT:CULT_PCS_NWS(1.0),25/02/16 23:00:00,A,DAY,F,PC,AT,2011-01-01,74.1,,
ESTAT:CULT_PCS_NWS(1.0),25/02/16 23:00:00,A,DAY,F,PC,BG,2011-01-01,39.2,,
ESTAT:CULT_PCS_NWS(1.0),25/02/16 23:00:00,A,DAY,F,PC,CY,2011-01-01,26.7,,
ESTAT:CULT_PCS_NWS(1.0),25/02/16 23:00:00,A,DAY,F,PC,CZ,2011-01-01,51.1,,
ESTAT:CULT_PCS_NWS(1.0),25/02/16 23:00:00,A,DAY,F,PC,DE,2011-01-01,62.5,,
ESTAT:CULT_PCS_NWS(1.0),25/02/16 23:00:00,A,DAY,F,PC,EE,2011-01-01,68.8,,
ESTAT:CULT_PCS_NWS(1.0),25/02/16 23:00:00,A,DAY,F,PC,EL,2011-01-01,17.8,,
ESTAT:CULT_PCS_NWS(1.0),25/02/16 23:00:00,A,DAY,F,PC,ES,2011-01-01,37.9,,
ESTAT:CULT_PCS_NWS(1.0),25/02/16 23:00:00,A,DAY,F,PC,FI,2011-01-01,85.0,,
ESTAT:CULT_PCS_NWS(1.0),25/02/16 23:00:00,A,DAY,F,PC,HU,2011-01-01,63.0,,
ESTAT:CULT_PCS_NWS(1.0),25/02/16 23:00:00,A,DAY,F,PC,IT,2011-01-01,54.7,,
ESTAT:CULT_PCS_NWS(1.0),25/02/16 23:00:00,A,DAY,F,PC,LT,2011-01-01,62.5,,
ESTAT:CULT_PCS_NWS(1.0),25/02/16 23:00:00,A,DAY,F,PC,LU,2011-01-01,75.1,,
ESTAT:CULT_PCS_NWS(1.0),25/02/16 23:00:00,A,DAY,F,PC,LV,2011-01-01,52.3,,
ESTAT:CULT_PCS_NWS(1.0),25/02/16 23:00:00,A,DAY,F,PC,MT,2011-01-01,32.1,,
ESTAT:CULT_PCS_NWS(1.0),25/02/16 23:00:00,A,DAY,F,PC,PL,2011-01-01,50.2,,
ESTAT:CULT_PCS_NWS(1.0),25/02/16 23:00:00,A,DAY,F,PC,PT,2011-01-01,46.0,,
ESTAT:CULT_PCS_NWS(1.0),25/02/16 23:00:00,A,DAY,F,PC,RO,2011-01-01,25.7,,
ESTAT:CULT_PCS_NWS(1.0),25/02/16 23:00:00,A,DAY,F,PC,RS,2011-01-01,52.5,,
ESTAT:CULT_PCS_NWS(1.0),25/02/16 23:00:00,A,DAY,F,PC,SI,2011-01-01,59.6,,
ESTAT:CULT_PCS_NWS(1.0),25/02/16 23:00:00,A,DAY,F,PC,SK,2011-01-01,63.7,,
ESTAT:CULT_PCS_NWS(1.0),25/02/16 23:00:00,A,DAY,F,PC,TR,2011-01-01,20.7,,
ESTAT:CULT_PCS_NWS(1.0),25/02/16 23:00:00,A,DAY,F,PC,UK,2011-01-01,33.9,,
ESTAT:CULT_PCS_NWS(1.0),25/02/16 23:00:00,A,DAY,M,PC,AT,2011-01-01,78.5,,
ESTAT:CULT_PCS_NWS(1.0),25/02/16 23:00:00,A,DAY,M,PC,BG,2011-01-01,51.8,,
ESTAT:CULT_PCS_NWS(1.0),25/02/16 23:00:00,A,DAY,M,PC,CY,2011-01-01,49.0,,
ESTAT:CULT_PCS_NWS(1.0),25/02/16 23:00:00,A,DAY,M,PC,CZ,2011-01-01,60.5,,
ESTAT:CULT_PCS_NWS(1.0),25/02/16 23:00:00,A,DAY,M,PC,DE,2011-01-01,67.6,,
ESTAT:CULT_PCS_NWS(1.0),25/02/16 23:00:00,A,DAY,M,PC,EE,2011-01-01,70.5,,
ESTAT:CULT_PCS_NWS(1.0),25/02/16 23:00:00,A,DAY,M,PC,EL,2011-01-01,27.6,,
ESTAT:CULT_PCS_NWS(1.0),25/02/16 23:00:00,A,DAY,M,PC,ES,2011-01-01,57.2,,
ESTAT:CULT_PCS_NWS(1.0),25/02/16 23:00:00,A,DAY,M,PC,FI,2011-01-01,86.8,,
ESTAT:CULT_PCS_NWS(1.0),25/02/16 23:00:00,A,DAY,M,PC,HU,2011-01-01,64.6,,
ESTAT:CULT_PCS_NWS(1.0),25/02/16 23:00:00,A,DAY,M,PC,IT,2011-01-01,68.6,,
ESTAT:CULT_PCS_NWS(1.0),25/02/16 23:00:00,A,DAY,M,PC,LT,2011-01-01,59.6,,
ESTAT:CULT_PCS_NWS(1.0),25/02/16 23:00:00,A,DAY,M,PC,LU,2011-01-01,82.6,,
ESTAT:CULT_PCS_NWS(1.0),25/02/16 23:00:00,A,DAY,M,PC,LV,2011-01-01,45.8,,
ESTAT:CULT_PCS_NWS(1.0),25/02/16 23:00:00,A,DAY,M,PC,MT,2011-01-01,43.6,,
ESTAT:CULT_PCS_NWS(1.0),25/02/16 23:00:00,A,DAY,M,PC,PL,2011-01-01,45.1,,
ESTAT:CULT_PCS_NWS(1.0),25/02/16 23:00:00,A,DAY,M,PC,PT,2011-01-01,62.0,,
ESTAT:CULT_PCS_NWS(1.0),25/02/16 23:00:00,A,DAY,M,PC,RO,2011-01-01,34.1,,
ESTAT:CULT_PCS_NWS(1.0),25/02/16 23:00:00,A,DAY,M,PC,RS,2011-01-01,60.7,,
ESTAT:CULT_PCS_NWS(1.0),25/02/16 23:00:00,A,DAY,M,PC,SI,2011-01-01,63.6,,
ESTAT:CULT_PCS_NWS(1.0),25/02/16 23:00:00,A,DAY,M,PC,SK,2011-01-01,65.4,,
ESTAT:CULT_PCS_NWS(1.0),25/02/16 23:00:00,A,DAY,M,PC,TR,2011-01-01,49.4,,
ESTAT:CULT_PCS_NWS(1.0),25/02/16 23:00:00,A,DAY,M,PC,UK,2011-01-01,39.5,,
ESTAT:CULT_PCS_NWS(1.0),25/02/16 23:00:00,A,DAY,T,PC,AT,2011-01-01,76.3,,
ESTAT:CULT_PCS_NWS(1.0),25/02/16 23:00:00,A,DAY,T,PC,BG,2011-01-01,45.5,,
ESTAT:CULT_PCS_NWS(1.0),25/02/16 23:00:00,A,DAY,T,PC,CY,2011-01-01,37.3,,
ESTAT:CULT_PCS_NWS(1.0),25/02/16 23:00:00,A,DAY,T,PC,CZ,2011-01-01,55.8,,
ESTAT:CULT_PCS_NWS(1.0),25/02/16 23:00:00,A,DAY,T,PC,DE,2011-01-01,65.1,,
ESTAT:CULT_PCS_NWS(1.0),25/02/16 23:00:00,A,DAY,T,PC,EE,2011-01-01,69.6,,
ESTAT:CULT_PCS_NWS(1.0),25/02/16 23:00:00,A,DAY,T,PC,EL,2011-01-01,22.7,,
ESTAT:CULT_PCS_NWS(1.0),25/02/16 23:00:00,A,DAY,T,PC,ES,2011-01-01,47.6,,
ESTAT:CULT_PCS_NWS(1.0),25/02/16 23:00:00,A,DAY,T,PC,FI,2011-01-01,85.9,,
ESTAT:CULT_PCS_NWS(1.0),25/02/16 23:00:00,A,DAY,T,PC,HU,2011-01-01,63.8,,
ESTAT:CULT_PCS_NWS(1.0),25/02/16 23:00:00,A,DAY,T,PC,IT,2011-01-01,61.6,,
ESTAT:CULT_PCS_NWS(1.0),25/02/16 23:00:00,A,DAY,T,PC,LT,2011-01-01,61.1,,
ESTAT:CULT_PCS_NWS(1.0),25/02/16 23:00:00,A,DAY,T,PC,LU,2011-01-01,78.9,,
ESTAT:CULT_PCS_NWS(1.0),25/02/16 23:00:00,A,DAY,T,PC,LV,2011-01-01,49.2,,
ESTAT:CULT_PCS_NWS(1.0),25/02/16 23:00:00,A,DAY,T,PC,MT,2011-01-01,37.9,,
ESTAT:CULT_PCS_NWS(1.0),25/02/16 23:00:00,A,DAY,T,PC,PL,2011-01-01,47.7,,
ESTAT:CULT_PCS_NWS(1.0),25/02/16 23:00:00,A,DAY,T,PC,PT,2011-01-01,53.8,,
ESTAT:CULT_PCS_NWS(1.0),25/02/16 23:00:00,A,DAY,T,PC,RO,2011-01-01,29.9,,
ESTAT:CULT_PCS_NWS(1.0),25/02/16 23:00:00,A,DAY,T,PC,RS,2011-01-01,56.5,,
ESTAT:CULT_PCS_NWS(1.0),25/02/16 23:00:00,A,DAY,T,PC,SI,2011-01-01,61.7,,
ESTAT:CULT_PCS_NWS(1.0),25/02/16 23:00:00,A,DAY,T,PC,SK,2011-01-01,64.6,,
ESTAT:CULT_PCS_NWS(1.0),25/02/16 23:00:00,A,DAY,T,PC,TR,2011-01-01,35.1,,
ESTAT:CULT_PCS_NWS(1.0),25/02/16 23:00:00,A,DAY,T,PC,UK,2011-01-01,36.7,,
ESTAT:CULT_PCS_NWS(1.0),25/02/16 23:00:00,A,GE1,F,PC,AT,2011-01-01,97.7,,
ESTAT:CULT_PCS_NWS(1.0),25/02/16 23:00:00,A,GE1,F,PC,BG,2011-01-01,85.5,,
ESTAT:CULT_PCS_NWS(1.0),25/02/16 23:00:00,A,GE1,F,PC,CY,2011-01-01,83.2,,
ESTAT:CULT_PCS_NWS(1.0),25/02/16 23:00:00,A,GE1,F,PC,CZ,2011-01-01,96.8,,
ESTAT:CULT_PCS_NWS(1.0),25/02/16 23:00:00,A,GE1,F,PC,DE,2011-01-01,92.9,,
ESTAT:CULT_PCS_NWS(1.0),25/02/16 23:00:00,A,GE1,F,PC,EE,2011-01-01,97.7,,
ESTAT:CULT_PCS_NWS(1.0),25/02/16 23:00:00,A,GE1,F,PC,EL,2011-01-01,69.1,,
ESTAT:CULT_PCS_NWS(1.0),25/02/16 23:00:00,A,GE1,F,PC,ES,2011-01-01,79.1,,
ESTAT:CULT_PCS_NWS(1.0),25/02/16 23:00:00,A,GE1,F,PC,FI,2011-01-01,98.9,,
ESTAT:CULT_PCS_NWS(1.0),25/02/16 23:00:00,A,GE1,F,PC,HU,2011-01-01,96.2,,
ESTAT:CULT_PCS_NWS(1.0),25/02/16 23:00:00,A,GE1,F,PC,IT,2011-01-01,78.6,,
ESTAT:CULT_PCS_NWS(1.0),25/02/16 23:00:00,A,GE1,F,PC,LT,2011-01-01,97.1,,
ESTAT:CULT_PCS_NWS(1.0),25/02/16 23:00:00,A,GE1,F,PC,LU,2011-01-01,99.6,,
ESTAT:CULT_PCS_NWS(1.0),25/02/16 23:00:00,A,GE1,F,PC,LV,2011-01-01,98.4,,
ESTAT:CULT_PCS_NWS(1.0),25/02/16 23:00:00,A,GE1,F,PC,MT,2011-01-01,77.1,,
ESTAT:CULT_PCS_NWS(1.0),25/02/16 23:00:00,A,GE1,F,PC,PL,2011-01-01,97.4,,
ESTAT:CULT_PCS_NWS(1.0),25/02/16 23:00:00,A,GE1,F,PC,PT,2011-01-01,92.4,,
ESTAT:CULT_PCS_NWS(1.0),25/02/16 23:00:00,A,GE1,F,PC,RO,2011-01-01,78.6,,
ESTAT:CULT_PCS_NWS(1.0),25/02/16 23:00:00,A,GE1,F,PC,RS,2011-01-01,93.5,,
ESTAT:CULT_PCS_NWS(1.0),25/02/16 23:00:00,A,GE1,F,PC,SI,2011-01-01,87.1,,
ESTAT:CULT_PCS_NWS(1.0),25/02/16 23:00:00,A,GE1,F,PC,SK,2011-01-01,99.4,,
ESTAT:CULT_PCS_NWS(1.0),25/02/16 23:00:00,A,GE1,F,PC,TR,2011-01-01,54.6,,
ESTAT:CULT_PCS_NWS(1.0),25/02/16 23:00:00,A,GE1,F,PC,UK,2011-01-01,87.4,,
ESTAT:CULT_PCS_NWS(1.0),25/02/16 23:00:00,A,GE1,M,PC,AT,2011-01-01,97.8,,
ESTAT:CULT_PCS_NWS(1.0),25/02/16 23:00:00,A,GE1,M,PC,BG,2011-01-01,88.9,,
ESTAT:CULT_PCS_NWS(1.0),25/02/16 23:00:00,A,GE1,M,PC,CY,2011-01-01,88.4,,
ESTAT:CULT_PCS_NWS(1.0),25/02/16 23:00:00,A,GE1,M,PC,CZ,2011-01-01,97.4,,
ESTAT:CULT_PCS_NWS(1.0),25/02/16 23:00:00,A,GE1,M,PC,DE,2011-01-01,93.3,,
ESTAT:CULT_PCS_NWS(1.0),25/02/16 23:00:00,A,GE1,M,PC,EE,2011-01-01,96.5,,
ESTAT:CULT_PCS_NWS(1.0),25/02/16 23:00:00,A,GE1,M,PC,EL,2011-01-01,83.4,,
ESTAT:CULT_PCS_NWS(1.0),25/02/16 23:00:00,A,GE1,M,PC,ES,2011-01-01,88.9,,
ESTAT:CULT_PCS_NWS(1.0),25/02/16 23:00:00,A,GE1,M,PC,FI,2011-01-01,98.6,,
ESTAT:CULT_PCS_NWS(1.0),25/02/16 23:00:00,A,GE1,M,PC,HU,2011-01-01,96.1,,
ESTAT:CULT_PCS_NWS(1.0),25/02/16 23:00:00,A,GE1,M,PC,IT,2011-01-01,87.5,,
ESTAT:CULT_PCS_NWS(1.0),25/02/16 23:00:00,A,GE1,M,PC,LT,2011-01-01,96.7,,
ESTAT:CULT_PCS_NWS(1.0),25/02/16 23:00:00,A,GE1,M,PC,LU,2011-01-01,99.6,,
ESTAT:CULT_PCS_NWS(1.0),25/02/16 23:00:00,A,GE1,M,PC,LV,2011-01-01,96.2,,
ESTAT:CULT_PCS_NWS(1.0),25/02/16 23:00:00,A,GE1,M,PC,MT,2011-01-01,77.8,,
ESTAT:CULT_PCS_NWS(1.0),25/02/16 23:00:00,A,GE1,M,PC,PL,2011-01-01,95.2,,
ESTAT:CULT_PCS_NWS(1.0),25/02/16 23:00:00,A,GE1,M,PC,PT,2011-01-01,93.6,,
ESTAT:CULT_PCS_NWS(1.0),25/02/16 23:00:00,A,GE1,M,PC,RO,2011-01-01,83.4,,
ESTAT:CULT_PCS_NWS(1.0),25/02/16 23:00:00,A,GE1,M,PC,RS,2011-01-01,92.6,,
ESTAT:CULT_PCS_NWS(1.0),25/02/16 23:00:00,A,GE1,M,PC,SI,2011-01-01,86.7,,
ESTAT:CULT_PCS_NWS(1.0),25/02/16 23:00:00,A,GE1,M,PC,SK,2011-01-01,99.0,,
ESTAT:CULT_PCS_NWS(1.0),25/02/16 23:00:00,A,GE1,M,PC,TR,2011-01-01,81.8,,
ESTAT:CULT_PCS_NWS(1.0),25/02/16 23:00:00,A,GE1,M,PC,UK,2011-01-01,88.8,,
ESTAT:CULT_PCS_NWS(1.0),25/02/16 23:00:00,A,GE1,T,PC,AT,2011-01-01,97.7,,
ESTAT:CULT_PCS_NWS(1.0),25/02/16 23:00:00,A,GE1,T,PC,BG,2011-01-01,87.2,,
ESTAT:CULT_PCS_NWS(1.0),25/02/16 23:00:00,A,GE1,T,PC,CY,2011-01-01,85.7,,
ESTAT:CULT_PCS_NWS(1.0),25/02/16 23:00:00,A,GE1,T,PC,CZ,2011-01-01,97.1,,
ESTAT:CULT_PCS_NWS(1.0),25/02/16 23:00:00,A,GE1,T,PC,DE,2011-01-01,93.1,,
ESTAT:CULT_PCS_NWS(1.0),25/02/16 23:00:00,A,GE1,T,PC,EE,2011-01-01,97.1,,
ESTAT:CULT_PCS_NWS(1.0),25/02/16 23:00:00,A,GE1,T,PC,EL,2011-01-01,76.3,,
ESTAT:CULT_PCS_NWS(1.0),25/02/16 23:00:00,A,GE1,T,PC,ES,2011-01-01,84.1,,
ESTAT:CULT_PCS_NWS(1.0),25/02/16 23:00:00,A,GE1,T,PC,FI,2011-01-01,98.8,,
ESTAT:CULT_PCS_NWS(1.0),25/02/16 23:00:00,A,GE1,T,PC,HU,2011-01-01,96.2,,
ESTAT:CULT_PCS_NWS(1.0),25/02/16 23:00:00,A,GE1,T,PC,IT,2011-01-01,83.0,,
ESTAT:CULT_PCS_NWS(1.0),25/02/16 23:00:00,A,GE1,T,PC,LT,2011-01-01,96.9,,
ESTAT:CULT_PCS_NWS(1.0),25/02/16 23:00:00,A,GE1,T,PC,LU,2011-01-01,99.6,,
ESTAT:CULT_PCS_NWS(1.0),25/02/16 23:00:00,A,GE1,T,PC,LV,2011-01-01,97.3,,
ESTAT:CULT_PCS_NWS(1.0),25/02/16 23:00:00,A,GE1,T,PC,MT,2011-01-01,77.4,,
ESTAT:CULT_PCS_NWS(1.0),25/02/16 23:00:00,A,GE1,T,PC,PL,2011-01-01,96.3,,
ESTAT:CULT_PCS_NWS(1.0),25/02/16 23:00:00,A,GE1,T,PC,PT,2011-01-01,93.0,,
ESTAT:CULT_PCS_NWS(1.0),25/02/16 23:00:00,A,GE1,T,PC,RO,2011-01-01,81.0,,
ESTAT:CULT_PCS_NWS(1.0),25/02/16 23:00:00,A,GE1,T,PC,RS,2011-01-01,93.0,,
ESTAT:CULT_PCS_NWS(1.0),25/02/16 23:00:00,A,GE1,T,PC,SI,2011-01-01,86.9,,
ESTAT:CULT_PCS_NWS(1.0),25/02/16 23:00:00,A,GE1,T,PC,SK,2011-01-01,99.2,,
ESTAT:CULT_PCS_NWS(1.0),25/02/16 23:00:00,A,GE1,T,PC,TR,2011-01-01,68.2,,
ESTAT:CULT_PCS_NWS(1.0),25/02/16 23:00:00,A,GE1,T,PC,UK,2011-01-01,88.1,,
ESTAT:CULT_PCS_NWS(1.0),25/02/16 23:00:00,A,GE1M,F,PC,AT,2011-01-01,2.1,,
ESTAT:CULT_PCS_NWS(1.0),25/02/16 23:00:00,A,GE1M,F,PC,BG,2011-01-01,8.3,,
ESTAT:CULT_PCS_NWS(1.0),25/02/16 23:00:00,A,GE1M,F,PC,CY,2011-01-01,10.8,,
ESTAT:CULT_PCS_NWS(1.0),25/02/16 23:00:00,A,GE1M,F,PC,CZ,2011-01-01,8.3,,
ESTAT:CULT_PCS_NWS(1.0),25/02/16 23:00:00,A,GE1M,F,PC,DE,2011-01-01,2.7,,
ESTAT:CULT_PCS_NWS(1.0),25/02/16 23:00:00,A,GE1M,F,PC,EE,2011-01-01,3.7,,
ESTAT:CULT_PCS_NWS(1.0),25/02/16 23:00:00,A,GE1M,F,PC,EL,2011-01-01,12.9,,
ESTAT:CULT_PCS_NWS(1.0),25/02/16 23:00:00,A,GE1M,F,PC,ES,2011-01-01,7.0,,
ESTAT:CULT_PCS_NWS(1.0),25/02/16 23:00:00,A,GE1M,F,PC,FI,2011-01-01,2.2,u,
ESTAT:CULT_PCS_NWS(1.0),25/02/16 23:00:00,A,GE1M,F,PC,HU,2011-01-01,5.2,,
ESTAT:CULT_PCS_NWS(1.0),25/02/16 23:00:00,A,GE1M,F,PC,IT,2011-01-01,9.4,,
ESTAT:CULT_PCS_NWS(1.0),25/02/16 23:00:00,A,GE1M,F,PC,LT,2011-01-01,3.7,,
ESTAT:CULT_PCS_NWS(1.0),25/02/16 23:00:00,A,GE1M,F,PC,LU,2011-01-01,3.6,u,
ESTAT:CULT_PCS_NWS(1.0),25/02/16 23:00:00,A,GE1M,F,PC,LV,2011-01-01,5.7,,
ESTAT:CULT_PCS_NWS(1.0),25/02/16 23:00:00,A,GE1M,F,PC,MT,2011-01-01,7.3,,
ESTAT:CULT_PCS_NWS(1.0),25/02/16 23:00:00,A,GE1M,F,PC,PL,2011-01-01,6.5,,
ESTAT:CULT_PCS_NWS(1.0),25/02/16 23:00:00,A,GE1M,F,PC,PT,2011-01-01,7.3,,
ESTAT:CULT_PCS_NWS(1.0),25/02/16 23:00:00,A,GE1M,F,PC,RO,2011-01-01,12.6,,
ESTAT:CULT_PCS_NWS(1.0),25/02/16 23:00:00,A,GE1M,F,PC,RS,2011-01-01,8.1,,
ESTAT:CULT_PCS_NWS(1.0),25/02/16 23:00:00,A,GE1M,F,PC,SI,2011-01-01,2.9,,
ESTAT:CULT_PCS_NWS(1.0),25/02/16 23:00:00,A,GE1M,F,PC,SK,2011-01-01,5.0,,
ESTAT:CULT_PCS_NWS(1.0),25/02/16 23:00:00,A,GE1M,F,PC,TR,2011-01-01,8.8,,
ESTAT:CULT_PCS_NWS(1.0),25/02/16 23:00:00,A,GE1M,F,PC,UK,2011-01-01,8.1,,
ESTAT:CULT_PCS_NWS(1.0),25/02/16 23:00:00,A,GE1M,M,PC,AT,2011-01-01,1.7,u,
ESTAT:CULT_PCS_NWS(1.0),25/02/16 23:00:00,A,GE1M,M,PC,BG,2011-01-01,5.3,,
ESTAT:CULT_PCS_NWS(1.0),25/02/16 23:00:00,A,GE1M,M,PC,CY,2011-01-01,6.6,,
ESTAT:CULT_PCS_NWS(1.0),25/02/16 23:00:00,A,GE1M,M,PC,CZ,2011-01-01,5.4,,
ESTAT:CULT_PCS_NWS(1.0),25/02/16 23:00:00,A,GE1M,M,PC,DE,2011-01-01,2.8,,
ESTAT:CULT_PCS_NWS(1.0),25/02/16 23:00:00,A,GE1M,M,PC,EE,2011-01-01,3.7,,
ESTAT:CULT_PCS_NWS(1.0),25/02/16 23:00:00,A,GE1M,M,PC,EL,2011-01-01,13.7,,
ESTAT:CULT_PCS_NWS(1.0),25/02/16 23:00:00,A,GE1M,M,PC,ES,2011-01-01,4.3,,
ESTAT:CULT_PCS_NWS(1.0),25/02/16 23:00:00,A,GE1M,M,PC,FI,2011-01-01,2.0,u,
ESTAT:CULT_PCS_NWS(1.0),25/02/16 23:00:00,A,GE1M,M,PC,HU,2011-01-01,5.0,,
ESTAT:CULT_PCS_NWS(1.0),25/02/16 23:00:00,A,GE1M,M,PC,IT,2011-01-01,7.1,,
ESTAT:CULT_PCS_NWS(1.0),25/02/16 23:00:00,A,GE1M,M,PC,LT,2011-01-01,4.6,,
ESTAT:CULT_PCS_NWS(1.0),25/02/16 23:00:00,A,GE1M,M,PC,LU,2011-01-01,2.3,u,
ESTAT:CULT_PCS_NWS(1.0),25/02/16 23:00:00,A,GE1M,M,PC,LV,2011-01-01,9.2,,
ESTAT:CULT_PCS_NWS(1.0),25/02/16 23:00:00,A,GE1M,M,PC,MT,2011-01-01,5.0,,
ESTAT:CULT_PCS_NWS(1.0),25/02/16 23:00:00,A,GE1M,M,PC,PL,2011-01-01,8.7,,
ESTAT:CULT_PCS_NWS(1.0),25/02/16 23:00:00,A,GE1M,M,PC,PT,2011-01-01,4.4,,
ESTAT:CULT_PCS_NWS(1.0),25/02/16 23:00:00,A,GE1M,M,PC,RO,2011-01-01,12.0,,
ESTAT:CULT_PCS_NWS(1.0),25/02/16 23:00:00,A,GE1M,M,PC,RS,2011-01-01,6.9,,
ESTAT:CULT_PCS_NWS(1.0),25/02/16 23:00:00,A,GE1M,M,PC,SI,2011-01-01,3.5,,
ESTAT:CULT_PCS_NWS(1.0),25/02/16 23:00:00,A,GE1M,M,PC,SK,2011-01-01,5.1,,
ESTAT:CULT_PCS_NWS(1.0),25/02/16 23:00:00,A,GE1M,M,PC,TR,2011-01-01,6.2,,
ESTAT:CULT_PCS_NWS(1.0),25/02/16 23:00:00,A,GE1M,M,PC,UK,2011-01-01,7.6,,
ESTAT:CULT_PCS_NWS(1.0),25/02/16 23:00:00,A,GE1M,T,PC,AT,2011-01-01,1.9,,
ESTAT:CULT_PCS_NWS(1.0),25/02/16 23:00:00,A,GE1M,T,PC,BG,2011-01-01,6.8,,
ESTAT:CULT_PCS_NWS(1.0),25/02/16 23:00:00,A,GE1M,T,PC,CY,2011-01-01,8.8,,
ESTAT:CULT_PCS_NWS(1.0),25/02/16 23:00:00,A,GE1M,T,PC,CZ,2011-01-01,6.8,,
ESTAT:CULT_PCS_NWS(1.0),25/02/16 23:00:00,A,GE1M,T,PC,DE,2011-01-01,2.7,,
ESTAT:CULT_PCS_NWS(1.0),25/02/16 23:00:00,A,GE1M,T,PC,EE,2011-01-01,3.7,,
ESTAT:CULT_PCS_NWS(1.0),25/02/16 23:00:00,A,GE1M,T,PC,EL,2011-01-01,13.3,,
ESTAT:CULT_PCS_NWS(1.0),25/02/16 23:00:00,A,GE1M,T,PC,ES,2011-01-01,5.6,,
ESTAT:CULT_PCS_NWS(1.0),25/02/16 23:00:00,A,GE1M,T,PC,FI,2011-01-01,2.1,,
ESTAT:CULT_PCS_NWS(1.0),25/02/16 23:00:00,A,GE1M,T,PC,HU,2011-01-01,5.1,,
ESTAT:CULT_PCS_NWS(1.0),25/02/16 23:00:00,A,GE1M,T,PC,IT,2011-01-01,8.2,,
ESTAT:CULT_PCS_NWS(1.0),25/02/16 23:00:00,A,GE1M,T,PC,LT,2011-01-01,4.1,,
ESTAT:CULT_PCS_NWS(1.0),25/02/16 23:00:00,A,GE1M,T,PC,LU,2011-01-01,2.9,,
ESTAT:CULT_PCS_NWS(1.0),25/02/16 23:00:00,A,GE1M,T,PC,LV,2011-01-01,7.4,,
ESTAT:CULT_PCS_NWS(1.0),25/02/16 23:00:00,A,GE1M,T,PC,MT,2011-01-01,6.2,,
ESTAT:CULT_PCS_NWS(1.0),25/02/16 23:00:00,A,GE1M,T,PC,PL,2011-01-01,7.6,,
ESTAT:CULT_PCS_NWS(1.0),25/02/16 23:00:00,A,GE1M,T,PC,PT,2011-01-01,5.9,,
ESTAT:CULT_PCS_NWS(1.0),25/02/16 23:00:00,A,GE1M,T,PC,RO,2011-01-01,12.3,,
ESTAT:CULT_PCS_NWS(1.0),25/02/16 23:00:00,A,GE1M,T,PC,RS,2011-01-01,7.5,,
ESTAT:CULT_PCS_NWS(1.0),25/02/16 23:00:00,A,GE1M,T,PC,SI,2011-01-01,3.2,,
ESTAT:CULT_PCS_NWS(1.0),25/02/16 23:00:00,A,GE1M,T,PC,SK,2011-01-01,5.0,,
ESTAT:CULT_PCS_NWS(1.0),25/02/16 23:00:00,A,GE1M,T,PC,TR,2011-01-01,7.5,,
ESTAT:CULT_PCS_NWS(1.0),25/02/16 23:00:00,A,GE1M,T,PC,UK,2011-01-01,7.8,,
ESTAT:CULT_PCS_NWS(1.0),25/02/16 23:00:00,A,GE1W,F,PC,AT,2011-01-01,20.0,,
ESTAT:CULT_PCS_NWS(1.0),25/02/16 23:00:00,A,GE1W,F,PC,BG,2011-01-01,33.8,,
ESTAT:CULT_PCS_NWS(1.0),25/02/16 23:00:00,A,GE1W,F,PC,CY,2011-01-01,37.2,,
ESTAT:CULT_PCS_NWS(1.0),25/02/16 23:00:00,A,GE1W,F,PC,CZ,2011-01-01,34.9,,
ESTAT:CULT_PCS_NWS(1.0),25/02/16 23:00:00,A,GE1W,F,PC,DE,2011-01-01,27.0,,
ESTAT:CULT_PCS_NWS(1.0),25/02/16 23:00:00,A,GE1W,F,PC,EE,2011-01-01,24.1,,
ESTAT:CULT_PCS_NWS(1.0),25/02/16 23:00:00,A,GE1W,F,PC,EL,2011-01-01,27.2,,
ESTAT:CULT_PCS_NWS(1.0),25/02/16 23:00:00,A,GE1W,F,PC,ES,2011-01-01,29.7,,
ESTAT:CULT_PCS_NWS(1.0),25/02/16 23:00:00,A,GE1W,F,PC,FI,2011-01-01,11.2,,
ESTAT:CULT_PCS_NWS(1.0),25/02/16 23:00:00,A,GE1W,F,PC,HU,2011-01-01,25.2,,
ESTAT:CULT_PCS_NWS(1.0),25/02/16 23:00:00,A,GE1W,F,PC,IT,2011-01-01,9.5,,
ESTAT:CULT_PCS_NWS(1.0),25/02/16 23:00:00,A,GE1W,F,PC,LT,2011-01-01,29.6,,
ESTAT:CULT_PCS_NWS(1.0),25/02/16 23:00:00,A,GE1W,F,PC,LU,2011-01-01,18.4,,
ESTAT:CULT_PCS_NWS(1.0),25/02/16 23:00:00,A,GE1W,F,PC,LV,2011-01-01,37.7,,
ESTAT:CULT_PCS_NWS(1.0),25/02/16 23:00:00,A,GE1W,F,PC,MT,2011-01-01,31.8,,
ESTAT:CULT_PCS_NWS(1.0),25/02/16 23:00:00,A,GE1W,F,PC,PL,2011-01-01,37.2,,
ESTAT:CULT_PCS_NWS(1.0),25/02/16 23:00:00,A,GE1W,F,PC,PT,2011-01-01,33.7,,
ESTAT:CULT_PCS_NWS(1.0),25/02/16 23:00:00,A,GE1W,F,PC,RO,2011-01-01,29.7,,
ESTAT:CULT_PCS_NWS(1.0),25/02/16 23:00:00,A,GE1W,F,PC,RS,2011-01-01,28.8,,
ESTAT:CULT_PCS_NWS(1.0),25/02/16 23:00:00,A,GE1W,F,PC,SI,2011-01-01,22.6,,
ESTAT:CULT_PCS_NWS(1.0),25/02/16 23:00:00,A,GE1W,F,PC,SK,2011-01-01,29.3,,
ESTAT:CULT_PCS_NWS(1.0),25/02/16 23:00:00,A,GE1W,F,PC,TR,2011-01-01,18.5,,
ESTAT:CULT_PCS_NWS(1.0),25/02/16 23:00:00,A,GE1W,F,PC,UK,2011-01-01,39.2,,
ESTAT:CULT_PCS_NWS(1.0),25/02/16 23:00:00,A,GE1W,M,PC,AT,2011-01-01,16.6,,
ESTAT:CULT_PCS_NWS(1.0),25/02/16 23:00:00,A,GE1W,M,PC,BG,2011-01-01,27.3,,
ESTAT:CULT_PCS_NWS(1.0),25/02/16 23:00:00,A,GE1W,M,PC,CY,2011-01-01,28.0,,
ESTAT:CULT_PCS_NWS(1.0),25/02/16 23:00:00,A,GE1W,M,PC,CZ,2011-01-01,29.5,,
ESTAT:CULT_PCS_NWS(1.0),25/02/16 23:00:00,A,GE1W,M,PC,DE,2011-01-01,22.3,,
ESTAT:CULT_PCS_NWS(1.0),25/02/16 23:00:00,A,GE1W,M,PC,EE,2011-01-01,21.3,,
ESTAT:CULT_PCS_NWS(1.0),25/02/16 23:00:00,A,GE1W,M,PC,EL,2011-01-01,33.8,,
ESTAT:CULT_PCS_NWS(1.0),25/02/16 23:00:00,A,GE1W,M,PC,ES,2011-01-01,24.7,,
ESTAT:CULT_PCS_NWS(1.0),25/02/16 23:00:00,A,GE1W,M,PC,FI,2011-01-01,9.4,,
ESTAT:CULT_PCS_NWS(1.0),25/02/16 23:00:00,A,GE1W,M,PC,HU,2011-01-01,22.8,,
ESTAT:CULT_PCS_NWS(1.0),25/02/16 23:00:00,A,GE1W,M,PC,IT,2011-01-01,8.4,,
ESTAT:CULT_PCS_NWS(1.0),25/02/16 23:00:00,A,GE1W,M,PC,LT,2011-01-01,31.0,,
ESTAT:CULT_PCS_NWS(1.0),25/02/16 23:00:00,A,GE1W,M,PC,LU,2011-01-01,13.6,,
ESTAT:CULT_PCS_NWS(1.0),25/02/16 23:00:00,A,GE1W,M,PC,LV,2011-01-01,37.1,,
ESTAT:CULT_PCS_NWS(1.0),25/02/16 23:00:00,A,GE1W,M,PC,MT,2011-01-01,24.9,,
ESTAT:CULT_PCS_NWS(1.0),25/02/16 23:00:00,A,GE1W,M,PC,PL,2011-01-01,36.2,,
ESTAT:CULT_PCS_NWS(1.0),25/02/16 23:00:00,A,GE1W,M,PC,PT,2011-01-01,23.3,,
ESTAT:CULT_PCS_NWS(1.0),25/02/16 23:00:00,A,GE1W,M,PC,RO,2011-01-01,28.6,,
ESTAT:CULT_PCS_NWS(1.0),25/02/16 23:00:00,A,GE1W,M,PC,RS,2011-01-01,22.1,,
ESTAT:CULT_PCS_NWS(1.0),25/02/16 23:00:00,A,GE1W,M,PC,SI,2011-01-01,17.8,,
ESTAT:CULT_PCS_NWS(1.0),25/02/16 23:00:00,A,GE1W,M,PC,SK,2011-01-01,26.4,,
ESTAT:CULT_PCS_NWS(1.0),25/02/16 23:00:00,A,GE1W,M,PC,TR,2011-01-01,22.3,,
ESTAT:CULT_PCS_NWS(1.0),25/02/16 23:00:00,A,GE1W,M,PC,UK,2011-01-01,35.6,,
ESTAT:CULT_PCS_NWS(1.0),25/02/16 23:00:00,A,GE1W,T,PC,AT,2011-01-01,18.3,,
ESTAT:CULT_PCS_NWS(1.0),25/02/16 23:00:00,A,GE1W,T,PC,BG,2011-01-01,30.5,,
ESTAT:CULT_PCS_NWS(1.0),25/02/16 23:00:00,A,GE1W,T,PC,CY,2011-01-01,32.8,,
ESTAT:CULT_PCS_NWS(1.0),25/02/16 23:00:00,A,GE1W,T,PC,CZ,2011-01-01,32.2,,
ESTAT:CULT_PCS_NWS(1.0),25/02/16 23:00:00,A,GE1W,T,PC,DE,2011-01-01,24.6,,
ESTAT:CULT_PCS_NWS(1.0),25/02/16 23:00:00,A,GE1W,T,PC,EE,2011-01-01,22.8,,
ESTAT:CULT_PCS_NWS(1.0),25/02/16 23:00:00,A,GE1W,T,PC,EL,2011-01-01,30.5,,
ESTAT:CULT_PCS_NWS(1.0),25/02/16 23:00:00,A,GE1W,T,PC,ES,2011-01-01,27.2,,
ESTAT:CULT_PCS_NWS(1.0),25/02/16 23:00:00,A,GE1W,T,PC,FI,2011-01-01,10.3,,
ESTAT:CULT_PCS_NWS(1.0),25/02/16 23:00:00,A,GE1W,T,PC,HU,2011-01-01,24.0,,
ESTAT:CULT_PCS_NWS(1.0),25/02/16 23:00:00,A,GE1W,T,PC,IT,2011-01-01,9.0,,
ESTAT:CULT_PCS_NWS(1.0),25/02/16 23:00:00,A,GE1W,T,PC,LT,2011-01-01,30.3,,
ESTAT:CULT_PCS_NWS(1.0),25/02/16 23:00:00,A,GE1W,T,PC,LU,2011-01-01,16.0,,
ESTAT:CULT_PCS_NWS(1.0),25/02/16 23:00:00,A,GE1W,T,PC,LV,2011-01-01,37.4,,
ESTAT:CULT_PCS_NWS(1.0),25/02/16 23:00:00,A,GE1W,T,PC,MT,2011-01-01,28.3,,
ESTAT:CULT_PCS_NWS(1.0),25/02/16 23:00:00,A,GE1W,T,PC,PL,2011-01-01,36.7,,
ESTAT:CULT_PCS_NWS(1.0),25/02/16 23:00:00,A,GE1W,T,PC,PT,2011-01-01,28.7,,
ESTAT:CULT_PCS_NWS(1.0),25/02/16 23:00:00,A,GE1W,T,PC,RO,2011-01-01,29.1,,
ESTAT:CULT_PCS_NWS(1.0),25/02/16 23:00:00,A,GE1W,T,PC,RS,2011-01-01,25.5,,
ESTAT:CULT_PCS_NWS(1.0),25/02/16 23:00:00,A,GE1W,T,PC,SI,2011-01-01,20.1,,
ESTAT:CULT_PCS_NWS(1.0),25/02/16 23:00:00,A,GE1W,T,PC,SK,2011-01-01,27.9,,
ESTAT:CULT_PCS_NWS(1.0),25/02/16 23:00:00,A,GE1W,T,PC,TR,2011-01-01,20.4,,
ESTAT:CULT_PCS_NWS(1.0),25/02/16 23:00:00,A,GE1W,T,PC,UK,2011-01-01,37.4,,
ESTAT:CULT_PCS_NWS(1.0),25/02/16 23:00:00,A,LT1M,F,PC,AT,2011-01-01,1.5,u,
ESTAT:CULT_PCS_NWS(1.0),25/02/16 23:00:00,A,LT1M,F,PC,BG,2011-01-01,4.3,,
ESTAT:CULT_PCS_NWS(1.0),25/02/16 23:00:00,A,LT1M,F,PC,CY,2011-01-01,8.5,,
ESTAT:CULT_PCS_NWS(1.0),25/02/16 23:00:00,A,LT1M,F,PC,CZ,2011-01-01,2.5,,
ESTAT:CULT_PCS_NWS(1.0),25/02/16 23:00:00,A,LT1M,F,PC,DE,2011-01-01,0.7,u,
ESTAT:CULT_PCS_NWS(1.0),25/02/16 23:00:00,A,LT1M,F,PC,EE,2011-01-01,,u,
ESTAT:CULT_PCS_NWS(1.0),25/02/16 23:00:00,A,LT1M,F,PC,EL,2011-01-01,11.3,,
ESTAT:CULT_PCS_NWS(1.0),25/02/16 23:00:00,A,LT1M,F,PC,ES,2011-01-01,4.5,,
ESTAT:CULT_PCS_NWS(1.0),25/02/16 23:00:00,A,LT1M,F,PC,FI,2011-01-01,,u,
ESTAT:CULT_PCS_NWS(1.0),25/02/16 23:00:00,A,LT1M,F,PC,HU,2011-01-01,2.9,,
ESTAT:CULT_PCS_NWS(1.0),25/02/16 23:00:00,A,LT1M,F,PC,IT,2011-01-01,5.0,,
ESTAT:CULT_PCS_NWS(1.0),25/02/16 23:00:00,A,LT1M,F,PC,LT,2011-01-01,1.3,u,
ESTAT:CULT_PCS_NWS(1.0),25/02/16 23:00:00,A,LT1M,F,PC,LU,2011-01-01,2.5,u,
ESTAT:CULT_PCS_NWS(1.0),25/02/16 23:00:00,A,LT1M,F,PC,LV,2011-01-01,2.6,,
ESTAT:CULT_PCS_NWS(1.0),25/02/16 23:00:00,A,LT1M,F,PC,MT,2011-01-01,5.8,,
ESTAT:CULT_PCS_NWS(1.0),25/02/16 23:00:00,A,LT1M,F,PC,PL,2011-01-01,3.4,,
ESTAT:CULT_PCS_NWS(1.0),25/02/16 23:00:00,A,LT1M,F,PC,PT,2011-01-01,5.3,,
ESTAT:CULT_PCS_NWS(1.0),25/02/16 23:00:00,A,LT1M,F,PC,RO,2011-01-01,10.6,,
ESTAT:CULT_PCS_NWS(1.0),25/02/16 23:00:00,A,LT1M,F,PC,RS,2011-01-01,4.0,,
ESTAT:CULT_PCS_NWS(1.0),25/02/16 23:00:00,A,LT1M,F,PC,SI,2011-01-01,2.0,u,
ESTAT:CULT_PCS_NWS(1.0),25/02/16 23:00:00,A,LT1M,F,PC,SK,2011-01-01,1.4,u,
ESTAT:CULT_PCS_NWS(1.0),25/02/16 23:00:00,A,LT1M,F,PC,TR,2011-01-01,6.6,,
ESTAT:CULT_PCS_NWS(1.0),25/02/16 23:00:00,A,LT1M,F,PC,UK,2011-01-01,6.2,,
ESTAT:CULT_PCS_NWS(1.0),25/02/16 23:00:00,A,LT1M,M,PC,AT,2011-01-01,1.0,u,
ESTAT:CULT_PCS_NWS(1.0),25/02/16 23:00:00,A,LT1M,M,PC,BG,2011-01-01,4.4,,
ESTAT:CULT_PCS_NWS(1.0),25/02/16 23:00:00,A,LT1M,M,PC,CY,2011-01-01,4.9,u,
ESTAT:CULT_PCS_NWS(1.0),25/02/16 23:00:00,A,LT1M,M,PC,CZ,2011-01-01,2.0,,
ESTAT:CULT_PCS_NWS(1.0),25/02/16 23:00:00,A,LT1M,M,PC,DE,2011-01-01,,u,
ESTAT:CULT_PCS_NWS(1.0),25/02/16 23:00:00,A,LT1M,M,PC,EE,2011-01-01,,u,
ESTAT:CULT_PCS_NWS(1.0),25/02/16 23:00:00,A,LT1M,M,PC,EL,2011-01-01,8.2,,
ESTAT:CULT_PCS_NWS(1.0),25/02/16 23:00:00,A,LT1M,M,PC,ES,2011-01-01,2.7,,
ESTAT:CULT_PCS_NWS(1.0),25/02/16 23:00:00,A,LT1M,M,PC,FI,2011-01-01,,u,
ESTAT:CULT_PCS_NWS(1.0),25/02/16 23:00:00,A,LT1M,M,PC,HU,2011-01-01,3.6,,
ESTAT:CULT_PCS_NWS(1.0),25/02/16 23:00:00,A,LT1M,M,PC,IT,2011-01-01,3.4,,
ESTAT:CULT_PCS_NWS(1.0),25/02/16 23:00:00,A,LT1M,M,PC,LT,2011-01-01,1.6,u,
ESTAT:CULT_PCS_NWS(1.0),25/02/16 23:00:00,A,LT1M,M,PC,LU,2011-01-01,1.1,u,
ESTAT:CULT_PCS_NWS(1.0),25/02/16 23:00:00,A,LT1M,M,PC,LV,2011-01-01,4.1,,
ESTAT:CULT_PCS_NWS(1.0),25/02/16 23:00:00,A,LT1M,M,PC,MT,2011-01-01,4.3,,
ESTAT:CULT_PCS_NWS(1.0),25/02/16 23:00:00,A,LT1M,M,PC,PL,2011-01-01,5.2,,
ESTAT:CULT_PCS_NWS(1.0),25/02/16 23:00:00,A,LT1M,M,PC,PT,2011-01-01,3.9,,
ESTAT:CULT_PCS_NWS(1.0),25/02/16 23:00:00,A,LT1M,M,PC,RO,2011-01-01,8.7,,
ESTAT:CULT_PCS_NWS(1.0),25/02/16 23:00:00,A,LT1M,M,PC,RS,2011-01-01,3.0,,
ESTAT:CULT_PCS_NWS(1.0),25/02/16 23:00:00,A,LT1M,M,PC,SI,2011-01-01,1.8,u,
ESTAT:CULT_PCS_NWS(1.0),25/02/16 23:00:00,A,LT1M,M,PC,SK,2011-01-01,2.1,u,
ESTAT:CULT_PCS_NWS(1.0),25/02/16 23:00:00,A,LT1M,M,PC,TR,2011-01-01,3.9,,
ESTAT:CULT_PCS_NWS(1.0),25/02/16 23:00:00,A,LT1M,M,PC,UK,2011-01-01,6.0,,
ESTAT:CULT_PCS_NWS(1.0),25/02/16 23:00:00,A,LT1M,T,PC,AT,2011-01-01,1.3,,
ESTAT:CULT_PCS_NWS(1.0),25/02/16 23:00:00,A,LT1M,T,PC,BG,2011-01-01,4.3,,
ESTAT:CULT_PCS_NWS(1.0),25/02/16 23:00:00,A,LT1M,T,PC,CY,2011-01-01,6.8,,
ESTAT:CULT_PCS_NWS(1.0),25/02/16 23:00:00,A,LT1M,T,PC,CZ,2011-01-01,2.2,,
ESTAT:CULT_PCS_NWS(1.0),25/02/16 23:00:00,A,LT1M,T,PC,DE,2011-01-01,0.7,u,
ESTAT:CULT_PCS_NWS(1.0),25/02/16 23:00:00,A,LT1M,T,PC,EE,2011-01-01,1.1,u,
ESTAT:CULT_PCS_NWS(1.0),25/02/16 23:00:00,A,LT1M,T,PC,EL,2011-01-01,9.7,,
ESTAT:CULT_PCS_NWS(1.0),25/02/16 23:00:00,A,LT1M,T,PC,ES,2011-01-01,3.6,,
ESTAT:CULT_PCS_NWS(1.0),25/02/16 23:00:00,A,LT1M,T,PC,FI,2011-01-01,,u,
ESTAT:CULT_PCS_NWS(1.0),25/02/16 23:00:00,A,LT1M,T,PC,HU,2011-01-01,3.2,,
ESTAT:CULT_PCS_NWS(1.0),25/02/16 23:00:00,A,LT1M,T,PC,IT,2011-01-01,4.2,,
ESTAT:CULT_PCS_NWS(1.0),25/02/16 23:00:00,A,LT1M,T,PC,LT,2011-01-01,1.4,,
ESTAT:CULT_PCS_NWS(1.0),25/02/16 23:00:00,A,LT1M,T,PC,LU,2011-01-01,1.8,,
ESTAT:CULT_PCS_NWS(1.0),25/02/16 23:00:00,A,LT1M,T,PC,LV,2011-01-01,3.3,,
ESTAT:CULT_PCS_NWS(1.0),25/02/16 23:00:00,A,LT1M,T,PC,MT,2011-01-01,5.0,,
ESTAT:CULT_PCS_NWS(1.0),25/02/16 23:00:00,A,LT1M,T,PC,PL,2011-01-01,4.3,,
ESTAT:CULT_PCS_NWS(1.0),25/02/16 23:00:00,A,LT1M,T,PC,PT,2011-01-01,4.6,,
ESTAT:CULT_PCS_NWS(1.0),25/02/16 23:00:00,A,LT1M,T,PC,RO,2011-01-01,9.7,,
ESTAT:CULT_PCS_NWS(1.0),25/02/16 23:00:00,A,LT1M,T,PC,RS,2011-01-01,3.5,,
ESTAT:CULT_PCS_NWS(1.0),25/02/16 23:00:00,A,LT1M,T,PC,SI,2011-01-01,1.9,,
ESTAT:CULT_PCS_NWS(1.0),25/02/16 23:00:00,A,LT1M,T,PC,SK,2011-01-01,1.8,,
ESTAT:CULT_PCS_NWS(1.0),25/02/16 23:00:00,A,LT1M,T,PC,TR,2011-01-01,5.3,,
ESTAT:CULT_PCS_NWS(1.0),25/02/16 23:00:00,A,LT1M,T,PC,UK,2011-01-01,6.1,,
ESTAT:CULT_PCS_NWS(1.0),25/02/16 23:00:00,A,NRP,F,PC,AT,2011-01-01,,u,
ESTAT:CULT_PCS_NWS(1.0),25/02/16 23:00:00,A,NRP,F,PC,BG,2011-01-01,,u,
ESTAT:CULT_PCS_NWS(1.0),25/02/16 23:00:00,A,NRP,F,PC,DE,2011-01-01,,u,
ESTAT:CULT_PCS_NWS(1.0),25/02/16 23:00:00,A,NRP,F,PC,EL,2011-01-01,1.2,u,
ESTAT:CULT_PCS_NWS(1.0),25/02/16 23:00:00,A,NRP,F,PC,ES,2011-01-01,,u,
ESTAT:CULT_PCS_NWS(1.0),25/02/16 23:00:00,A,NRP,F,PC,FI,2011-01-01,,u,
ESTAT:CULT_PCS_NWS(1.0),25/02/16 23:00:00,A,NRP,F,PC,IT,2011-01-01,,u,
ESTAT:CULT_PCS_NWS(1.0),25/02/16 23:00:00,A,NRP,F,PC,PL,2011-01-01,,u,
ESTAT:CULT_PCS_NWS(1.0),25/02/16 23:00:00,A,NRP,F,PC,RO,2011-01-01,0.9,u,
ESTAT:CULT_PCS_NWS(1.0),25/02/16 23:00:00,A,NRP,F,PC,RS,2011-01-01,0.9,u,
ESTAT:CULT_PCS_NWS(1.0),25/02/16 23:00:00,A,NRP,F,PC,UK,2011-01-01,,u,
ESTAT:CULT_PCS_NWS(1.0),25/02/16 23:00:00,A,NRP,M,PC,AT,2011-01-01,,u,
ESTAT:CULT_PCS_NWS(1.0),25/02/16 23:00:00,A,NRP,M,PC,BG,2011-01-01,,u,
ESTAT:CULT_PCS_NWS(1.0),25/02/16 23:00:00,A,NRP,M,PC,DE,2011-01-01,,u,
ESTAT:CULT_PCS_NWS(1.0),25/02/16 23:00:00,A,NRP,M,PC,EE,2011-01-01,,u,
ESTAT:CULT_PCS_NWS(1.0),25/02/16 23:00:00,A,NRP,M,PC,EL,2011-01-01,1.2,u,
ESTAT:CULT_PCS_NWS(1.0),25/02/16 23:00:00,A,NRP,M,PC,ES,2011-01-01,,u,
ESTAT:CULT_PCS_NWS(1.0),25/02/16 23:00:00,A,NRP,M,PC,FI,2011-01-01,,u,
ESTAT:CULT_PCS_NWS(1.0),25/02/16 23:00:00,A,NRP,M,PC,IT,2011-01-01,,u,
ESTAT:CULT_PCS_NWS(1.0),25/02/16 23:00:00,A,NRP,M,PC,LU,2011-01-01,,u,
ESTAT:CULT_PCS_NWS(1.0),25/02/16 23:00:00,A,NRP,M,PC,PL,2011-01-01,,u,
ESTAT:CULT_PCS_NWS(1.0),25/02/16 23:00:00,A,NRP,M,PC,RO,2011-01-01,0.6,u,
ESTAT:CULT_PCS_NWS(1.0),25/02/16 23:00:00,A,NRP,M,PC,RS,2011-01-01,,u,
ESTAT:CULT_PCS_NWS(1.0),25/02/16 23:00:00,A,NRP,T,PC,AT,2011-01-01,,u,
ESTAT:CULT_PCS_NWS(1.0),25/02/16 23:00:00,A,NRP,T,PC,BG,2011-01-01,0.7,u,
ESTAT:CULT_PCS_NWS(1.0),25/02/16 23:00:00,A,NRP,T,PC,DE,2011-01-01,,u,
ESTAT:CULT_PCS_NWS(1.0),25/02/16 23:00:00,A,NRP,T,PC,EE,2011-01-01,,u,
ESTAT:CULT_PCS_NWS(1.0),25/02/16 23:00:00,A,NRP,T,PC,EL,2011-01-01,1.2,,
ESTAT:CULT_PCS_NWS(1.0),25/02/16 23:00:00,A,NRP,T,PC,ES,2011-01-01,0.2,u,
ESTAT:CULT_PCS_NWS(1.0),25/02/16 23:00:00,A,NRP,T,PC,FI,2011-01-01,,u,
ESTAT:CULT_PCS_NWS(1.0),25/02/16 23:00:00,A,NRP,T,PC,IT,2011-01-01,,u,
ESTAT:CULT_PCS_NWS(1.0),25/02/16 23:00:00,A,NRP,T,PC,LU,2011-01-01,,u,
ESTAT:CULT_PCS_NWS(1.0),25/02/16 23:00:00,A,NRP,T,PC,PL,2011-01-01,,u,
ESTAT:CULT_PCS_NWS(1.0),25/02/16 23:00:00,A,NRP,T,PC,RO,2011-01-01,0.7,,
ESTAT:CULT_PCS_NWS(1.0),25/02/16 23:00:00,A,NRP,T,PC,RS,2011-01-01,0.8,,
ESTAT:CULT_PCS_NWS(1.0),25/02/16 23:00:00,A,NRP,T,PC,UK,2011-01-01,,u,
ESTAT:CULT_PCS_NWS(1.0),25/02/16 23:00:00,A,NVR,F,PC,AT,2011-01-01,2.2,u,
ESTAT:CULT_PCS_NWS(1.0),25/02/16 23:00:00,A,NVR,F,PC,BG,2011-01-01,13.8,,
ESTAT:CULT_PCS_NWS(1.0),25/02/16 23:00:00,A,NVR,F,PC,CY,2011-01-01,16.8,,
ESTAT:CULT_PCS_NWS(1.0),25/02/16 23:00:00,A,NVR,F,PC,CZ,2011-01-01,3.2,,
ESTAT:CULT_PCS_NWS(1.0),25/02/16 23:00:00,A,NVR,F,PC,DE,2011-01-01,6.8,,
ESTAT:CULT_PCS_NWS(1.0),25/02/16 23:00:00,A,NVR,F,PC,EE,2011-01-01,2.3,u,
ESTAT:CULT_PCS_NWS(1.0),25/02/16 23:00:00,A,NVR,F,PC,EL,2011-01-01,29.7,,
ESTAT:CULT_PCS_NWS(1.0),25/02/16 23:00:00,A,NVR,F,PC,ES,2011-01-01,20.6,,
ESTAT:CULT_PCS_NWS(1.0),25/02/16 23:00:00,A,NVR,F,PC,FI,2011-01-01,,u,
ESTAT:CULT_PCS_NWS(1.0),25/02/16 23:00:00,A,NVR,F,PC,HU,2011-01-01,3.8,,
ESTAT:CULT_PCS_NWS(1.0),25/02/16 23:00:00,A,NVR,F,PC,IT,2011-01-01,21.4,,
ESTAT:CULT_PCS_NWS(1.0),25/02/16 23:00:00,A,NVR,F,PC,LT,2011-01-01,2.9,,
ESTAT:CULT_PCS_NWS(1.0),25/02/16 23:00:00,A,NVR,F,PC,LU,2011-01-01,,u,
ESTAT:CULT_PCS_NWS(1.0),25/02/16 23:00:00,A,NVR,F,PC,LV,2011-01-01,1.6,u,
ESTAT:CULT_PCS_NWS(1.0),25/02/16 23:00:00,A,NVR,F,PC,MT,2011-01-01,22.9,,
ESTAT:CULT_PCS_NWS(1.0),25/02/16 23:00:00,A,NVR,F,PC,PL,2011-01-01,2.6,,
ESTAT:CULT_PCS_NWS(1.0),25/02/16 23:00:00,A,NVR,F,PC,PT,2011-01-01,7.6,,
ESTAT:CULT_PCS_NWS(1.0),25/02/16 23:00:00,A,NVR,F,PC,RO,2011-01-01,20.6,,
ESTAT:CULT_PCS_NWS(1.0),25/02/16 23:00:00,A,NVR,F,PC,RS,2011-01-01,5.6,,
ESTAT:CULT_PCS_NWS(1.0),25/02/16 23:00:00,A,NVR,F,PC,SI,2011-01-01,12.9,,
ESTAT:CULT_PCS_NWS(1.0),25/02/16 23:00:00,A,NVR,F,PC,SK,2011-01-01,,u,
ESTAT:CULT_PCS_NWS(1.0),25/02/16 23:00:00,A,NVR,F,PC,TR,2011-01-01,45.4,,
ESTAT:CULT_PCS_NWS(1.0),25/02/16 23:00:00,A,NVR,F,PC,UK,2011-01-01,12.5,,
ESTAT:CULT_PCS_NWS(1.0),25/02/16 23:00:00,A,NVR,M,PC,AT,2011-01-01,2.1,u,
ESTAT:CULT_PCS_NWS(1.0),25/02/16 23:00:00,A,NVR,M,PC,BG,2011-01-01,10.4,,
ESTAT:CULT_PCS_NWS(1.0),25/02/16 23:00:00,A,NVR,M,PC,CY,2011-01-01,11.6,,
ESTAT:CULT_PCS_NWS(1.0),25/02/16 23:00:00,A,NVR,M,PC,CZ,2011-01-01,2.6,,
ESTAT:CULT_PCS_NWS(1.0),25/02/16 23:00:00,A,NVR,M,PC,DE,2011-01-01,6.6,,
ESTAT:CULT_PCS_NWS(1.0),25/02/16 23:00:00,A,NVR,M,PC,EE,2011-01-01,3.4,u,
ESTAT:CULT_PCS_NWS(1.0),25/02/16 23:00:00,A,NVR,M,PC,EL,2011-01-01,15.5,,
ESTAT:CULT_PCS_NWS(1.0),25/02/16 23:00:00,A,NVR,M,PC,ES,2011-01-01,10.9,,
ESTAT:CULT_PCS_NWS(1.0),25/02/16 23:00:00,A,NVR,M,PC,FI,2011-01-01,1.3,u,
ESTAT:CULT_PCS_NWS(1.0),25/02/16 23:00:00,A,NVR,M,PC,HU,2011-01-01,3.9,,
ESTAT:CULT_PCS_NWS(1.0),25/02/16 23:00:00,A,NVR,M,PC,IT,2011-01-01,12.3,,
ESTAT:CULT_PCS_NWS(1.0),25/02/16 23:00:00,A,NVR,M,PC,LT,2011-01-01,3.3,,
ESTAT:CULT_PCS_NWS(1.0),25/02/16 23:00:00,A,NVR,M,PC,LU,2011-01-01,,u,
ESTAT:CULT_PCS_NWS(1.0),25/02/16 23:00:00,A,NVR,M,PC,LV,2011-01-01,3.8,,
ESTAT:CULT_PCS_NWS(1.0),25/02/16 23:00:00,A,NVR,M,PC,MT,2011-01-01,22.2,,
ESTAT:CULT_PCS_NWS(1.0),25/02/16 23:00:00,A,NVR,M,PC,PL,2011-01-01,4.8,,
ESTAT:CULT_PCS_NWS(1.0),25/02/16 23:00:00,A,NVR,M,PC,PT,2011-01-01,6.4,,
ESTAT:CULT_PCS_NWS(1.0),25/02/16 23:00:00,A,NVR,M,PC,RO,2011-01-01,16.0,,
ESTAT:CULT_PCS_NWS(1.0),25/02/16 23:00:00,A,NVR,M,PC,RS,2011-01-01,6.7,,
ESTAT:CULT_PCS_NWS(1.0),25/02/16 23:00:00,A,NVR,M,PC,SI,2011-01-01,13.3,,
ESTAT:CULT_PCS_NWS(1.0),25/02/16 23:00:00,A,NVR,M,PC,SK,2011-01-01,1.0,u,
ESTAT:CULT_PCS_NWS(1.0),25/02/16 23:00:00,A,NVR,M,PC,TR,2011-01-01,18.2,,
ESTAT:CULT_PCS_NWS(1.0),25/02/16 23:00:00,A,NVR,M,PC,UK,2011-01-01,11.2,,
ESTAT:CULT_PCS_NWS(1.0),25/02/16 23:00:00,A,NVR,T,PC,AT,2011-01-01,2.2,,
ESTAT:CULT_PCS_NWS(1.0),25/02/16 23:00:00,A,NVR,T,PC,BG,2011-01-01,12.1,,
ESTAT:CULT_PCS_NWS(1.0),25/02/16 23:00:00,A,NVR,T,PC,CY,2011-01-01,14.3,,
ESTAT:CULT_PCS_NWS(1.0),25/02/16 23:00:00,A,NVR,T,PC,CZ,2011-01-01,2.9,,
ESTAT:CULT_PCS_NWS(1.0),25/02/16 23:00:00,A,NVR,T,PC,DE,2011-01-01,6.7,,
ESTAT:CULT_PCS_NWS(1.0),25/02/16 23:00:00,A,NVR,T,PC,EE,2011-01-01,2.8,,
ESTAT:CULT_PCS_NWS(1.0),25/02/16 23:00:00,A,NVR,T,PC,EL,2011-01-01,22.5,,
ESTAT:CULT_PCS_NWS(1.0),25/02/16 23:00:00,A,NVR,T,PC,ES,2011-01-01,15.7,,
ESTAT:CULT_PCS_NWS(1.0),25/02/16 23:00:00,A,NVR,T,PC,FI,2011-01-01,1.2,u,
ESTAT:CULT_PCS_NWS(1.0),25/02/16 23:00:00,A,NVR,T,PC,HU,2011-01-01,3.8,,
ESTAT:CULT_PCS_NWS(1.0),25/02/16 23:00:00,A,NVR,T,PC,IT,2011-01-01,16.9,,
ESTAT:CULT_PCS_NWS(1.0),25/02/16 23:00:00,A,NVR,T,PC,LT,2011-01-01,3.1,,
ESTAT:CULT_PCS_NWS(1.0),25/02/16 23:00:00,A,NVR,T,PC,LU,2011-01-01,,u,
ESTAT:CULT_PCS_NWS(1.0),25/02/16 23:00:00,A,NVR,T,PC,LV,2011-01-01,2.7,,
ESTAT:CULT_PCS_NWS(1.0),25/02/16 23:00:00,A,NVR,T,PC,MT,2011-01-01,22.6,,
ESTAT:CULT_PCS_NWS(1.0),25/02/16 23:00:00,A,NVR,T,PC,PL,2011-01-01,3.7,,
ESTAT:CULT_PCS_NWS(1.0),25/02/16 23:00:00,A,NVR,T,PC,PT,2011-01-01,7.0,,
ESTAT:CULT_PCS_NWS(1.0),25/02/16 23:00:00,A,NVR,T,PC,RO,2011-01-01,18.3,,
ESTAT:CULT_PCS_NWS(1.0),25/02/16 23:00:00,A,NVR,T,PC,RS,2011-01-01,6.1,,
ESTAT:CULT_PCS_NWS(1.0),25/02/16 23:00:00,A,NVR,T,PC,SI,2011-01-01,13.1,,
ESTAT:CULT_PCS_NWS(1.0),25/02/16 23:00:00,A,NVR,T,PC,SK,2011-01-01,0.8,u,
ESTAT:CULT_PCS_NWS(1.0),25/02/16 23:00:00,A,NVR,T,PC,TR,2011-01-01,31.8,,
ESTAT:CULT_PCS_NWS(1.0),25/02/16 23:00:00,A,NVR,T,PC,UK,2011-01-01,11.9,,
