DATAFLOW,LAST UPDATE,freq,frequenc,isced97,unit,geo,TIME_PERIOD,OBS_VALUE,OBS_FLAG,CONF_STATUS
ESTAT:CULT_PCS_NWE(1.0),26/02/16 23:00:00,A,DAY,ED0-2,PC,AT,2007-01-01,59.5,,
ESTAT:CULT_PCS_NWE(1.0),26/02/16 23:00:00,A,DAY,ED0-2,PC,BE,2007-01-01,37.7,,
ESTAT:CULT_PCS_NWE(1.0),26/02/16 23:00:00,A,DAY,ED0-2,PC,BG,2007-01-01,13.3,,
ESTAT:CULT_PCS_NWE(1.0),26/02/16 23:00:00,A,DAY,ED0-2,PC,CY,2007-01-01,30.1,,
ESTAT:CULT_PCS_NWE(1.0),26/02/16 23:00:00,A,DAY,ED0-2,PC,CZ,2007-01-01,41.6,,
ESTAT:CULT_PCS_NWE(1.0),26/02/16 23:00:00,A,DAY,ED0-2,PC,EE,2007-01-01,57.6,,
ESTAT:CULT_PCS_NWE(1.0),26/02/16 23:00:00,A,DAY,ED0-2,PC,EL,2007-01-01,16.1,,
ESTAT:CULT_PCS_NWE(1.0),26/02/16 23:00:00,A,DAY,ED0-2,PC,ES,2007-01-01,39.8,,
ESTAT:CULT_PCS_NWE(1.0),26/02/16 23:00:00,A,DAY,ED0-2,PC,FI,2007-01-01,86.4,,
ESTAT:CULT_PCS_NWE(1.0),26/02/16 23:00:00,A,DAY,ED0-2,PC,HR,2007-01-01,38.3,,
ESTAT:CULT_PCS_NWE(1.0),26/02/16 23:00:00,A,DAY,ED0-2,PC,HU,2007-01-01,43.7,,
ESTAT:CULT_PCS_NWE(1.0),26/02/16 23:00:00,A,DAY,ED0-2,PC,LT,2007-01-01,39.4,,
ESTAT:CULT_PCS_NWE(1.0),26/02/16 23:00:00,A,DAY,ED0-2,PC,LV,2007-01-01,45.7,,
ESTAT:CULT_PCS_NWE(1.0),26/02/16 23:00:00,A,DAY,ED0-2,PC,MT,2007-01-01,27.9,,
ESTAT:CULT_PCS_NWE(1.0),26/02/16 23:00:00,A,DAY,ED0-2,PC,PL,2007-01-01,28.4,,
ESTAT:CULT_PCS_NWE(1.0),26/02/16 23:00:00,A,DAY,ED0-2,PC,PT,2007-01-01,36.1,,
ESTAT:CULT_PCS_NWE(1.0),26/02/16 23:00:00,A,DAY,ED0-2,PC,RO,2007-01-01,9.9,,
ESTAT:CULT_PCS_NWE(1.0),26/02/16 23:00:00,A,DAY,ED0-2,PC,SI,2007-01-01,56.3,,
ESTAT:CULT_PCS_NWE(1.0),26/02/16 23:00:00,A,DAY,ED0-2,PC,SK,2007-01-01,42.3,,
ESTAT:CULT_PCS_NWE(1.0),26/02/16 23:00:00,A,DAY,ED0-2,PC,TR,2007-01-01,28.4,,
ESTAT:CULT_PCS_NWE(1.0),26/02/16 23:00:00,A,DAY,ED3_4,PC,AT,2007-01-01,74.3,,
ESTAT:CULT_PCS_NWE(1.0),26/02/16 23:00:00,A,DAY,ED3_4,PC,BE,2007-01-01,43.1,,
ESTAT:CULT_PCS_NWE(1.0),26/02/16 23:00:00,A,DAY,ED3_4,PC,BG,2007-01-01,50.3,,
ESTAT:CULT_PCS_NWE(1.0),26/02/16 23:00:00,A,DAY,ED3_4,PC,CY,2007-01-01,43.3,,
ESTAT:CULT_PCS_NWE(1.0),26/02/16 23:00:00,A,DAY,ED3_4,PC,CZ,2007-01-01,54.6,,
ESTAT:CULT_PCS_NWE(1.0),26/02/16 23:00:00,A,DAY,ED3_4,PC,EE,2007-01-01,69.0,,
ESTAT:CULT_PCS_NWE(1.0),26/02/16 23:00:00,A,DAY,ED3_4,PC,EL,2007-01-01,33.3,,
ESTAT:CULT_PCS_NWE(1.0),26/02/16 23:00:00,A,DAY,ED3_4,PC,ES,2007-01-01,57.0,,
ESTAT:CULT_PCS_NWE(1.0),26/02/16 23:00:00,A,DAY,ED3_4,PC,FI,2007-01-01,86.1,,
ESTAT:CULT_PCS_NWE(1.0),26/02/16 23:00:00,A,DAY,ED3_4,PC,HR,2007-01-01,64.5,,
ESTAT:CULT_PCS_NWE(1.0),26/02/16 23:00:00,A,DAY,ED3_4,PC,HU,2007-01-01,67.6,,
ESTAT:CULT_PCS_NWE(1.0),26/02/16 23:00:00,A,DAY,ED3_4,PC,LT,2007-01-01,58.1,,
ESTAT:CULT_PCS_NWE(1.0),26/02/16 23:00:00,A,DAY,ED3_4,PC,LV,2007-01-01,59.6,,
ESTAT:CULT_PCS_NWE(1.0),26/02/16 23:00:00,A,DAY,ED3_4,PC,MT,2007-01-01,38.0,u,
ESTAT:CULT_PCS_NWE(1.0),26/02/16 23:00:00,A,DAY,ED3_4,PC,PL,2007-01-01,46.4,,
ESTAT:CULT_PCS_NWE(1.0),26/02/16 23:00:00,A,DAY,ED3_4,PC,PT,2007-01-01,55.1,,
ESTAT:CULT_PCS_NWE(1.0),26/02/16 23:00:00,A,DAY,ED3_4,PC,RO,2007-01-01,34.5,,
ESTAT:CULT_PCS_NWE(1.0),26/02/16 23:00:00,A,DAY,ED3_4,PC,SI,2007-01-01,68.5,,
ESTAT:CULT_PCS_NWE(1.0),26/02/16 23:00:00,A,DAY,ED3_4,PC,SK,2007-01-01,67.0,,
ESTAT:CULT_PCS_NWE(1.0),26/02/16 23:00:00,A,DAY,ED3_4,PC,TR,2007-01-01,64.8,,
ESTAT:CULT_PCS_NWE(1.0),26/02/16 23:00:00,A,DAY,ED5_6,PC,AT,2007-01-01,75.3,,
ESTAT:CULT_PCS_NWE(1.0),26/02/16 23:00:00,A,DAY,ED5_6,PC,BE,2007-01-01,45.8,,
ESTAT:CULT_PCS_NWE(1.0),26/02/16 23:00:00,A,DAY,ED5_6,PC,BG,2007-01-01,64.9,,
ESTAT:CULT_PCS_NWE(1.0),26/02/16 23:00:00,A,DAY,ED5_6,PC,CY,2007-01-01,44.3,,
ESTAT:CULT_PCS_NWE(1.0),26/02/16 23:00:00,A,DAY,ED5_6,PC,CZ,2007-01-01,59.9,,
ESTAT:CULT_PCS_NWE(1.0),26/02/16 23:00:00,A,DAY,ED5_6,PC,EE,2007-01-01,77.5,,
ESTAT:CULT_PCS_NWE(1.0),26/02/16 23:00:00,A,DAY,ED5_6,PC,EL,2007-01-01,49.4,,
ESTAT:CULT_PCS_NWE(1.0),26/02/16 23:00:00,A,DAY,ED5_6,PC,ES,2007-01-01,61.5,,
ESTAT:CULT_PCS_NWE(1.0),26/02/16 23:00:00,A,DAY,ED5_6,PC,FI,2007-01-01,91.9,,
ESTAT:CULT_PCS_NWE(1.0),26/02/16 23:00:00,A,DAY,ED5_6,PC,HR,2007-01-01,72.7,,
ESTAT:CULT_PCS_NWE(1.0),26/02/16 23:00:00,A,DAY,ED5_6,PC,HU,2007-01-01,79.4,,
ESTAT:CULT_PCS_NWE(1.0),26/02/16 23:00:00,A,DAY,ED5_6,PC,LT,2007-01-01,76.0,,
ESTAT:CULT_PCS_NWE(1.0),26/02/16 23:00:00,A,DAY,ED5_6,PC,LV,2007-01-01,74.3,,
ESTAT:CULT_PCS_NWE(1.0),26/02/16 23:00:00,A,DAY,ED5_6,PC,MT,2007-01-01,50.5,,
ESTAT:CULT_PCS_NWE(1.0),26/02/16 23:00:00,A,DAY,ED5_6,PC,PL,2007-01-01,58.3,,
ESTAT:CULT_PCS_NWE(1.0),26/02/16 23:00:00,A,DAY,ED5_6,PC,PT,2007-01-01,52.0,,
ESTAT:CULT_PCS_NWE(1.0),26/02/16 23:00:00,A,DAY,ED5_6,PC,RO,2007-01-01,67.0,,
ESTAT:CULT_PCS_NWE(1.0),26/02/16 23:00:00,A,DAY,ED5_6,PC,SI,2007-01-01,74.0,,
ESTAT:CULT_PCS_NWE(1.0),26/02/16 23:00:00,A,DAY,ED5_6,PC,SK,2007-01-01,75.6,,
ESTAT:CULT_PCS_NWE(1.0),26/02/16 23:00:00,A,DAY,ED5_6,PC,TR,2007-01-01,82.2,,
ESTAT:CULT_PCS_NWE(1.0),26/02/16 23:00:00,A,DAY,TOTAL,PC,AT,2007-01-01,71.1,,
ESTAT:CULT_PCS_NWE(1.0),26/02/16 23:00:00,A,DAY,TOTAL,PC,BE,2007-01-01,42.1,,
ESTAT:CULT_PCS_NWE(1.0),26/02/16 23:00:00,A,DAY,TOTAL,PC,BG,2007-01-01,44.7,,
ESTAT:CULT_PCS_NWE(1.0),26/02/16 23:00:00,A,DAY,TOTAL,PC,CY,2007-01-01,39.7,,
ESTAT:CULT_PCS_NWE(1.0),26/02/16 23:00:00,A,DAY,TOTAL,PC,CZ,2007-01-01,54.6,,
ESTAT:CULT_PCS_NWE(1.0),26/02/16 23:00:00,A,DAY,TOTAL,PC,EE,2007-01-01,70.4,,
ESTAT:CULT_PCS_NWE(1.0),26/02/16 23:00:00,A,DAY,TOTAL,PC,EL,2007-01-01,30.9,,
ESTAT:CULT_PCS_NWE(1.0),26/02/16 23:00:00,A,DAY,TOTAL,PC,ES,2007-01-01,49.8,,
ESTAT:CULT_PCS_NWE(1.0),26/02/16 23:00:00,A,DAY,TOTAL,PC,FI,2007-01-01,88.1,,
ESTAT:CULT_PCS_NWE(1.0),26/02/16 23:00:00,A,DAY,TOTAL,PC,HR,2007-01-01,57.7,,
ESTAT:CULT_PCS_NWE(1.0),26/02/16 23:00:00,A,DAY,TOTAL,PC,HU,2007-01-01,63.8,,
ESTAT:CULT_PCS_NWE(1.0),26/02/16 23:00:00,A,DAY,TOTAL,PC,LT,2007-01-01,64.0,,
ESTAT:CULT_PCS_NWE(1.0),26/02/16 23:00:00,A,DAY,TOTAL,PC,LV,2007-01-01,61.8,,
ESTAT:CULT_PCS_NWE(1.0),26/02/16 23:00:00,A,DAY,TOTAL,PC,MT,2007-01-01,33.0,,
ESTAT:CULT_PCS_NWE(1.0),26/02/16 23:00:00,A,DAY,TOTAL,PC,PL,2007-01-01,46.6,,
ESTAT:CULT_PCS_NWE(1.0),26/02/16 23:00:00,A,DAY,TOTAL,PC,PT,2007-01-01,40.9,,
ESTAT:CULT_PCS_NWE(1.0),26/02/16 23:00:00,A,DAY,TOTAL,PC,RO,2007-01-01,33.8,,
ESTAT:CULT_PCS_NWE(1.0),26/02/16 23:00:00,A,DAY,TOTAL,PC,SI,2007-01-01,67.5,,
ESTAT:CULT_PCS_NWE(1.0),26/02/16 23:00:00,A,DAY,TOTAL,PC,SK,2007-01-01,68.1,,
ESTAT:CULT_PCS_NWE(1.0),26/02/16 23:00:00,A,DAY,TOTAL,PC,TR,2007-01-01,40.4,,
ESTAT:CULT_PCS_NWE(1.0),26/02/16 23:00:00,A,GE1,ED0-2,PC,AT,2007-01-01,94.9,,
ESTAT:CULT_PCS_NWE(1.0),26/02/16 23:00:00,A,GE1,ED0-2,PC,BE,2007-01-01,83.3,,
ESTAT:CULT_PCS_NWE(1.0),26/02/16 23:00:00,A,GE1,ED0-2,PC,BG,2007-01-01,66.2,,
ESTAT:CULT_PCS_NWE(1.0),26/02/16 23:00:00,A,GE1,ED0-2,PC,CY,2007-01-01,84.0,,
ESTAT:CULT_PCS_NWE(1.0),26/02/16 23:00:00,A,GE1,ED0-2,PC,CZ,2007-01-01,92.3,,
ESTAT:CULT_PCS_NWE(1.0),26/02/16 23:00:00,A,GE1,ED0-2,PC,DE,2007-01-01,85.6,,
ESTAT:CULT_PCS_NWE(1.0),26/02/16 23:00:00,A,GE1,ED0-2,PC,EE,2007-01-01,97.5,,
ESTAT:CULT_PCS_NWE(1.0),26/02/16 23:00:00,A,GE1,ED0-2,PC,EL,2007-01-01,74.6,,
ESTAT:CULT_PCS_NWE(1.0),26/02/16 23:00:00,A,GE1,ED0-2,PC,ES,2007-01-01,82.1,,
ESTAT:CULT_PCS_NWE(1.0),26/02/16 23:00:00,A,GE1,ED0-2,PC,FI,2007-01-01,98.7,,
ESTAT:CULT_PCS_NWE(1.0),26/02/16 23:00:00,A,GE1,ED0-2,PC,HR,2007-01-01,89.4,,
ESTAT:CULT_PCS_NWE(1.0),26/02/16 23:00:00,A,GE1,ED0-2,PC,HU,2007-01-01,91.2,,
ESTAT:CULT_PCS_NWE(1.0),26/02/16 23:00:00,A,GE1,ED0-2,PC,LT,2007-01-01,93.9,,
ESTAT:CULT_PCS_NWE(1.0),26/02/16 23:00:00,A,GE1,ED0-2,PC,LV,2007-01-01,92.4,,
ESTAT:CULT_PCS_NWE(1.0),26/02/16 23:00:00,A,GE1,ED0-2,PC,MT,2007-01-01,76.9,,
ESTAT:CULT_PCS_NWE(1.0),26/02/16 23:00:00,A,GE1,ED0-2,PC,PL,2007-01-01,94.9,,
ESTAT:CULT_PCS_NWE(1.0),26/02/16 23:00:00,A,GE1,ED0-2,PC,PT,2007-01-01,83.3,,
ESTAT:CULT_PCS_NWE(1.0),26/02/16 23:00:00,A,GE1,ED0-2,PC,RO,2007-01-01,79.1,,
ESTAT:CULT_PCS_NWE(1.0),26/02/16 23:00:00,A,GE1,ED0-2,PC,SI,2007-01-01,94.6,,
ESTAT:CULT_PCS_NWE(1.0),26/02/16 23:00:00,A,GE1,ED0-2,PC,SK,2007-01-01,95.6,,
ESTAT:CULT_PCS_NWE(1.0),26/02/16 23:00:00,A,GE1,ED0-2,PC,TR,2007-01-01,68.5,,
ESTAT:CULT_PCS_NWE(1.0),26/02/16 23:00:00,A,GE1,ED3_4,PC,AT,2007-01-01,97.6,,
ESTAT:CULT_PCS_NWE(1.0),26/02/16 23:00:00,A,GE1,ED3_4,PC,BE,2007-01-01,89.8,,
ESTAT:CULT_PCS_NWE(1.0),26/02/16 23:00:00,A,GE1,ED3_4,PC,BG,2007-01-01,95.9,,
ESTAT:CULT_PCS_NWE(1.0),26/02/16 23:00:00,A,GE1,ED3_4,PC,CY,2007-01-01,92.0,,
ESTAT:CULT_PCS_NWE(1.0),26/02/16 23:00:00,A,GE1,ED3_4,PC,CZ,2007-01-01,96.8,,
ESTAT:CULT_PCS_NWE(1.0),26/02/16 23:00:00,A,GE1,ED3_4,PC,DE,2007-01-01,92.8,,
ESTAT:CULT_PCS_NWE(1.0),26/02/16 23:00:00,A,GE1,ED3_4,PC,EE,2007-01-01,98.1,,
ESTAT:CULT_PCS_NWE(1.0),26/02/16 23:00:00,A,GE1,ED3_4,PC,EL,2007-01-01,91.1,,
ESTAT:CULT_PCS_NWE(1.0),26/02/16 23:00:00,A,GE1,ED3_4,PC,ES,2007-01-01,93.9,,
ESTAT:CULT_PCS_NWE(1.0),26/02/16 23:00:00,A,GE1,ED3_4,PC,FI,2007-01-01,99.4,,
ESTAT:CULT_PCS_NWE(1.0),26/02/16 23:00:00,A,GE1,ED3_4,PC,HR,2007-01-01,97.0,,
ESTAT:CULT_PCS_NWE(1.0),26/02/16 23:00:00,A,GE1,ED3_4,PC,HU,2007-01-01,98.1,,
ESTAT:CULT_PCS_NWE(1.0),26/02/16 23:00:00,A,GE1,ED3_4,PC,LT,2007-01-01,98.5,,
ESTAT:CULT_PCS_NWE(1.0),26/02/16 23:00:00,A,GE1,ED3_4,PC,LV,2007-01-01,97.8,,
ESTAT:CULT_PCS_NWE(1.0),26/02/16 23:00:00,A,GE1,ED3_4,PC,MT,2007-01-01,91.1,,
ESTAT:CULT_PCS_NWE(1.0),26/02/16 23:00:00,A,GE1,ED3_4,PC,PL,2007-01-01,98.3,,
ESTAT:CULT_PCS_NWE(1.0),26/02/16 23:00:00,A,GE1,ED3_4,PC,PT,2007-01-01,94.4,,
ESTAT:CULT_PCS_NWE(1.0),26/02/16 23:00:00,A,GE1,ED3_4,PC,RO,2007-01-01,96.3,,
ESTAT:CULT_PCS_NWE(1.0),26/02/16 23:00:00,A,GE1,ED3_4,PC,SI,2007-01-01,97.9,,
ESTAT:CULT_PCS_NWE(1.0),26/02/16 23:00:00,A,GE1,ED3_4,PC,SK,2007-01-01,99.4,,
ESTAT:CULT_PCS_NWE(1.0),26/02/16 23:00:00,A,GE1,ED3_4,PC,TR,2007-01-01,95.8,,
ESTAT:CULT_PCS_NWE(1.0),26/02/16 23:00:00,A,GE1,ED5_6,PC,AT,2007-01-01,97.8,,
ESTAT:CULT_PCS_NWE(1.0),26/02/16 23:00:00,A,GE1,ED5_6,PC,BE,2007-01-01,93.2,,
ESTAT:CULT_PCS_NWE(1.0),26/02/16 23:00:00,A,GE1,ED5_6,PC,BG,2007-01-01,97.0,,
ESTAT:CULT_PCS_NWE(1.0),26/02/16 23:00:00,A,GE1,ED5_6,PC,CY,2007-01-01,93.8,,
ESTAT:CULT_PCS_NWE(1.0),26/02/16 23:00:00,A,GE1,ED5_6,PC,CZ,2007-01-01,97.2,,
ESTAT:CULT_PCS_NWE(1.0),26/02/16 23:00:00,A,GE1,ED5_6,PC,DE,2007-01-01,95.5,,
ESTAT:CULT_PCS_NWE(1.0),26/02/16 23:00:00,A,GE1,ED5_6,PC,EE,2007-01-01,98.4,,
ESTAT:CULT_PCS_NWE(1.0),26/02/16 23:00:00,A,GE1,ED5_6,PC,EL,2007-01-01,95.2,,
ESTAT:CULT_PCS_NWE(1.0),26/02/16 23:00:00,A,GE1,ED5_6,PC,ES,2007-01-01,94.9,,
ESTAT:CULT_PCS_NWE(1.0),26/02/16 23:00:00,A,GE1,ED5_6,PC,FI,2007-01-01,99.7,,
ESTAT:CULT_PCS_NWE(1.0),26/02/16 23:00:00,A,GE1,ED5_6,PC,HR,2007-01-01,97.7,,
ESTAT:CULT_PCS_NWE(1.0),26/02/16 23:00:00,A,GE1,ED5_6,PC,HU,2007-01-01,98.1,,
ESTAT:CULT_PCS_NWE(1.0),26/02/16 23:00:00,A,GE1,ED5_6,PC,LT,2007-01-01,99.5,,
ESTAT:CULT_PCS_NWE(1.0),26/02/16 23:00:00,A,GE1,ED5_6,PC,LV,2007-01-01,98.7,,
ESTAT:CULT_PCS_NWE(1.0),26/02/16 23:00:00,A,GE1,ED5_6,PC,MT,2007-01-01,97.3,,
ESTAT:CULT_PCS_NWE(1.0),26/02/16 23:00:00,A,GE1,ED5_6,PC,PL,2007-01-01,98.6,,
ESTAT:CULT_PCS_NWE(1.0),26/02/16 23:00:00,A,GE1,ED5_6,PC,PT,2007-01-01,97.4,,
ESTAT:CULT_PCS_NWE(1.0),26/02/16 23:00:00,A,GE1,ED5_6,PC,RO,2007-01-01,99.3,,
ESTAT:CULT_PCS_NWE(1.0),26/02/16 23:00:00,A,GE1,ED5_6,PC,SI,2007-01-01,98.0,,
ESTAT:CULT_PCS_NWE(1.0),26/02/16 23:00:00,A,GE1,ED5_6,PC,SK,2007-01-01,99.9,,
ESTAT:CULT_PCS_NWE(1.0),26/02/16 23:00:00,A,GE1,ED5_6,PC,TR,2007-01-01,98.8,,
ESTAT:CULT_PCS_NWE(1.0),26/02/16 23:00:00,A,GE1,TOTAL,PC,AT,2007-01-01,97.1,,
ESTAT:CULT_PCS_NWE(1.0),26/02/16 23:00:00,A,GE1,TOTAL,PC,BE,2007-01-01,88.7,,
ESTAT:CULT_PCS_NWE(1.0),26/02/16 23:00:00,A,GE1,TOTAL,PC,BG,2007-01-01,89.0,,
ESTAT:CULT_PCS_NWE(1.0),26/02/16 23:00:00,A,GE1,TOTAL,PC,CY,2007-01-01,90.3,,
ESTAT:CULT_PCS_NWE(1.0),26/02/16 23:00:00,A,GE1,TOTAL,PC,CZ,2007-01-01,96.5,,
ESTAT:CULT_PCS_NWE(1.0),26/02/16 23:00:00,A,GE1,TOTAL,PC,DE,2007-01-01,92.1,,
ESTAT:CULT_PCS_NWE(1.0),26/02/16 23:00:00,A,GE1,TOTAL,PC,EE,2007-01-01,98.1,,
ESTAT:CULT_PCS_NWE(1.0),26/02/16 23:00:00,A,GE1,TOTAL,PC,EL,2007-01-01,85.6,,
ESTAT:CULT_PCS_NWE(1.0),26/02/16 23:00:00,A,GE1,TOTAL,PC,ES,2007-01-01,88.4,,
ESTAT:CULT_PCS_NWE(1.0),26/02/16 23:00:00,A,GE1,TOTAL,PC,FI,2007-01-01,99.3,,
ESTAT:CULT_PCS_NWE(1.0),26/02/16 23:00:00,A,GE1,TOTAL,PC,HR,2007-01-01,94.8,,
ESTAT:CULT_PCS_NWE(1.0),26/02/16 23:00:00,A,GE1,TOTAL,PC,HU,2007-01-01,96.4,,
ESTAT:CULT_PCS_NWE(1.0),26/02/16 23:00:00,A,GE1,TOTAL,PC,LT,2007-01-01,98.6,,
ESTAT:CULT_PCS_NWE(1.0),26/02/16 23:00:00,A,GE1,TOTAL,PC,LV,2007-01-01,97.3,,
ESTAT:CULT_PCS_NWE(1.0),26/02/16 23:00:00,A,GE1,TOTAL,PC,MT,2007-01-01,82.3,,
ESTAT:CULT_PCS_NWE(1.0),26/02/16 23:00:00,A,GE1,TOTAL,PC,PL,2007-01-01,97.9,,
ESTAT:CULT_PCS_NWE(1.0),26/02/16 23:00:00,A,GE1,TOTAL,PC,PT,2007-01-01,86.7,,
ESTAT:CULT_PCS_NWE(1.0),26/02/16 23:00:00,A,GE1,TOTAL,PC,RO,2007-01-01,92.3,,
ESTAT:CULT_PCS_NWE(1.0),26/02/16 23:00:00,A,GE1,TOTAL,PC,SI,2007-01-01,97.3,,
ESTAT:CULT_PCS_NWE(1.0),26/02/16 23:00:00,A,GE1,TOTAL,PC,SK,2007-01-01,99.4,,
ESTAT:CULT_PCS_NWE(1.0),26/02/16 23:00:00,A,GE1,TOTAL,PC,TR,2007-01-01,76.3,,
ESTAT:CULT_PCS_NWE(1.0),26/02/16 23:00:00,A,GE1M,ED0-2,PC,AT,2007-01-01,3.1,u,
ESTAT:CULT_PCS_NWE(1.0),26/02/16 23:00:00,A,GE1M,ED0-2,PC,BE,2007-01-01,7.9,,
ESTAT:CULT_PCS_NWE(1.0),26/02/16 23:00:00,A,GE1M,ED0-2,PC,BG,2007-01-01,10.4,,
ESTAT:CULT_PCS_NWE(1.0),26/02/16 23:00:00,A,GE1M,ED0-2,PC,CY,2007-01-01,9.6,,
ESTAT:CULT_PCS_NWE(1.0),26/02/16 23:00:00,A,GE1M,ED0-2,PC,CZ,2007-01-01,13.9,,
ESTAT:CULT_PCS_NWE(1.0),26/02/16 23:00:00,A,GE1M,ED0-2,PC,EE,2007-01-01,5.2,u,
ESTAT:CULT_PCS_NWE(1.0),26/02/16 23:00:00,A,GE1M,ED0-2,PC,EL,2007-01-01,11.6,,
ESTAT:CULT_PCS_NWE(1.0),26/02/16 23:00:00,A,GE1M,ED0-2,PC,ES,2007-01-01,8.1,,
ESTAT:CULT_PCS_NWE(1.0),26/02/16 23:00:00,A,GE1M,ED0-2,PC,FI,2007-01-01,,u,
ESTAT:CULT_PCS_NWE(1.0),26/02/16 23:00:00,A,GE1M,ED0-2,PC,HR,2007-01-01,10.0,,
ESTAT:CULT_PCS_NWE(1.0),26/02/16 23:00:00,A,GE1M,ED0-2,PC,HU,2007-01-01,7.1,,
ESTAT:CULT_PCS_NWE(1.0),26/02/16 23:00:00,A,GE1M,ED0-2,PC,LT,2007-01-01,7.3,u,
ESTAT:CULT_PCS_NWE(1.0),26/02/16 23:00:00,A,GE1M,ED0-2,PC,LV,2007-01-01,9.4,u,
ESTAT:CULT_PCS_NWE(1.0),26/02/16 23:00:00,A,GE1M,ED0-2,PC,MT,2007-01-01,7.1,,
ESTAT:CULT_PCS_NWE(1.0),26/02/16 23:00:00,A,GE1M,ED0-2,PC,PL,2007-01-01,11.4,,
ESTAT:CULT_PCS_NWE(1.0),26/02/16 23:00:00,A,GE1M,ED0-2,PC,PT,2007-01-01,8.3,,
ESTAT:CULT_PCS_NWE(1.0),26/02/16 23:00:00,A,GE1M,ED0-2,PC,RO,2007-01-01,17.5,,
ESTAT:CULT_PCS_NWE(1.0),26/02/16 23:00:00,A,GE1M,ED0-2,PC,SI,2007-01-01,4.7,u,
ESTAT:CULT_PCS_NWE(1.0),26/02/16 23:00:00,A,GE1M,ED0-2,PC,SK,2007-01-01,,u,
ESTAT:CULT_PCS_NWE(1.0),26/02/16 23:00:00,A,GE1M,ED0-2,PC,TR,2007-01-01,8.4,,
ESTAT:CULT_PCS_NWE(1.0),26/02/16 23:00:00,A,GE1M,ED3_4,PC,AT,2007-01-01,2.0,u,
ESTAT:CULT_PCS_NWE(1.0),26/02/16 23:00:00,A,GE1M,ED3_4,PC,BE,2007-01-01,6.7,,
ESTAT:CULT_PCS_NWE(1.0),26/02/16 23:00:00,A,GE1M,ED3_4,PC,BG,2007-01-01,4.0,,
ESTAT:CULT_PCS_NWE(1.0),26/02/16 23:00:00,A,GE1M,ED3_4,PC,CY,2007-01-01,5.7,,
ESTAT:CULT_PCS_NWE(1.0),26/02/16 23:00:00,A,GE1M,ED3_4,PC,CZ,2007-01-01,7.6,,
ESTAT:CULT_PCS_NWE(1.0),26/02/16 23:00:00,A,GE1M,ED3_4,PC,EE,2007-01-01,3.1,,
ESTAT:CULT_PCS_NWE(1.0),26/02/16 23:00:00,A,GE1M,ED3_4,PC,EL,2007-01-01,8.1,,
ESTAT:CULT_PCS_NWE(1.0),26/02/16 23:00:00,A,GE1M,ED3_4,PC,ES,2007-01-01,6.0,,
ESTAT:CULT_PCS_NWE(1.0),26/02/16 23:00:00,A,GE1M,ED3_4,PC,FI,2007-01-01,1.1,u,
ESTAT:CULT_PCS_NWE(1.0),26/02/16 23:00:00,A,GE1M,ED3_4,PC,HR,2007-01-01,3.0,,
ESTAT:CULT_PCS_NWE(1.0),26/02/16 23:00:00,A,GE1M,ED3_4,PC,HU,2007-01-01,3.3,,
ESTAT:CULT_PCS_NWE(1.0),26/02/16 23:00:00,A,GE1M,ED3_4,PC,LT,2007-01-01,3.6,u,
ESTAT:CULT_PCS_NWE(1.0),26/02/16 23:00:00,A,GE1M,ED3_4,PC,LV,2007-01-01,4.2,u,
ESTAT:CULT_PCS_NWE(1.0),26/02/16 23:00:00,A,GE1M,ED3_4,PC,MT,2007-01-01,,u,
ESTAT:CULT_PCS_NWE(1.0),26/02/16 23:00:00,A,GE1M,ED3_4,PC,PL,2007-01-01,5.8,,
ESTAT:CULT_PCS_NWE(1.0),26/02/16 23:00:00,A,GE1M,ED3_4,PC,PT,2007-01-01,4.6,,
ESTAT:CULT_PCS_NWE(1.0),26/02/16 23:00:00,A,GE1M,ED3_4,PC,RO,2007-01-01,11.9,,
ESTAT:CULT_PCS_NWE(1.0),26/02/16 23:00:00,A,GE1M,ED3_4,PC,SI,2007-01-01,2.9,,
ESTAT:CULT_PCS_NWE(1.0),26/02/16 23:00:00,A,GE1M,ED3_4,PC,SK,2007-01-01,3.1,,
ESTAT:CULT_PCS_NWE(1.0),26/02/16 23:00:00,A,GE1M,ED3_4,PC,TR,2007-01-01,3.6,,
ESTAT:CULT_PCS_NWE(1.0),26/02/16 23:00:00,A,GE1M,ED5_6,PC,AT,2007-01-01,,u,
ESTAT:CULT_PCS_NWE(1.0),26/02/16 23:00:00,A,GE1M,ED5_6,PC,BE,2007-01-01,8.9,,
ESTAT:CULT_PCS_NWE(1.0),26/02/16 23:00:00,A,GE1M,ED5_6,PC,BG,2007-01-01,2.0,u,
ESTAT:CULT_PCS_NWE(1.0),26/02/16 23:00:00,A,GE1M,ED5_6,PC,CY,2007-01-01,6.2,,
ESTAT:CULT_PCS_NWE(1.0),26/02/16 23:00:00,A,GE1M,ED5_6,PC,CZ,2007-01-01,7.0,,
ESTAT:CULT_PCS_NWE(1.0),26/02/16 23:00:00,A,GE1M,ED5_6,PC,EE,2007-01-01,,u,
ESTAT:CULT_PCS_NWE(1.0),26/02/16 23:00:00,A,GE1M,ED5_6,PC,EL,2007-01-01,5.8,,
ESTAT:CULT_PCS_NWE(1.0),26/02/16 23:00:00,A,GE1M,ED5_6,PC,ES,2007-01-01,3.7,,
ESTAT:CULT_PCS_NWE(1.0),26/02/16 23:00:00,A,GE1M,ED5_6,PC,FI,2007-01-01,,u,
ESTAT:CULT_PCS_NWE(1.0),26/02/16 23:00:00,A,GE1M,ED5_6,PC,HR,2007-01-01,,u,
ESTAT:CULT_PCS_NWE(1.0),26/02/16 23:00:00,A,GE1M,ED5_6,PC,HU,2007-01-01,,u,
ESTAT:CULT_PCS_NWE(1.0),26/02/16 23:00:00,A,GE1M,ED5_6,PC,LT,2007-01-01,,u,
ESTAT:CULT_PCS_NWE(1.0),26/02/16 23:00:00,A,GE1M,ED5_6,PC,LV,2007-01-01,,u,
ESTAT:CULT_PCS_NWE(1.0),26/02/16 23:00:00,A,GE1M,ED5_6,PC,MT,2007-01-01,,u,
ESTAT:CULT_PCS_NWE(1.0),26/02/16 23:00:00,A,GE1M,ED5_6,PC,PL,2007-01-01,5.1,,
ESTAT:CULT_PCS_NWE(1.0),26/02/16 23:00:00,A,GE1M,ED5_6,PC,PT,2007-01-01,5.1,,
ESTAT:CULT_PCS_NWE(1.0),26/02/16 23:00:00,A,GE1M,ED5_6,PC,RO,2007-01-01,2.9,u,
ESTAT:CULT_PCS_NWE(1.0),26/02/16 23:00:00,A,GE1M,ED5_6,PC,SI,2007-01-01,2.3,u,
ESTAT:CULT_PCS_NWE(1.0),26/02/16 23:00:00,A,GE1M,ED5_6,PC,SK,2007-01-01,,u,
ESTAT:CULT_PCS_NWE(1.0),26/02/16 23:00:00,A,GE1M,ED5_6,PC,TR,2007-01-01,1.2,u,
ESTAT:CULT_PCS_NWE(1.0),26/02/16 23:00:00,A,GE1M,TOTAL,PC,AT,2007-01-01,2.2,,
ESTAT:CULT_PCS_NWE(1.0),26/02/16 23:00:00,A,GE1M,TOTAL,PC,BE,2007-01-01,7.9,,
ESTAT:CULT_PCS_NWE(1.0),26/02/16 23:00:00,A,GE1M,TOTAL,PC,BG,2007-01-01,5.1,,
ESTAT:CULT_PCS_NWE(1.0),26/02/16 23:00:00,A,GE1M,TOTAL,PC,CY,2007-01-01,7.0,,
ESTAT:CULT_PCS_NWE(1.0),26/02/16 23:00:00,A,GE1M,TOTAL,PC,CZ,2007-01-01,7.9,,
ESTAT:CULT_PCS_NWE(1.0),26/02/16 23:00:00,A,GE1M,TOTAL,PC,EE,2007-01-01,2.8,,
ESTAT:CULT_PCS_NWE(1.0),26/02/16 23:00:00,A,GE1M,TOTAL,PC,EL,2007-01-01,8.8,,
ESTAT:CULT_PCS_NWE(1.0),26/02/16 23:00:00,A,GE1M,TOTAL,PC,ES,2007-01-01,6.4,,
ESTAT:CULT_PCS_NWE(1.0),26/02/16 23:00:00,A,GE1M,TOTAL,PC,FI,2007-01-01,1.1,u,
ESTAT:CULT_PCS_NWE(1.0),26/02/16 23:00:00,A,GE1M,TOTAL,PC,HR,2007-01-01,5.0,,
ESTAT:CULT_PCS_NWE(1.0),26/02/16 23:00:00,A,GE1M,TOTAL,PC,HU,2007-01-01,4.0,,
ESTAT:CULT_PCS_NWE(1.0),26/02/16 23:00:00,A,GE1M,TOTAL,PC,LT,2007-01-01,2.7,,
ESTAT:CULT_PCS_NWE(1.0),26/02/16 23:00:00,A,GE1M,TOTAL,PC,LV,2007-01-01,4.0,,
ESTAT:CULT_PCS_NWE(1.0),26/02/16 23:00:00,A,GE1M,TOTAL,PC,MT,2007-01-01,6.9,,
ESTAT:CULT_PCS_NWE(1.0),26/02/16 23:00:00,A,GE1M,TOTAL,PC,PL,2007-01-01,6.4,,
ESTAT:CULT_PCS_NWE(1.0),26/02/16 23:00:00,A,GE1M,TOTAL,PC,PT,2007-01-01,7.3,,
ESTAT:CULT_PCS_NWE(1.0),26/02/16 23:00:00,A,GE1M,TOTAL,PC,RO,2007-01-01,11.6,,
ESTAT:CULT_PCS_NWE(1.0),26/02/16 23:00:00,A,GE1M,TOTAL,PC,SI,2007-01-01,3.1,,
ESTAT:CULT_PCS_NWE(1.0),26/02/16 23:00:00,A,GE1M,TOTAL,PC,SK,2007-01-01,2.9,,
ESTAT:CULT_PCS_NWE(1.0),26/02/16 23:00:00,A,GE1M,TOTAL,PC,TR,2007-01-01,6.8,,
ESTAT:CULT_PCS_NWE(1.0),26/02/16 23:00:00,A,GE1W,ED0-2,PC,AT,2007-01-01,29.7,,
ESTAT:CULT_PCS_NWE(1.0),26/02/16 23:00:00,A,GE1W,ED0-2,PC,BE,2007-01-01,30.7,,
ESTAT:CULT_PCS_NWE(1.0),26/02/16 23:00:00,A,GE1W,ED0-2,PC,BG,2007-01-01,36.0,,
ESTAT:CULT_PCS_NWE(1.0),26/02/16 23:00:00,A,GE1W,ED0-2,PC,CY,2007-01-01,38.5,,
ESTAT:CULT_PCS_NWE(1.0),26/02/16 23:00:00,A,GE1W,ED0-2,PC,CZ,2007-01-01,33.5,,
ESTAT:CULT_PCS_NWE(1.0),26/02/16 23:00:00,A,GE1W,ED0-2,PC,EE,2007-01-01,33.3,,
ESTAT:CULT_PCS_NWE(1.0),26/02/16 23:00:00,A,GE1W,ED0-2,PC,EL,2007-01-01,32.7,,
ESTAT:CULT_PCS_NWE(1.0),26/02/16 23:00:00,A,GE1W,ED0-2,PC,ES,2007-01-01,29.3,,
ESTAT:CULT_PCS_NWE(1.0),26/02/16 23:00:00,A,GE1W,ED0-2,PC,FI,2007-01-01,9.9,,
ESTAT:CULT_PCS_NWE(1.0),26/02/16 23:00:00,A,GE1W,ED0-2,PC,HR,2007-01-01,35.3,,
ESTAT:CULT_PCS_NWE(1.0),26/02/16 23:00:00,A,GE1W,ED0-2,PC,HU,2007-01-01,35.2,,
ESTAT:CULT_PCS_NWE(1.0),26/02/16 23:00:00,A,GE1W,ED0-2,PC,LT,2007-01-01,42.2,,
ESTAT:CULT_PCS_NWE(1.0),26/02/16 23:00:00,A,GE1W,ED0-2,PC,LV,2007-01-01,32.0,,
ESTAT:CULT_PCS_NWE(1.0),26/02/16 23:00:00,A,GE1W,ED0-2,PC,MT,2007-01-01,37.8,,
ESTAT:CULT_PCS_NWE(1.0),26/02/16 23:00:00,A,GE1W,ED0-2,PC,PL,2007-01-01,48.5,,
ESTAT:CULT_PCS_NWE(1.0),26/02/16 23:00:00,A,GE1W,ED0-2,PC,PT,2007-01-01,32.2,,
ESTAT:CULT_PCS_NWE(1.0),26/02/16 23:00:00,A,GE1W,ED0-2,PC,RO,2007-01-01,28.1,,
ESTAT:CULT_PCS_NWE(1.0),26/02/16 23:00:00,A,GE1W,ED0-2,PC,SI,2007-01-01,31.6,,
ESTAT:CULT_PCS_NWE(1.0),26/02/16 23:00:00,A,GE1W,ED0-2,PC,SK,2007-01-01,39.2,,
ESTAT:CULT_PCS_NWE(1.0),26/02/16 23:00:00,A,GE1W,ED0-2,PC,TR,2007-01-01,24.8,,
ESTAT:CULT_PCS_NWE(1.0),26/02/16 23:00:00,A,GE1W,ED3_4,PC,AT,2007-01-01,20.0,,
ESTAT:CULT_PCS_NWE(1.0),26/02/16 23:00:00,A,GE1W,ED3_4,PC,BE,2007-01-01,33.5,,
ESTAT:CULT_PCS_NWE(1.0),26/02/16 23:00:00,A,GE1W,ED3_4,PC,BG,2007-01-01,39.7,,
ESTAT:CULT_PCS_NWE(1.0),26/02/16 23:00:00,A,GE1W,ED3_4,PC,CY,2007-01-01,39.3,,
ESTAT:CULT_PCS_NWE(1.0),26/02/16 23:00:00,A,GE1W,ED3_4,PC,CZ,2007-01-01,33.0,,
ESTAT:CULT_PCS_NWE(1.0),26/02/16 23:00:00,A,GE1W,ED3_4,PC,EE,2007-01-01,24.9,,
ESTAT:CULT_PCS_NWE(1.0),26/02/16 23:00:00,A,GE1W,ED3_4,PC,EL,2007-01-01,39.8,,
ESTAT:CULT_PCS_NWE(1.0),26/02/16 23:00:00,A,GE1W,ED3_4,PC,ES,2007-01-01,28.3,,
ESTAT:CULT_PCS_NWE(1.0),26/02/16 23:00:00,A,GE1W,ED3_4,PC,FI,2007-01-01,11.3,,
ESTAT:CULT_PCS_NWE(1.0),26/02/16 23:00:00,A,GE1W,ED3_4,PC,HR,2007-01-01,27.7,,
ESTAT:CULT_PCS_NWE(1.0),26/02/16 23:00:00,A,GE1W,ED3_4,PC,HU,2007-01-01,25.4,,
ESTAT:CULT_PCS_NWE(1.0),26/02/16 23:00:00,A,GE1W,ED3_4,PC,LT,2007-01-01,35.3,,
ESTAT:CULT_PCS_NWE(1.0),26/02/16 23:00:00,A,GE1W,ED3_4,PC,LV,2007-01-01,31.8,,
ESTAT:CULT_PCS_NWE(1.0),26/02/16 23:00:00,A,GE1W,ED3_4,PC,MT,2007-01-01,41.9,,
ESTAT:CULT_PCS_NWE(1.0),26/02/16 23:00:00,A,GE1W,ED3_4,PC,PL,2007-01-01,43.5,,
ESTAT:CULT_PCS_NWE(1.0),26/02/16 23:00:00,A,GE1W,ED3_4,PC,PT,2007-01-01,30.9,,
ESTAT:CULT_PCS_NWE(1.0),26/02/16 23:00:00,A,GE1W,ED3_4,PC,RO,2007-01-01,40.5,,
ESTAT:CULT_PCS_NWE(1.0),26/02/16 23:00:00,A,GE1W,ED3_4,PC,SI,2007-01-01,25.1,,
ESTAT:CULT_PCS_NWE(1.0),26/02/16 23:00:00,A,GE1W,ED3_4,PC,SK,2007-01-01,28.5,,
ESTAT:CULT_PCS_NWE(1.0),26/02/16 23:00:00,A,GE1W,ED3_4,PC,TR,2007-01-01,24.7,,
ESTAT:CULT_PCS_NWE(1.0),26/02/16 23:00:00,A,GE1W,ED5_6,PC,AT,2007-01-01,19.8,,
ESTAT:CULT_PCS_NWE(1.0),26/02/16 23:00:00,A,GE1W,ED5_6,PC,BE,2007-01-01,30.1,,
ESTAT:CULT_PCS_NWE(1.0),26/02/16 23:00:00,A,GE1W,ED5_6,PC,BG,2007-01-01,28.8,,
ESTAT:CULT_PCS_NWE(1.0),26/02/16 23:00:00,A,GE1W,ED5_6,PC,CY,2007-01-01,39.9,,
ESTAT:CULT_PCS_NWE(1.0),26/02/16 23:00:00,A,GE1W,ED5_6,PC,CZ,2007-01-01,29.0,,
ESTAT:CULT_PCS_NWE(1.0),26/02/16 23:00:00,A,GE1W,ED5_6,PC,EE,2007-01-01,18.5,,
ESTAT:CULT_PCS_NWE(1.0),26/02/16 23:00:00,A,GE1W,ED5_6,PC,EL,2007-01-01,35.8,,
ESTAT:CULT_PCS_NWE(1.0),26/02/16 23:00:00,A,GE1W,ED5_6,PC,ES,2007-01-01,27.6,,
ESTAT:CULT_PCS_NWE(1.0),26/02/16 23:00:00,A,GE1W,ED5_6,PC,FI,2007-01-01,6.8,,
ESTAT:CULT_PCS_NWE(1.0),26/02/16 23:00:00,A,GE1W,ED5_6,PC,HR,2007-01-01,22.4,,
ESTAT:CULT_PCS_NWE(1.0),26/02/16 23:00:00,A,GE1W,ED5_6,PC,HU,2007-01-01,15.9,,
ESTAT:CULT_PCS_NWE(1.0),26/02/16 23:00:00,A,GE1W,ED5_6,PC,LT,2007-01-01,20.7,,
ESTAT:CULT_PCS_NWE(1.0),26/02/16 23:00:00,A,GE1W,ED5_6,PC,LV,2007-01-01,21.1,,
ESTAT:CULT_PCS_NWE(1.0),26/02/16 23:00:00,A,GE1W,ED5_6,PC,MT,2007-01-01,39.4,,
ESTAT:CULT_PCS_NWE(1.0),26/02/16 23:00:00,A,GE1W,ED5_6,PC,PL,2007-01-01,33.7,,
ESTAT:CULT_PCS_NWE(1.0),26/02/16 23:00:00,A,GE1W,ED5_6,PC,PT,2007-01-01,37.6,,
ESTAT:CULT_PCS_NWE(1.0),26/02/16 23:00:00,A,GE1W,ED5_6,PC,RO,2007-01-01,28.1,,
ESTAT:CULT_PCS_NWE(1.0),26/02/16 23:00:00,A,GE1W,ED5_6,PC,SI,2007-01-01,21.1,,
ESTAT:CULT_PCS_NWE(1.0),26/02/16 23:00:00,A,GE1W,ED5_6,PC,SK,2007-01-01,22.2,,
ESTAT:CULT_PCS_NWE(1.0),26/02/16 23:00:00,A,GE1W,ED5_6,PC,TR,2007-01-01,14.9,,
ESTAT:CULT_PCS_NWE(1.0),26/02/16 23:00:00,A,GE1W,TOTAL,PC,AT,2007-01-01,22.2,,
ESTAT:CULT_PCS_NWE(1.0),26/02/16 23:00:00,A,GE1W,TOTAL,PC,BE,2007-01-01,31.4,,
ESTAT:CULT_PCS_NWE(1.0),26/02/16 23:00:00,A,GE1W,TOTAL,PC,BG,2007-01-01,36.3,,
ESTAT:CULT_PCS_NWE(1.0),26/02/16 23:00:00,A,GE1W,TOTAL,PC,CY,2007-01-01,39.2,,
ESTAT:CULT_PCS_NWE(1.0),26/02/16 23:00:00,A,GE1W,TOTAL,PC,CZ,2007-01-01,32.3,,
ESTAT:CULT_PCS_NWE(1.0),26/02/16 23:00:00,A,GE1W,TOTAL,PC,EE,2007-01-01,23.9,,
ESTAT:CULT_PCS_NWE(1.0),26/02/16 23:00:00,A,GE1W,TOTAL,PC,EL,2007-01-01,36.0,,
ESTAT:CULT_PCS_NWE(1.0),26/02/16 23:00:00,A,GE1W,TOTAL,PC,ES,2007-01-01,28.6,,
ESTAT:CULT_PCS_NWE(1.0),26/02/16 23:00:00,A,GE1W,TOTAL,PC,FI,2007-01-01,9.5,,
ESTAT:CULT_PCS_NWE(1.0),26/02/16 23:00:00,A,GE1W,TOTAL,PC,HR,2007-01-01,29.1,,
ESTAT:CULT_PCS_NWE(1.0),26/02/16 23:00:00,A,GE1W,TOTAL,PC,HU,2007-01-01,26.3,,
ESTAT:CULT_PCS_NWE(1.0),26/02/16 23:00:00,A,GE1W,TOTAL,PC,LT,2007-01-01,30.5,,
ESTAT:CULT_PCS_NWE(1.0),26/02/16 23:00:00,A,GE1W,TOTAL,PC,LV,2007-01-01,29.2,,
ESTAT:CULT_PCS_NWE(1.0),26/02/16 23:00:00,A,GE1W,TOTAL,PC,MT,2007-01-01,38.5,,
ESTAT:CULT_PCS_NWE(1.0),26/02/16 23:00:00,A,GE1W,TOTAL,PC,PL,2007-01-01,42.1,,
ESTAT:CULT_PCS_NWE(1.0),26/02/16 23:00:00,A,GE1W,TOTAL,PC,PT,2007-01-01,32.8,,
ESTAT:CULT_PCS_NWE(1.0),26/02/16 23:00:00,A,GE1W,TOTAL,PC,RO,2007-01-01,35.2,,
ESTAT:CULT_PCS_NWE(1.0),26/02/16 23:00:00,A,GE1W,TOTAL,PC,SI,2007-01-01,25.4,,
ESTAT:CULT_PCS_NWE(1.0),26/02/16 23:00:00,A,GE1W,TOTAL,PC,SK,2007-01-01,27.3,,
ESTAT:CULT_PCS_NWE(1.0),26/02/16 23:00:00,A,GE1W,TOTAL,PC,TR,2007-01-01,23.7,,
ESTAT:CULT_PCS_NWE(1.0),26/02/16 23:00:00,A,LT1M,ED0-2,PC,AT,2007-01-01,2.7,u,
ESTAT:CULT_PCS_NWE(1.0),26/02/16 23:00:00,A,LT1M,ED0-2,PC,BE,2007-01-01,6.9,,
ESTAT:CULT_PCS_NWE(1.0),26/02/16 23:00:00,A,LT1M,ED0-2,PC,BG,2007-01-01,6.5,,
ESTAT:CULT_PCS_NWE(1.0),26/02/16 23:00:00,A,LT1M,ED0-2,PC,CY,2007-01-01,5.9,,
ESTAT:CULT_PCS_NWE(1.0),26/02/16 23:00:00,A,LT1M,ED0-2,PC,CZ,2007-01-01,3.3,u,
ESTAT:CULT_PCS_NWE(1.0),26/02/16 23:00:00,A,LT1M,ED0-2,PC,EE,2007-01-01,,u,
ESTAT:CULT_PCS_NWE(1.0),26/02/16 23:00:00,A,LT1M,ED0-2,PC,EL,2007-01-01,14.3,,
ESTAT:CULT_PCS_NWE(1.0),26/02/16 23:00:00,A,LT1M,ED0-2,PC,ES,2007-01-01,4.9,,
ESTAT:CULT_PCS_NWE(1.0),26/02/16 23:00:00,A,LT1M,ED0-2,PC,FI,2007-01-01,,u,
ESTAT:CULT_PCS_NWE(1.0),26/02/16 23:00:00,A,LT1M,ED0-2,PC,HR,2007-01-01,5.8,u,
ESTAT:CULT_PCS_NWE(1.0),26/02/16 23:00:00,A,LT1M,ED0-2,PC,HU,2007-01-01,5.1,,
ESTAT:CULT_PCS_NWE(1.0),26/02/16 23:00:00,A,LT1M,ED0-2,PC,LT,2007-01-01,5.0,u,
ESTAT:CULT_PCS_NWE(1.0),26/02/16 23:00:00,A,LT1M,ED0-2,PC,LV,2007-01-01,5.4,u,
ESTAT:CULT_PCS_NWE(1.0),26/02/16 23:00:00,A,LT1M,ED0-2,PC,MT,2007-01-01,4.2,u,
ESTAT:CULT_PCS_NWE(1.0),26/02/16 23:00:00,A,LT1M,ED0-2,PC,PL,2007-01-01,6.6,,
ESTAT:CULT_PCS_NWE(1.0),26/02/16 23:00:00,A,LT1M,ED0-2,PC,PT,2007-01-01,6.7,,
ESTAT:CULT_PCS_NWE(1.0),26/02/16 23:00:00,A,LT1M,ED0-2,PC,RO,2007-01-01,23.6,,
ESTAT:CULT_PCS_NWE(1.0),26/02/16 23:00:00,A,LT1M,ED0-2,PC,SI,2007-01-01,,u,
ESTAT:CULT_PCS_NWE(1.0),26/02/16 23:00:00,A,LT1M,ED0-2,PC,SK,2007-01-01,,u,
ESTAT:CULT_PCS_NWE(1.0),26/02/16 23:00:00,A,LT1M,ED0-2,PC,TR,2007-01-01,6.9,,
ESTAT:CULT_PCS_NWE(1.0),26/02/16 23:00:00,A,LT1M,ED3_4,PC,AT,2007-01-01,1.3,u,
ESTAT:CULT_PCS_NWE(1.0),26/02/16 23:00:00,A,LT1M,ED3_4,PC,BE,2007-01-01,6.6,,
ESTAT:CULT_PCS_NWE(1.0),26/02/16 23:00:00,A,LT1M,ED3_4,PC,BG,2007-01-01,2.0,,
ESTAT:CULT_PCS_NWE(1.0),26/02/16 23:00:00,A,LT1M,ED3_4,PC,CY,2007-01-01,3.7,,
ESTAT:CULT_PCS_NWE(1.0),26/02/16 23:00:00,A,LT1M,ED3_4,PC,CZ,2007-01-01,1.6,,
ESTAT:CULT_PCS_NWE(1.0),26/02/16 23:00:00,A,LT1M,ED3_4,PC,EE,2007-01-01,,u,
ESTAT:CULT_PCS_NWE(1.0),26/02/16 23:00:00,A,LT1M,ED3_4,PC,EL,2007-01-01,9.9,,
ESTAT:CULT_PCS_NWE(1.0),26/02/16 23:00:00,A,LT1M,ED3_4,PC,ES,2007-01-01,2.5,,
ESTAT:CULT_PCS_NWE(1.0),26/02/16 23:00:00,A,LT1M,ED3_4,PC,FI,2007-01-01,,u,
ESTAT:CULT_PCS_NWE(1.0),26/02/16 23:00:00,A,LT1M,ED3_4,PC,HR,2007-01-01,1.8,u,
ESTAT:CULT_PCS_NWE(1.0),26/02/16 23:00:00,A,LT1M,ED3_4,PC,HU,2007-01-01,1.8,,
ESTAT:CULT_PCS_NWE(1.0),26/02/16 23:00:00,A,LT1M,ED3_4,PC,LT,2007-01-01,,u,
ESTAT:CULT_PCS_NWE(1.0),26/02/16 23:00:00,A,LT1M,ED3_4,PC,LV,2007-01-01,2.1,u,
ESTAT:CULT_PCS_NWE(1.0),26/02/16 23:00:00,A,LT1M,ED3_4,PC,MT,2007-01-01,,u,
ESTAT:CULT_PCS_NWE(1.0),26/02/16 23:00:00,A,LT1M,ED3_4,PC,PL,2007-01-01,2.5,,
ESTAT:CULT_PCS_NWE(1.0),26/02/16 23:00:00,A,LT1M,ED3_4,PC,PT,2007-01-01,3.7,u,
ESTAT:CULT_PCS_NWE(1.0),26/02/16 23:00:00,A,LT1M,ED3_4,PC,RO,2007-01-01,9.5,,
ESTAT:CULT_PCS_NWE(1.0),26/02/16 23:00:00,A,LT1M,ED3_4,PC,SI,2007-01-01,1.5,u,
ESTAT:CULT_PCS_NWE(1.0),26/02/16 23:00:00,A,LT1M,ED3_4,PC,SK,2007-01-01,0.8,u,
ESTAT:CULT_PCS_NWE(1.0),26/02/16 23:00:00,A,LT1M,ED3_4,PC,TR,2007-01-01,2.8,,
ESTAT:CULT_PCS_NWE(1.0),26/02/16 23:00:00,A,LT1M,ED5_6,PC,AT,2007-01-01,,u,
ESTAT:CULT_PCS_NWE(1.0),26/02/16 23:00:00,A,LT1M,ED5_6,PC,BE,2007-01-01,8.4,,
ESTAT:CULT_PCS_NWE(1.0),26/02/16 23:00:00,A,LT1M,ED5_6,PC,BG,2007-01-01,,u,
ESTAT:CULT_PCS_NWE(1.0),26/02/16 23:00:00,A,LT1M,ED5_6,PC,CY,2007-01-01,3.4,u,
ESTAT:CULT_PCS_NWE(1.0),26/02/16 23:00:00,A,LT1M,ED5_6,PC,CZ,2007-01-01,,u,
ESTAT:CULT_PCS_NWE(1.0),26/02/16 23:00:00,A,LT1M,ED5_6,PC,EE,2007-01-01,,u,
ESTAT:CULT_PCS_NWE(1.0),26/02/16 23:00:00,A,LT1M,ED5_6,PC,EL,2007-01-01,4.1,,
ESTAT:CULT_PCS_NWE(1.0),26/02/16 23:00:00,A,LT1M,ED5_6,PC,ES,2007-01-01,2.0,,
ESTAT:CULT_PCS_NWE(1.0),26/02/16 23:00:00,A,LT1M,ED5_6,PC,FI,2007-01-01,,u,
ESTAT:CULT_PCS_NWE(1.0),26/02/16 23:00:00,A,LT1M,ED5_6,PC,HR,2007-01-01,,u,
ESTAT:CULT_PCS_NWE(1.0),26/02/16 23:00:00,A,LT1M,ED5_6,PC,HU,2007-01-01,,u,
ESTAT:CULT_PCS_NWE(1.0),26/02/16 23:00:00,A,LT1M,ED5_6,PC,LT,2007-01-01,,u,
ESTAT:CULT_PCS_NWE(1.0),26/02/16 23:00:00,A,LT1M,ED5_6,PC,LV,2007-01-01,,u,
ESTAT:CULT_PCS_NWE(1.0),26/02/16 23:00:00,A,LT1M,ED5_6,PC,MT,2007-01-01,,u,
ESTAT:CULT_PCS_NWE(1.0),26/02/16 23:00:00,A,LT1M,ED5_6,PC,PL,2007-01-01,1.5,,
ESTAT:CULT_PCS_NWE(1.0),26/02/16 23:00:00,A,LT1M,ED5_6,PC,PT,2007-01-01,2.7,u,
ESTAT:CULT_PCS_NWE(1.0),26/02/16 23:00:00,A,LT1M,ED5_6,PC,RO,2007-01-01,1.3,u,
ESTAT:CULT_PCS_NWE(1.0),26/02/16 23:00:00,A,LT1M,ED5_6,PC,SI,2007-01-01,,u,
ESTAT:CULT_PCS_NWE(1.0),26/02/16 23:00:00,A,LT1M,ED5_6,PC,SK,2007-01-01,,u,
ESTAT:CULT_PCS_NWE(1.0),26/02/16 23:00:00,A,LT1M,ED5_6,PC,TR,2007-01-01,,u,
ESTAT:CULT_PCS_NWE(1.0),26/02/16 23:00:00,A,LT1M,TOTAL,PC,AT,2007-01-01,1.5,,
ESTAT:CULT_PCS_NWE(1.0),26/02/16 23:00:00,A,LT1M,TOTAL,PC,BE,2007-01-01,7.4,,
ESTAT:CULT_PCS_NWE(1.0),26/02/16 23:00:00,A,LT1M,TOTAL,PC,BG,2007-01-01,2.9,,
ESTAT:CULT_PCS_NWE(1.0),26/02/16 23:00:00,A,LT1M,TOTAL,PC,CY,2007-01-01,4.4,,
ESTAT:CULT_PCS_NWE(1.0),26/02/16 23:00:00,A,LT1M,TOTAL,PC,CZ,2007-01-01,1.7,,
ESTAT:CULT_PCS_NWE(1.0),26/02/16 23:00:00,A,LT1M,TOTAL,PC,EE,2007-01-01,1.1,u,
ESTAT:CULT_PCS_NWE(1.0),26/02/16 23:00:00,A,LT1M,TOTAL,PC,EL,2007-01-01,10.0,,
ESTAT:CULT_PCS_NWE(1.0),26/02/16 23:00:00,A,LT1M,TOTAL,PC,ES,2007-01-01,3.6,,
ESTAT:CULT_PCS_NWE(1.0),26/02/16 23:00:00,A,LT1M,TOTAL,PC,FI,2007-01-01,0.7,u,
ESTAT:CULT_PCS_NWE(1.0),26/02/16 23:00:00,A,LT1M,TOTAL,PC,HR,2007-01-01,3.0,,
ESTAT:CULT_PCS_NWE(1.0),26/02/16 23:00:00,A,LT1M,TOTAL,PC,HU,2007-01-01,2.4,,
ESTAT:CULT_PCS_NWE(1.0),26/02/16 23:00:00,A,LT1M,TOTAL,PC,LT,2007-01-01,1.4,,
ESTAT:CULT_PCS_NWE(1.0),26/02/16 23:00:00,A,LT1M,TOTAL,PC,LV,2007-01-01,2.3,u,
ESTAT:CULT_PCS_NWE(1.0),26/02/16 23:00:00,A,LT1M,TOTAL,PC,MT,2007-01-01,4.0,,
ESTAT:CULT_PCS_NWE(1.0),26/02/16 23:00:00,A,LT1M,TOTAL,PC,PL,2007-01-01,2.8,,
ESTAT:CULT_PCS_NWE(1.0),26/02/16 23:00:00,A,LT1M,TOTAL,PC,PT,2007-01-01,5.7,,
ESTAT:CULT_PCS_NWE(1.0),26/02/16 23:00:00,A,LT1M,TOTAL,PC,RO,2007-01-01,11.7,,
ESTAT:CULT_PCS_NWE(1.0),26/02/16 23:00:00,A,LT1M,TOTAL,PC,SI,2007-01-01,1.4,,
ESTAT:CULT_PCS_NWE(1.0),26/02/16 23:00:00,A,LT1M,TOTAL,PC,SK,2007-01-01,1.1,,
ESTAT:CULT_PCS_NWE(1.0),26/02/16 23:00:00,A,LT1M,TOTAL,PC,TR,2007-01-01,5.5,,
ESTAT:CULT_PCS_NWE(1.0),26/02/16 23:00:00,A,NRP,ED0-2,PC,AT,2007-01-01,,u,
ESTAT:CULT_PCS_NWE(1.0),26/02/16 23:00:00,A,NRP,ED0-2,PC,BE,2007-01-01,3.5,u,
ESTAT:CULT_PCS_NWE(1.0),26/02/16 23:00:00,A,NRP,ED0-2,PC,CZ,2007-01-01,,u,
ESTAT:CULT_PCS_NWE(1.0),26/02/16 23:00:00,A,NRP,ED0-2,PC,DE,2007-01-01,,u,
ESTAT:CULT_PCS_NWE(1.0),26/02/16 23:00:00,A,NRP,ED0-2,PC,EL,2007-01-01,2.7,,
ESTAT:CULT_PCS_NWE(1.0),26/02/16 23:00:00,A,NRP,ED0-2,PC,ES,2007-01-01,,u,
ESTAT:CULT_PCS_NWE(1.0),26/02/16 23:00:00,A,NRP,ED0-2,PC,LV,2007-01-01,,u,
ESTAT:CULT_PCS_NWE(1.0),26/02/16 23:00:00,A,NRP,ED0-2,PC,RO,2007-01-01,0.7,u,
ESTAT:CULT_PCS_NWE(1.0),26/02/16 23:00:00,A,NRP,ED0-2,PC,SK,2007-01-01,,u,
ESTAT:CULT_PCS_NWE(1.0),26/02/16 23:00:00,A,NRP,ED3_4,PC,AT,2007-01-01,,u,
ESTAT:CULT_PCS_NWE(1.0),26/02/16 23:00:00,A,NRP,ED3_4,PC,BE,2007-01-01,1.5,u,
ESTAT:CULT_PCS_NWE(1.0),26/02/16 23:00:00,A,NRP,ED3_4,PC,CZ,2007-01-01,0.9,,
ESTAT:CULT_PCS_NWE(1.0),26/02/16 23:00:00,A,NRP,ED3_4,PC,EL,2007-01-01,,u,
ESTAT:CULT_PCS_NWE(1.0),26/02/16 23:00:00,A,NRP,ED3_4,PC,ES,2007-01-01,,u,
ESTAT:CULT_PCS_NWE(1.0),26/02/16 23:00:00,A,NRP,ED3_4,PC,HR,2007-01-01,,u,
ESTAT:CULT_PCS_NWE(1.0),26/02/16 23:00:00,A,NRP,ED3_4,PC,LV,2007-01-01,,u,
ESTAT:CULT_PCS_NWE(1.0),26/02/16 23:00:00,A,NRP,ED3_4,PC,RO,2007-01-01,0.3,u,
ESTAT:CULT_PCS_NWE(1.0),26/02/16 23:00:00,A,NRP,ED3_4,PC,SK,2007-01-01,,u,
ESTAT:CULT_PCS_NWE(1.0),26/02/16 23:00:00,A,NRP,ED5_6,PC,BE,2007-01-01,,u,
ESTAT:CULT_PCS_NWE(1.0),26/02/16 23:00:00,A,NRP,ED5_6,PC,CZ,2007-01-01,,u,
ESTAT:CULT_PCS_NWE(1.0),26/02/16 23:00:00,A,NRP,ED5_6,PC,DE,2007-01-01,,u,
ESTAT:CULT_PCS_NWE(1.0),26/02/16 23:00:00,A,NRP,ED5_6,PC,EL,2007-01-01,,u,
ESTAT:CULT_PCS_NWE(1.0),26/02/16 23:00:00,A,NRP,ED5_6,PC,ES,2007-01-01,,u,
ESTAT:CULT_PCS_NWE(1.0),26/02/16 23:00:00,A,NRP,ED5_6,PC,RO,2007-01-01,,u,
ESTAT:CULT_PCS_NWE(1.0),26/02/16 23:00:00,A,NRP,ED5_6,PC,SK,2007-01-01,,u,
ESTAT:CULT_PCS_NWE(1.0),26/02/16 23:00:00,A,NRP,TOTAL,PC,AT,2007-01-01,,u,
ESTAT:CULT_PCS_NWE(1.0),26/02/16 23:00:00,A,NRP,TOTAL,PC,BE,2007-01-01,1.9,,
ESTAT:CULT_PCS_NWE(1.0),26/02/16 23:00:00,A,NRP,TOTAL,PC,CZ,2007-01-01,1.0,,
ESTAT:CULT_PCS_NWE(1.0),26/02/16 23:00:00,A,NRP,TOTAL,PC,DE,2007-01-01,,u,
ESTAT:CULT_PCS_NWE(1.0),26/02/16 23:00:00,A,NRP,TOTAL,PC,EL,2007-01-01,1.6,,
ESTAT:CULT_PCS_NWE(1.0),26/02/16 23:00:00,A,NRP,TOTAL,PC,ES,2007-01-01,0.2,u,
ESTAT:CULT_PCS_NWE(1.0),26/02/16 23:00:00,A,NRP,TOTAL,PC,HR,2007-01-01,,u,
ESTAT:CULT_PCS_NWE(1.0),26/02/16 23:00:00,A,NRP,TOTAL,PC,LV,2007-01-01,,u,
ESTAT:CULT_PCS_NWE(1.0),26/02/16 23:00:00,A,NRP,TOTAL,PC,RO,2007-01-01,0.4,,
ESTAT:CULT_PCS_NWE(1.0),26/02/16 23:00:00,A,NRP,TOTAL,PC,SK,2007-01-01,,u,
ESTAT:CULT_PCS_NWE(1.0),26/02/16 23:00:00,A,NVR,ED0-2,PC,AT,2007-01-01,4.9,u,
ESTAT:CULT_PCS_NWE(1.0),26/02/16 23:00:00,A,NVR,ED0-2,PC,BE,2007-01-01,13.2,,
ESTAT:CULT_PCS_NWE(1.0),26/02/16 23:00:00,A,NVR,ED0-2,PC,BG,2007-01-01,33.8,,
ESTAT:CULT_PCS_NWE(1.0),26/02/16 23:00:00,A,NVR,ED0-2,PC,CY,2007-01-01,16.0,,
ESTAT:CULT_PCS_NWE(1.0),26/02/16 23:00:00,A,NVR,ED0-2,PC,CZ,2007-01-01,6.1,,
ESTAT:CULT_PCS_NWE(1.0),26/02/16 23:00:00,A,NVR,ED0-2,PC,DE,2007-01-01,14.2,,
ESTAT:CULT_PCS_NWE(1.0),26/02/16 23:00:00,A,NVR,ED0-2,PC,EE,2007-01-01,,u,
ESTAT:CULT_PCS_NWE(1.0),26/02/16 23:00:00,A,NVR,ED0-2,PC,EL,2007-01-01,22.7,,
ESTAT:CULT_PCS_NWE(1.0),26/02/16 23:00:00,A,NVR,ED0-2,PC,ES,2007-01-01,17.6,,
ESTAT:CULT_PCS_NWE(1.0),26/02/16 23:00:00,A,NVR,ED0-2,PC,FI,2007-01-01,,u,
ESTAT:CULT_PCS_NWE(1.0),26/02/16 23:00:00,A,NVR,ED0-2,PC,HR,2007-01-01,10.6,,
ESTAT:CULT_PCS_NWE(1.0),26/02/16 23:00:00,A,NVR,ED0-2,PC,HU,2007-01-01,8.8,,
ESTAT:CULT_PCS_NWE(1.0),26/02/16 23:00:00,A,NVR,ED0-2,PC,LT,2007-01-01,6.1,u,
ESTAT:CULT_PCS_NWE(1.0),26/02/16 23:00:00,A,NVR,ED0-2,PC,LV,2007-01-01,5.7,u,
ESTAT:CULT_PCS_NWE(1.0),26/02/16 23:00:00,A,NVR,ED0-2,PC,MT,2007-01-01,23.1,,
ESTAT:CULT_PCS_NWE(1.0),26/02/16 23:00:00,A,NVR,ED0-2,PC,PL,2007-01-01,5.1,,
ESTAT:CULT_PCS_NWE(1.0),26/02/16 23:00:00,A,NVR,ED0-2,PC,PT,2007-01-01,16.7,,
ESTAT:CULT_PCS_NWE(1.0),26/02/16 23:00:00,A,NVR,ED0-2,PC,RO,2007-01-01,20.2,,
ESTAT:CULT_PCS_NWE(1.0),26/02/16 23:00:00,A,NVR,ED0-2,PC,SI,2007-01-01,5.4,u,
ESTAT:CULT_PCS_NWE(1.0),26/02/16 23:00:00,A,NVR,ED0-2,PC,SK,2007-01-01,,u,
ESTAT:CULT_PCS_NWE(1.0),26/02/16 23:00:00,A,NVR,ED0-2,PC,TR,2007-01-01,31.5,,
ESTAT:CULT_PCS_NWE(1.0),26/02/16 23:00:00,A,NVR,ED3_4,PC,AT,2007-01-01,2.2,,
ESTAT:CULT_PCS_NWE(1.0),26/02/16 23:00:00,A,NVR,ED3_4,PC,BE,2007-01-01,8.7,,
ESTAT:CULT_PCS_NWE(1.0),26/02/16 23:00:00,A,NVR,ED3_4,PC,BG,2007-01-01,4.1,,
ESTAT:CULT_PCS_NWE(1.0),26/02/16 23:00:00,A,NVR,ED3_4,PC,CY,2007-01-01,8.0,,
ESTAT:CULT_PCS_NWE(1.0),26/02/16 23:00:00,A,NVR,ED3_4,PC,CZ,2007-01-01,2.3,,
ESTAT:CULT_PCS_NWE(1.0),26/02/16 23:00:00,A,NVR,ED3_4,PC,DE,2007-01-01,7.2,,
ESTAT:CULT_PCS_NWE(1.0),26/02/16 23:00:00,A,NVR,ED3_4,PC,EE,2007-01-01,1.9,u,
ESTAT:CULT_PCS_NWE(1.0),26/02/16 23:00:00,A,NVR,ED3_4,PC,EL,2007-01-01,7.6,,
ESTAT:CULT_PCS_NWE(1.0),26/02/16 23:00:00,A,NVR,ED3_4,PC,ES,2007-01-01,6.1,,
ESTAT:CULT_PCS_NWE(1.0),26/02/16 23:00:00,A,NVR,ED3_4,PC,FI,2007-01-01,,u,
ESTAT:CULT_PCS_NWE(1.0),26/02/16 23:00:00,A,NVR,ED3_4,PC,HR,2007-01-01,2.8,,
ESTAT:CULT_PCS_NWE(1.0),26/02/16 23:00:00,A,NVR,ED3_4,PC,HU,2007-01-01,1.9,,
ESTAT:CULT_PCS_NWE(1.0),26/02/16 23:00:00,A,NVR,ED3_4,PC,LT,2007-01-01,,u,
ESTAT:CULT_PCS_NWE(1.0),26/02/16 23:00:00,A,NVR,ED3_4,PC,LV,2007-01-01,,u,
ESTAT:CULT_PCS_NWE(1.0),26/02/16 23:00:00,A,NVR,ED3_4,PC,MT,2007-01-01,,u,
ESTAT:CULT_PCS_NWE(1.0),26/02/16 23:00:00,A,NVR,ED3_4,PC,PL,2007-01-01,1.7,,
ESTAT:CULT_PCS_NWE(1.0),26/02/16 23:00:00,A,NVR,ED3_4,PC,PT,2007-01-01,5.6,,
ESTAT:CULT_PCS_NWE(1.0),26/02/16 23:00:00,A,NVR,ED3_4,PC,RO,2007-01-01,3.4,,
ESTAT:CULT_PCS_NWE(1.0),26/02/16 23:00:00,A,NVR,ED3_4,PC,SI,2007-01-01,2.1,,
ESTAT:CULT_PCS_NWE(1.0),26/02/16 23:00:00,A,NVR,ED3_4,PC,SK,2007-01-01,,u,
ESTAT:CULT_PCS_NWE(1.0),26/02/16 23:00:00,A,NVR,ED3_4,PC,TR,2007-01-01,4.2,,
ESTAT:CULT_PCS_NWE(1.0),26/02/16 23:00:00,A,NVR,ED5_6,PC,AT,2007-01-01,,u,
ESTAT:CULT_PCS_NWE(1.0),26/02/16 23:00:00,A,NVR,ED5_6,PC,BE,2007-01-01,5.9,,
ESTAT:CULT_PCS_NWE(1.0),26/02/16 23:00:00,A,NVR,ED5_6,PC,BG,2007-01-01,3.0,u,
ESTAT:CULT_PCS_NWE(1.0),26/02/16 23:00:00,A,NVR,ED5_6,PC,CY,2007-01-01,6.2,,
ESTAT:CULT_PCS_NWE(1.0),26/02/16 23:00:00,A,NVR,ED5_6,PC,CZ,2007-01-01,1.7,u,
ESTAT:CULT_PCS_NWE(1.0),26/02/16 23:00:00,A,NVR,ED5_6,PC,DE,2007-01-01,4.4,,
ESTAT:CULT_PCS_NWE(1.0),26/02/16 23:00:00,A,NVR,ED5_6,PC,EE,2007-01-01,1.6,u,
ESTAT:CULT_PCS_NWE(1.0),26/02/16 23:00:00,A,NVR,ED5_6,PC,EL,2007-01-01,4.3,,
ESTAT:CULT_PCS_NWE(1.0),26/02/16 23:00:00,A,NVR,ED5_6,PC,ES,2007-01-01,5.0,,
ESTAT:CULT_PCS_NWE(1.0),26/02/16 23:00:00,A,NVR,ED5_6,PC,FI,2007-01-01,,u,
ESTAT:CULT_PCS_NWE(1.0),26/02/16 23:00:00,A,NVR,ED5_6,PC,HR,2007-01-01,,u,
ESTAT:CULT_PCS_NWE(1.0),26/02/16 23:00:00,A,NVR,ED5_6,PC,HU,2007-01-01,,u,
ESTAT:CULT_PCS_NWE(1.0),26/02/16 23:00:00,A,NVR,ED5_6,PC,LT,2007-01-01,,u,
ESTAT:CULT_PCS_NWE(1.0),26/02/16 23:00:00,A,NVR,ED5_6,PC,LV,2007-01-01,,u,
ESTAT:CULT_PCS_NWE(1.0),26/02/16 23:00:00,A,NVR,ED5_6,PC,MT,2007-01-01,,u,
ESTAT:CULT_PCS_NWE(1.0),26/02/16 23:00:00,A,NVR,ED5_6,PC,PL,2007-01-01,1.4,,
ESTAT:CULT_PCS_NWE(1.0),26/02/16 23:00:00,A,NVR,ED5_6,PC,PT,2007-01-01,2.6,u,
ESTAT:CULT_PCS_NWE(1.0),26/02/16 23:00:00,A,NVR,ED5_6,PC,RO,2007-01-01,,u,
ESTAT:CULT_PCS_NWE(1.0),26/02/16 23:00:00,A,NVR,ED5_6,PC,SI,2007-01-01,2.0,u,
ESTAT:CULT_PCS_NWE(1.0),26/02/16 23:00:00,A,NVR,ED5_6,PC,TR,2007-01-01,1.2,u,
ESTAT:CULT_PCS_NWE(1.0),26/02/16 23:00:00,A,NVR,TOTAL,PC,AT,2007-01-01,2.7,,
ESTAT:CULT_PCS_NWE(1.0),26/02/16 23:00:00,A,NVR,TOTAL,PC,BE,2007-01-01,9.3,,
ESTAT:CULT_PCS_NWE(1.0),26/02/16 23:00:00,A,NVR,TOTAL,PC,BG,2007-01-01,11.0,,
ESTAT:CULT_PCS_NWE(1.0),26/02/16 23:00:00,A,NVR,TOTAL,PC,CY,2007-01-01,9.7,,
ESTAT:CULT_PCS_NWE(1.0),26/02/16 23:00:00,A,NVR,TOTAL,PC,CZ,2007-01-01,2.6,,
ESTAT:CULT_PCS_NWE(1.0),26/02/16 23:00:00,A,NVR,TOTAL,PC,DE,2007-01-01,7.9,,
ESTAT:CULT_PCS_NWE(1.0),26/02/16 23:00:00,A,NVR,TOTAL,PC,EE,2007-01-01,1.9,,
ESTAT:CULT_PCS_NWE(1.0),26/02/16 23:00:00,A,NVR,TOTAL,PC,EL,2007-01-01,12.8,,
ESTAT:CULT_PCS_NWE(1.0),26/02/16 23:00:00,A,NVR,TOTAL,PC,ES,2007-01-01,11.4,,
ESTAT:CULT_PCS_NWE(1.0),26/02/16 23:00:00,A,NVR,TOTAL,PC,FI,2007-01-01,0.7,u,
ESTAT:CULT_PCS_NWE(1.0),26/02/16 23:00:00,A,NVR,TOTAL,PC,HR,2007-01-01,5.1,,
ESTAT:CULT_PCS_NWE(1.0),26/02/16 23:00:00,A,NVR,TOTAL,PC,HU,2007-01-01,3.6,,
ESTAT:CULT_PCS_NWE(1.0),26/02/16 23:00:00,A,NVR,TOTAL,PC,LT,2007-01-01,1.4,u,
ESTAT:CULT_PCS_NWE(1.0),26/02/16 23:00:00,A,NVR,TOTAL,PC,LV,2007-01-01,1.8,u,
ESTAT:CULT_PCS_NWE(1.0),26/02/16 23:00:00,A,NVR,TOTAL,PC,MT,2007-01-01,17.7,,
ESTAT:CULT_PCS_NWE(1.0),26/02/16 23:00:00,A,NVR,TOTAL,PC,PL,2007-01-01,2.1,,
ESTAT:CULT_PCS_NWE(1.0),26/02/16 23:00:00,A,NVR,TOTAL,PC,PT,2007-01-01,13.3,,
ESTAT:CULT_PCS_NWE(1.0),26/02/16 23:00:00,A,NVR,TOTAL,PC,RO,2007-01-01,7.4,,
ESTAT:CULT_PCS_NWE(1.0),26/02/16 23:00:00,A,NVR,TOTAL,PC,SI,2007-01-01,2.7,,
ESTAT:CULT_PCS_NWE(1.0),26/02/16 23:00:00,A,NVR,TOTAL,PC,SK,2007-01-01,,u,
ESTAT:CULT_PCS_NWE(1.0),26/02/16 23:00:00,A,NVR,TOTAL,PC,TR,2007-01-01,23.7,,
ESTAT:CULT_PCS_NWE(1.0),26/02/16 23:00:00,A,DAY,ED0-2,PC,AT,2011-01-01,64.4,,
ESTAT:CULT_PCS_NWE(1.0),26/02/16 23:00:00,A,DAY,ED0-2,PC,BG,2011-01-01,11.7,,
ESTAT:CULT_PCS_NWE(1.0),26/02/16 23:00:00,A,DAY,ED0-2,PC,CY,2011-01-01,20.4,,
ESTAT:CULT_PCS_NWE(1.0),26/02/16 23:00:00,A,DAY,ED0-2,PC,CZ,2011-01-01,40.9,,
ESTAT:CULT_PCS_NWE(1.0),26/02/16 23:00:00,A,DAY,ED0-2,PC,DE,2011-01-01,44.2,,
ESTAT:CULT_PCS_NWE(1.0),26/02/16 23:00:00,A,DAY,ED0-2,PC,EE,2011-01-01,52.4,,
ESTAT:CULT_PCS_NWE(1.0),26/02/16 23:00:00,A,DAY,ED0-2,PC,EL,2011-01-01,8.9,,
ESTAT:CULT_PCS_NWE(1.0),26/02/16 23:00:00,A,DAY,ED0-2,PC,ES,2011-01-01,35.3,,
ESTAT:CULT_PCS_NWE(1.0),26/02/16 23:00:00,A,DAY,ED0-2,PC,FI,2011-01-01,80.4,,
ESTAT:CULT_PCS_NWE(1.0),26/02/16 23:00:00,A,DAY,ED0-2,PC,HU,2011-01-01,43.6,,
ESTAT:CULT_PCS_NWE(1.0),26/02/16 23:00:00,A,DAY,ED0-2,PC,IT,2011-01-01,48.5,,
ESTAT:CULT_PCS_NWE(1.0),26/02/16 23:00:00,A,DAY,ED0-2,PC,LT,2011-01-01,38.0,,
ESTAT:CULT_PCS_NWE(1.0),26/02/16 23:00:00,A,DAY,ED0-2,PC,LU,2011-01-01,83.1,,
ESTAT:CULT_PCS_NWE(1.0),26/02/16 23:00:00,A,DAY,ED0-2,PC,LV,2011-01-01,28.1,,
ESTAT:CULT_PCS_NWE(1.0),26/02/16 23:00:00,A,DAY,ED0-2,PC,MT,2011-01-01,26.9,,
ESTAT:CULT_PCS_NWE(1.0),26/02/16 23:00:00,A,DAY,ED0-2,PC,PL,2011-01-01,25.0,,
ESTAT:CULT_PCS_NWE(1.0),26/02/16 23:00:00,A,DAY,ED0-2,PC,PT,2011-01-01,45.3,,
ESTAT:CULT_PCS_NWE(1.0),26/02/16 23:00:00,A,DAY,ED0-2,PC,RO,2011-01-01,5.8,,
ESTAT:CULT_PCS_NWE(1.0),26/02/16 23:00:00,A,DAY,ED0-2,PC,RS,2011-01-01,24.0,,
ESTAT:CULT_PCS_NWE(1.0),26/02/16 23:00:00,A,DAY,ED0-2,PC,SI,2011-01-01,44.3,,
ESTAT:CULT_PCS_NWE(1.0),26/02/16 23:00:00,A,DAY,ED0-2,PC,SK,2011-01-01,38.1,,
ESTAT:CULT_PCS_NWE(1.0),26/02/16 23:00:00,A,DAY,ED0-2,PC,TR,2011-01-01,21.0,,
ESTAT:CULT_PCS_NWE(1.0),26/02/16 23:00:00,A,DAY,ED0-2,PC,UK,2011-01-01,38.8,,
ESTAT:CULT_PCS_NWE(1.0),26/02/16 23:00:00,A,DAY,ED3_4,PC,AT,2011-01-01,77.5,,
ESTAT:CULT_PCS_NWE(1.0),26/02/16 23:00:00,A,DAY,ED3_4,PC,BG,2011-01-01,47.9,,
ESTAT:CULT_PCS_NWE(1.0),26/02/16 23:00:00,A,DAY,ED3_4,PC,CY,2011-01-01,34.6,,
ESTAT:CULT_PCS_NWE(1.0),26/02/16 23:00:00,A,DAY,ED3_4,PC,CZ,2011-01-01,54.9,,
ESTAT:CULT_PCS_NWE(1.0),26/02/16 23:00:00,A,DAY,ED3_4,PC,DE,2011-01-01,66.5,,
ESTAT:CULT_PCS_NWE(1.0),26/02/16 23:00:00,A,DAY,ED3_4,PC,EE,2011-01-01,66.5,,
ESTAT:CULT_PCS_NWE(1.0),26/02/16 23:00:00,A,DAY,ED3_4,PC,EL,2011-01-01,22.0,,
ESTAT:CULT_PCS_NWE(1.0),26/02/16 23:00:00,A,DAY,ED3_4,PC,ES,2011-01-01,52.5,,
ESTAT:CULT_PCS_NWE(1.0),26/02/16 23:00:00,A,DAY,ED3_4,PC,FI,2011-01-01,84.7,,
ESTAT:CULT_PCS_NWE(1.0),26/02/16 23:00:00,A,DAY,ED3_4,PC,HU,2011-01-01,63.9,,
ESTAT:CULT_PCS_NWE(1.0),26/02/16 23:00:00,A,DAY,ED3_4,PC,IT,2011-01-01,69.5,,
ESTAT:CULT_PCS_NWE(1.0),26/02/16 23:00:00,A,DAY,ED3_4,PC,LT,2011-01-01,54.4,,
ESTAT:CULT_PCS_NWE(1.0),26/02/16 23:00:00,A,DAY,ED3_4,PC,LU,2011-01-01,81.0,,
ESTAT:CULT_PCS_NWE(1.0),26/02/16 23:00:00,A,DAY,ED3_4,PC,LV,2011-01-01,44.7,,
ESTAT:CULT_PCS_NWE(1.0),26/02/16 23:00:00,A,DAY,ED3_4,PC,MT,2011-01-01,51.8,,
ESTAT:CULT_PCS_NWE(1.0),26/02/16 23:00:00,A,DAY,ED3_4,PC,PL,2011-01-01,45.1,,
ESTAT:CULT_PCS_NWE(1.0),26/02/16 23:00:00,A,DAY,ED3_4,PC,PT,2011-01-01,66.6,,
ESTAT:CULT_PCS_NWE(1.0),26/02/16 23:00:00,A,DAY,ED3_4,PC,RO,2011-01-01,30.2,,
ESTAT:CULT_PCS_NWE(1.0),26/02/16 23:00:00,A,DAY,ED3_4,PC,RS,2011-01-01,58.4,,
ESTAT:CULT_PCS_NWE(1.0),26/02/16 23:00:00,A,DAY,ED3_4,PC,SI,2011-01-01,62.0,,
ESTAT:CULT_PCS_NWE(1.0),26/02/16 23:00:00,A,DAY,ED3_4,PC,SK,2011-01-01,62.2,,
ESTAT:CULT_PCS_NWE(1.0),26/02/16 23:00:00,A,DAY,ED3_4,PC,TR,2011-01-01,57.3,,
ESTAT:CULT_PCS_NWE(1.0),26/02/16 23:00:00,A,DAY,ED3_4,PC,UK,2011-01-01,37.0,,
ESTAT:CULT_PCS_NWE(1.0),26/02/16 23:00:00,A,DAY,ED5_6,PC,AT,2011-01-01,81.6,,
ESTAT:CULT_PCS_NWE(1.0),26/02/16 23:00:00,A,DAY,ED5_6,PC,BG,2011-01-01,68.1,,
ESTAT:CULT_PCS_NWE(1.0),26/02/16 23:00:00,A,DAY,ED5_6,PC,CY,2011-01-01,49.8,,
ESTAT:CULT_PCS_NWE(1.0),26/02/16 23:00:00,A,DAY,ED5_6,PC,CZ,2011-01-01,67.6,,
ESTAT:CULT_PCS_NWE(1.0),26/02/16 23:00:00,A,DAY,ED5_6,PC,DE,2011-01-01,70.6,,
ESTAT:CULT_PCS_NWE(1.0),26/02/16 23:00:00,A,DAY,ED5_6,PC,EE,2011-01-01,77.7,,
ESTAT:CULT_PCS_NWE(1.0),26/02/16 23:00:00,A,DAY,ED5_6,PC,EL,2011-01-01,41.2,,
ESTAT:CULT_PCS_NWE(1.0),26/02/16 23:00:00,A,DAY,ED5_6,PC,ES,2011-01-01,61.6,,
ESTAT:CULT_PCS_NWE(1.0),26/02/16 23:00:00,A,DAY,ED5_6,PC,FI,2011-01-01,90.1,,
ESTAT:CULT_PCS_NWE(1.0),26/02/16 23:00:00,A,DAY,ED5_6,PC,HU,2011-01-01,80.1,,
ESTAT:CULT_PCS_NWE(1.0),26/02/16 23:00:00,A,DAY,ED5_6,PC,IT,2011-01-01,79.1,,
ESTAT:CULT_PCS_NWE(1.0),26/02/16 23:00:00,A,DAY,ED5_6,PC,LT,2011-01-01,77.6,,
ESTAT:CULT_PCS_NWE(1.0),26/02/16 23:00:00,A,DAY,ED5_6,PC,LU,2011-01-01,74.3,,
ESTAT:CULT_PCS_NWE(1.0),26/02/16 23:00:00,A,DAY,ED5_6,PC,LV,2011-01-01,65.4,,
ESTAT:CULT_PCS_NWE(1.0),26/02/16 23:00:00,A,DAY,ED5_6,PC,MT,2011-01-01,69.1,,
ESTAT:CULT_PCS_NWE(1.0),26/02/16 23:00:00,A,DAY,ED5_6,PC,PL,2011-01-01,64.1,,
ESTAT:CULT_PCS_NWE(1.0),26/02/16 23:00:00,A,DAY,ED5_6,PC,PT,2011-01-01,73.9,,
ESTAT:CULT_PCS_NWE(1.0),26/02/16 23:00:00,A,DAY,ED5_6,PC,RO,2011-01-01,65.5,,
ESTAT:CULT_PCS_NWE(1.0),26/02/16 23:00:00,A,DAY,ED5_6,PC,RS,2011-01-01,75.6,,
ESTAT:CULT_PCS_NWE(1.0),26/02/16 23:00:00,A,DAY,ED5_6,PC,SI,2011-01-01,77.8,,
ESTAT:CULT_PCS_NWE(1.0),26/02/16 23:00:00,A,DAY,ED5_6,PC,SK,2011-01-01,75.4,,
ESTAT:CULT_PCS_NWE(1.0),26/02/16 23:00:00,A,DAY,ED5_6,PC,TR,2011-01-01,78.8,,
ESTAT:CULT_PCS_NWE(1.0),26/02/16 23:00:00,A,DAY,ED5_6,PC,UK,2011-01-01,35.6,,
ESTAT:CULT_PCS_NWE(1.0),26/02/16 23:00:00,A,DAY,TOTAL,PC,AT,2011-01-01,76.3,,
ESTAT:CULT_PCS_NWE(1.0),26/02/16 23:00:00,A,DAY,TOTAL,PC,BG,2011-01-01,45.5,,
ESTAT:CULT_PCS_NWE(1.0),26/02/16 23:00:00,A,DAY,TOTAL,PC,CY,2011-01-01,37.3,,
ESTAT:CULT_PCS_NWE(1.0),26/02/16 23:00:00,A,DAY,TOTAL,PC,CZ,2011-01-01,55.8,,
ESTAT:CULT_PCS_NWE(1.0),26/02/16 23:00:00,A,DAY,TOTAL,PC,DE,2011-01-01,65.2,,
ESTAT:CULT_PCS_NWE(1.0),26/02/16 23:00:00,A,DAY,TOTAL,PC,EE,2011-01-01,69.7,,
ESTAT:CULT_PCS_NWE(1.0),26/02/16 23:00:00,A,DAY,TOTAL,PC,EL,2011-01-01,22.7,,
ESTAT:CULT_PCS_NWE(1.0),26/02/16 23:00:00,A,DAY,TOTAL,PC,ES,2011-01-01,47.6,,
ESTAT:CULT_PCS_NWE(1.0),26/02/16 23:00:00,A,DAY,TOTAL,PC,FI,2011-01-01,85.9,,
ESTAT:CULT_PCS_NWE(1.0),26/02/16 23:00:00,A,DAY,TOTAL,PC,HU,2011-01-01,63.8,,
ESTAT:CULT_PCS_NWE(1.0),26/02/16 23:00:00,A,DAY,TOTAL,PC,IT,2011-01-01,61.6,,
ESTAT:CULT_PCS_NWE(1.0),26/02/16 23:00:00,A,DAY,TOTAL,PC,LT,2011-01-01,61.1,,
ESTAT:CULT_PCS_NWE(1.0),26/02/16 23:00:00,A,DAY,TOTAL,PC,LU,2011-01-01,79.0,,
ESTAT:CULT_PCS_NWE(1.0),26/02/16 23:00:00,A,DAY,TOTAL,PC,LV,2011-01-01,49.2,,
ESTAT:CULT_PCS_NWE(1.0),26/02/16 23:00:00,A,DAY,TOTAL,PC,MT,2011-01-01,37.9,,
ESTAT:CULT_PCS_NWE(1.0),26/02/16 23:00:00,A,DAY,TOTAL,PC,PL,2011-01-01,47.7,,
ESTAT:CULT_PCS_NWE(1.0),26/02/16 23:00:00,A,DAY,TOTAL,PC,PT,2011-01-01,53.8,,
ESTAT:CULT_PCS_NWE(1.0),26/02/16 23:00:00,A,DAY,TOTAL,PC,RO,2011-01-01,29.9,,
ESTAT:CULT_PCS_NWE(1.0),26/02/16 23:00:00,A,DAY,TOTAL,PC,RS,2011-01-01,56.5,,
ESTAT:CULT_PCS_NWE(1.0),26/02/16 23:00:00,A,DAY,TOTAL,PC,SI,2011-01-01,61.7,,
ESTAT:CULT_PCS_NWE(1.0),26/02/16 23:00:00,A,DAY,TOTAL,PC,SK,2011-01-01,64.6,,
ESTAT:CULT_PCS_NWE(1.0),26/02/16 23:00:00,A,DAY,TOTAL,PC,TR,2011-01-01,35.1,,
ESTAT:CULT_PCS_NWE(1.0),26/02/16 23:00:00,A,DAY,TOTAL,PC,UK,2011-01-01,36.7,,
ESTAT:CULT_PCS_NWE(1.0),26/02/16 23:00:00,A,GE1,ED0-2,PC,AT,2011-01-01,94.5,,
ESTAT:CULT_PCS_NWE(1.0),26/02/16 23:00:00,A,GE1,ED0-2,PC,BG,2011-01-01,60.5,,
ESTAT:CULT_PCS_NWE(1.0),26/02/16 23:00:00,A,GE1,ED0-2,PC,CY,2011-01-01,70.4,,
ESTAT:CULT_PCS_NWE(1.0),26/02/16 23:00:00,A,GE1,ED0-2,PC,CZ,2011-01-01,92.4,,
ESTAT:CULT_PCS_NWE(1.0),26/02/16 23:00:00,A,GE1,ED0-2,PC,DE,2011-01-01,85.8,,
ESTAT:CULT_PCS_NWE(1.0),26/02/16 23:00:00,A,GE1,ED0-2,PC,EE,2011-01-01,90.5,,
ESTAT:CULT_PCS_NWE(1.0),26/02/16 23:00:00,A,GE1,ED0-2,PC,EL,2011-01-01,60.7,,
ESTAT:CULT_PCS_NWE(1.0),26/02/16 23:00:00,A,GE1,ED0-2,PC,ES,2011-01-01,75.3,,
ESTAT:CULT_PCS_NWE(1.0),26/02/16 23:00:00,A,GE1,ED0-2,PC,FI,2011-01-01,96.6,,
ESTAT:CULT_PCS_NWE(1.0),26/02/16 23:00:00,A,GE1,ED0-2,PC,HU,2011-01-01,91.8,,
ESTAT:CULT_PCS_NWE(1.0),26/02/16 23:00:00,A,GE1,ED0-2,PC,IT,2011-01-01,75.1,,
ESTAT:CULT_PCS_NWE(1.0),26/02/16 23:00:00,A,GE1,ED0-2,PC,LT,2011-01-01,89.8,,
ESTAT:CULT_PCS_NWE(1.0),26/02/16 23:00:00,A,GE1,ED0-2,PC,LU,2011-01-01,99.3,,
ESTAT:CULT_PCS_NWE(1.0),26/02/16 23:00:00,A,GE1,ED0-2,PC,LV,2011-01-01,93.2,,
ESTAT:CULT_PCS_NWE(1.0),26/02/16 23:00:00,A,GE1,ED0-2,PC,MT,2011-01-01,69.2,,
ESTAT:CULT_PCS_NWE(1.0),26/02/16 23:00:00,A,GE1,ED0-2,PC,PL,2011-01-01,90.0,,
ESTAT:CULT_PCS_NWE(1.0),26/02/16 23:00:00,A,GE1,ED0-2,PC,PT,2011-01-01,89.9,,
ESTAT:CULT_PCS_NWE(1.0),26/02/16 23:00:00,A,GE1,ED0-2,PC,RO,2011-01-01,57.9,,
ESTAT:CULT_PCS_NWE(1.0),26/02/16 23:00:00,A,GE1,ED0-2,PC,RS,2011-01-01,83.4,,
ESTAT:CULT_PCS_NWE(1.0),26/02/16 23:00:00,A,GE1,ED0-2,PC,SI,2011-01-01,74.6,,
ESTAT:CULT_PCS_NWE(1.0),26/02/16 23:00:00,A,GE1,ED0-2,PC,SK,2011-01-01,97.2,,
ESTAT:CULT_PCS_NWE(1.0),26/02/16 23:00:00,A,GE1,ED0-2,PC,TR,2011-01-01,57.3,,
ESTAT:CULT_PCS_NWE(1.0),26/02/16 23:00:00,A,GE1,ED0-2,PC,UK,2011-01-01,82.0,,
ESTAT:CULT_PCS_NWE(1.0),26/02/16 23:00:00,A,GE1,ED3_4,PC,AT,2011-01-01,98.0,,
ESTAT:CULT_PCS_NWE(1.0),26/02/16 23:00:00,A,GE1,ED3_4,PC,BG,2011-01-01,92.8,,
ESTAT:CULT_PCS_NWE(1.0),26/02/16 23:00:00,A,GE1,ED3_4,PC,CY,2011-01-01,88.2,,
ESTAT:CULT_PCS_NWE(1.0),26/02/16 23:00:00,A,GE1,ED3_4,PC,CZ,2011-01-01,97.4,,
ESTAT:CULT_PCS_NWE(1.0),26/02/16 23:00:00,A,GE1,ED3_4,PC,DE,2011-01-01,93.2,,
ESTAT:CULT_PCS_NWE(1.0),26/02/16 23:00:00,A,GE1,ED3_4,PC,EE,2011-01-01,96.9,,
ESTAT:CULT_PCS_NWE(1.0),26/02/16 23:00:00,A,GE1,ED3_4,PC,EL,2011-01-01,78.3,,
ESTAT:CULT_PCS_NWE(1.0),26/02/16 23:00:00,A,GE1,ED3_4,PC,ES,2011-01-01,88.8,,
ESTAT:CULT_PCS_NWE(1.0),26/02/16 23:00:00,A,GE1,ED3_4,PC,FI,2011-01-01,99.0,,
ESTAT:CULT_PCS_NWE(1.0),26/02/16 23:00:00,A,GE1,ED3_4,PC,HU,2011-01-01,96.6,,
ESTAT:CULT_PCS_NWE(1.0),26/02/16 23:00:00,A,GE1,ED3_4,PC,IT,2011-01-01,87.8,,
ESTAT:CULT_PCS_NWE(1.0),26/02/16 23:00:00,A,GE1,ED3_4,PC,LT,2011-01-01,96.6,,
ESTAT:CULT_PCS_NWE(1.0),26/02/16 23:00:00,A,GE1,ED3_4,PC,LU,2011-01-01,99.7,,
ESTAT:CULT_PCS_NWE(1.0),26/02/16 23:00:00,A,GE1,ED3_4,PC,LV,2011-01-01,97.4,,
ESTAT:CULT_PCS_NWE(1.0),26/02/16 23:00:00,A,GE1,ED3_4,PC,MT,2011-01-01,92.6,,
ESTAT:CULT_PCS_NWE(1.0),26/02/16 23:00:00,A,GE1,ED3_4,PC,PL,2011-01-01,96.3,,
ESTAT:CULT_PCS_NWE(1.0),26/02/16 23:00:00,A,GE1,ED3_4,PC,PT,2011-01-01,98.5,,
ESTAT:CULT_PCS_NWE(1.0),26/02/16 23:00:00,A,GE1,ED3_4,PC,RO,2011-01-01,85.9,,
ESTAT:CULT_PCS_NWE(1.0),26/02/16 23:00:00,A,GE1,ED3_4,PC,RS,2011-01-01,94.8,,
ESTAT:CULT_PCS_NWE(1.0),26/02/16 23:00:00,A,GE1,ED3_4,PC,SI,2011-01-01,87.8,,
ESTAT:CULT_PCS_NWE(1.0),26/02/16 23:00:00,A,GE1,ED3_4,PC,SK,2011-01-01,99.3,,
ESTAT:CULT_PCS_NWE(1.0),26/02/16 23:00:00,A,GE1,ED3_4,PC,TR,2011-01-01,89.9,,
ESTAT:CULT_PCS_NWE(1.0),26/02/16 23:00:00,A,GE1,ED3_4,PC,UK,2011-01-01,88.2,,
ESTAT:CULT_PCS_NWE(1.0),26/02/16 23:00:00,A,GE1,ED5_6,PC,AT,2011-01-01,99.4,,
ESTAT:CULT_PCS_NWE(1.0),26/02/16 23:00:00,A,GE1,ED5_6,PC,BG,2011-01-01,96.8,,
ESTAT:CULT_PCS_NWE(1.0),26/02/16 23:00:00,A,GE1,ED5_6,PC,CY,2011-01-01,92.3,,
ESTAT:CULT_PCS_NWE(1.0),26/02/16 23:00:00,A,GE1,ED5_6,PC,CZ,2011-01-01,98.4,,
ESTAT:CULT_PCS_NWE(1.0),26/02/16 23:00:00,A,GE1,ED5_6,PC,DE,2011-01-01,95.8,,
ESTAT:CULT_PCS_NWE(1.0),26/02/16 23:00:00,A,GE1,ED5_6,PC,EE,2011-01-01,98.9,,
ESTAT:CULT_PCS_NWE(1.0),26/02/16 23:00:00,A,GE1,ED5_6,PC,EL,2011-01-01,92.1,,
ESTAT:CULT_PCS_NWE(1.0),26/02/16 23:00:00,A,GE1,ED5_6,PC,ES,2011-01-01,93.0,,
ESTAT:CULT_PCS_NWE(1.0),26/02/16 23:00:00,A,GE1,ED5_6,PC,FI,2011-01-01,99.6,,
ESTAT:CULT_PCS_NWE(1.0),26/02/16 23:00:00,A,GE1,ED5_6,PC,HU,2011-01-01,98.7,,
ESTAT:CULT_PCS_NWE(1.0),26/02/16 23:00:00,A,GE1,ED5_6,PC,IT,2011-01-01,93.3,,
ESTAT:CULT_PCS_NWE(1.0),26/02/16 23:00:00,A,GE1,ED5_6,PC,LT,2011-01-01,99.0,,
ESTAT:CULT_PCS_NWE(1.0),26/02/16 23:00:00,A,GE1,ED5_6,PC,LU,2011-01-01,99.6,,
ESTAT:CULT_PCS_NWE(1.0),26/02/16 23:00:00,A,GE1,ED5_6,PC,LV,2011-01-01,98.8,,
ESTAT:CULT_PCS_NWE(1.0),26/02/16 23:00:00,A,GE1,ED5_6,PC,MT,2011-01-01,95.9,,
ESTAT:CULT_PCS_NWE(1.0),26/02/16 23:00:00,A,GE1,ED5_6,PC,PL,2011-01-01,99.0,,
ESTAT:CULT_PCS_NWE(1.0),26/02/16 23:00:00,A,GE1,ED5_6,PC,PT,2011-01-01,99.1,,
ESTAT:CULT_PCS_NWE(1.0),26/02/16 23:00:00,A,GE1,ED5_6,PC,RO,2011-01-01,97.9,,
ESTAT:CULT_PCS_NWE(1.0),26/02/16 23:00:00,A,GE1,ED5_6,PC,RS,2011-01-01,95.9,,
ESTAT:CULT_PCS_NWE(1.0),26/02/16 23:00:00,A,GE1,ED5_6,PC,SI,2011-01-01,96.7,,
ESTAT:CULT_PCS_NWE(1.0),26/02/16 23:00:00,A,GE1,ED5_6,PC,SK,2011-01-01,99.4,,
ESTAT:CULT_PCS_NWE(1.0),26/02/16 23:00:00,A,GE1,ED5_6,PC,TR,2011-01-01,96.9,,
ESTAT:CULT_PCS_NWE(1.0),26/02/16 23:00:00,A,GE1,ED5_6,PC,UK,2011-01-01,90.6,,
ESTAT:CULT_PCS_NWE(1.0),26/02/16 23:00:00,A,GE1,TOTAL,PC,AT,2011-01-01,97.7,,
ESTAT:CULT_PCS_NWE(1.0),26/02/16 23:00:00,A,GE1,TOTAL,PC,BG,2011-01-01,87.2,,
ESTAT:CULT_PCS_NWE(1.0),26/02/16 23:00:00,A,GE1,TOTAL,PC,CY,2011-01-01,85.7,,
ESTAT:CULT_PCS_NWE(1.0),26/02/16 23:00:00,A,GE1,TOTAL,PC,CZ,2011-01-01,97.1,,
ESTAT:CULT_PCS_NWE(1.0),26/02/16 23:00:00,A,GE1,TOTAL,PC,DE,2011-01-01,93.2,,
ESTAT:CULT_PCS_NWE(1.0),26/02/16 23:00:00,A,GE1,TOTAL,PC,EE,2011-01-01,97.1,,
ESTAT:CULT_PCS_NWE(1.0),26/02/16 23:00:00,A,GE1,TOTAL,PC,EL,2011-01-01,76.3,,
ESTAT:CULT_PCS_NWE(1.0),26/02/16 23:00:00,A,GE1,TOTAL,PC,ES,2011-01-01,84.1,,
ESTAT:CULT_PCS_NWE(1.0),26/02/16 23:00:00,A,GE1,TOTAL,PC,FI,2011-01-01,98.8,,
ESTAT:CULT_PCS_NWE(1.0),26/02/16 23:00:00,A,GE1,TOTAL,PC,HU,2011-01-01,96.2,,
ESTAT:CULT_PCS_NWE(1.0),26/02/16 23:00:00,A,GE1,TOTAL,PC,IT,2011-01-01,83.0,,
ESTAT:CULT_PCS_NWE(1.0),26/02/16 23:00:00,A,GE1,TOTAL,PC,LT,2011-01-01,96.9,,
ESTAT:CULT_PCS_NWE(1.0),26/02/16 23:00:00,A,GE1,TOTAL,PC,LU,2011-01-01,99.6,,
ESTAT:CULT_PCS_NWE(1.0),26/02/16 23:00:00,A,GE1,TOTAL,PC,LV,2011-01-01,97.3,,
ESTAT:CULT_PCS_NWE(1.0),26/02/16 23:00:00,A,GE1,TOTAL,PC,MT,2011-01-01,77.4,,
ESTAT:CULT_PCS_NWE(1.0),26/02/16 23:00:00,A,GE1,TOTAL,PC,PL,2011-01-01,96.3,,
ESTAT:CULT_PCS_NWE(1.0),26/02/16 23:00:00,A,GE1,TOTAL,PC,PT,2011-01-01,93.0,,
ESTAT:CULT_PCS_NWE(1.0),26/02/16 23:00:00,A,GE1,TOTAL,PC,RO,2011-01-01,81.0,,
ESTAT:CULT_PCS_NWE(1.0),26/02/16 23:00:00,A,GE1,TOTAL,PC,RS,2011-01-01,93.0,,
ESTAT:CULT_PCS_NWE(1.0),26/02/16 23:00:00,A,GE1,TOTAL,PC,SI,2011-01-01,86.9,,
ESTAT:CULT_PCS_NWE(1.0),26/02/16 23:00:00,A,GE1,TOTAL,PC,SK,2011-01-01,99.2,,
ESTAT:CULT_PCS_NWE(1.0),26/02/16 23:00:00,A,GE1,TOTAL,PC,TR,2011-01-01,68.2,,
ESTAT:CULT_PCS_NWE(1.0),26/02/16 23:00:00,A,GE1,TOTAL,PC,UK,2011-01-01,88.1,,
ESTAT:CULT_PCS_NWE(1.0),26/02/16 23:00:00,A,GE1M,ED0-2,PC,AT,2011-01-01,,u,
ESTAT:CULT_PCS_NWE(1.0),26/02/16 23:00:00,A,GE1M,ED0-2,PC,BG,2011-01-01,11.5,,
ESTAT:CULT_PCS_NWE(1.0),26/02/16 23:00:00,A,GE1M,ED0-2,PC,CY,2011-01-01,10.3,,
ESTAT:CULT_PCS_NWE(1.0),26/02/16 23:00:00,A,GE1M,ED0-2,PC,CZ,2011-01-01,11.2,,
ESTAT:CULT_PCS_NWE(1.0),26/02/16 23:00:00,A,GE1M,ED0-2,PC,DE,2011-01-01,3.8,u,
ESTAT:CULT_PCS_NWE(1.0),26/02/16 23:00:00,A,GE1M,ED0-2,PC,EE,2011-01-01,10.1,u,
ESTAT:CULT_PCS_NWE(1.0),26/02/16 23:00:00,A,GE1M,ED0-2,PC,EL,2011-01-01,15.0,,
ESTAT:CULT_PCS_NWE(1.0),26/02/16 23:00:00,A,GE1M,ED0-2,PC,ES,2011-01-01,6.7,,
ESTAT:CULT_PCS_NWE(1.0),26/02/16 23:00:00,A,GE1M,ED0-2,PC,FI,2011-01-01,,u,
ESTAT:CULT_PCS_NWE(1.0),26/02/16 23:00:00,A,GE1M,ED0-2,PC,HU,2011-01-01,9.9,,
ESTAT:CULT_PCS_NWE(1.0),26/02/16 23:00:00,A,GE1M,ED0-2,PC,IT,2011-01-01,10.7,,
ESTAT:CULT_PCS_NWE(1.0),26/02/16 23:00:00,A,GE1M,ED0-2,PC,LT,2011-01-01,9.5,u,
ESTAT:CULT_PCS_NWE(1.0),26/02/16 23:00:00,A,GE1M,ED0-2,PC,LU,2011-01-01,,u,
ESTAT:CULT_PCS_NWE(1.0),26/02/16 23:00:00,A,GE1M,ED0-2,PC,LV,2011-01-01,13.2,,
ESTAT:CULT_PCS_NWE(1.0),26/02/16 23:00:00,A,GE1M,ED0-2,PC,MT,2011-01-01,7.2,,
ESTAT:CULT_PCS_NWE(1.0),26/02/16 23:00:00,A,GE1M,ED0-2,PC,PL,2011-01-01,13.8,,
ESTAT:CULT_PCS_NWE(1.0),26/02/16 23:00:00,A,GE1M,ED0-2,PC,PT,2011-01-01,6.9,,
ESTAT:CULT_PCS_NWE(1.0),26/02/16 23:00:00,A,GE1M,ED0-2,PC,RO,2011-01-01,16.3,,
ESTAT:CULT_PCS_NWE(1.0),26/02/16 23:00:00,A,GE1M,ED0-2,PC,RS,2011-01-01,15.5,,
ESTAT:CULT_PCS_NWE(1.0),26/02/16 23:00:00,A,GE1M,ED0-2,PC,SI,2011-01-01,3.6,u,
ESTAT:CULT_PCS_NWE(1.0),26/02/16 23:00:00,A,GE1M,ED0-2,PC,SK,2011-01-01,,u,
ESTAT:CULT_PCS_NWE(1.0),26/02/16 23:00:00,A,GE1M,ED0-2,PC,TR,2011-01-01,9.1,,
ESTAT:CULT_PCS_NWE(1.0),26/02/16 23:00:00,A,GE1M,ED0-2,PC,UK,2011-01-01,7.3,u,
ESTAT:CULT_PCS_NWE(1.0),26/02/16 23:00:00,A,GE1M,ED3_4,PC,AT,2011-01-01,1.7,,
ESTAT:CULT_PCS_NWE(1.0),26/02/16 23:00:00,A,GE1M,ED3_4,PC,BG,2011-01-01,6.8,,
ESTAT:CULT_PCS_NWE(1.0),26/02/16 23:00:00,A,GE1M,ED3_4,PC,CY,2011-01-01,10.7,,
ESTAT:CULT_PCS_NWE(1.0),26/02/16 23:00:00,A,GE1M,ED3_4,PC,CZ,2011-01-01,6.9,,
ESTAT:CULT_PCS_NWE(1.0),26/02/16 23:00:00,A,GE1M,ED3_4,PC,DE,2011-01-01,2.6,,
ESTAT:CULT_PCS_NWE(1.0),26/02/16 23:00:00,A,GE1M,ED3_4,PC,EE,2011-01-01,3.2,,
ESTAT:CULT_PCS_NWE(1.0),26/02/16 23:00:00,A,GE1M,ED3_4,PC,EL,2011-01-01,13.4,,
ESTAT:CULT_PCS_NWE(1.0),26/02/16 23:00:00,A,GE1M,ED3_4,PC,ES,2011-01-01,5.0,,
ESTAT:CULT_PCS_NWE(1.0),26/02/16 23:00:00,A,GE1M,ED3_4,PC,FI,2011-01-01,2.6,u,
ESTAT:CULT_PCS_NWE(1.0),26/02/16 23:00:00,A,GE1M,ED3_4,PC,HU,2011-01-01,4.6,,
ESTAT:CULT_PCS_NWE(1.0),26/02/16 23:00:00,A,GE1M,ED3_4,PC,IT,2011-01-01,6.6,,
ESTAT:CULT_PCS_NWE(1.0),26/02/16 23:00:00,A,GE1M,ED3_4,PC,LT,2011-01-01,4.7,,
ESTAT:CULT_PCS_NWE(1.0),26/02/16 23:00:00,A,GE1M,ED3_4,PC,LU,2011-01-01,2.2,u,
ESTAT:CULT_PCS_NWE(1.0),26/02/16 23:00:00,A,GE1M,ED3_4,PC,LV,2011-01-01,7.9,,
ESTAT:CULT_PCS_NWE(1.0),26/02/16 23:00:00,A,GE1M,ED3_4,PC,MT,2011-01-01,6.1,u,
ESTAT:CULT_PCS_NWE(1.0),26/02/16 23:00:00,A,GE1M,ED3_4,PC,PL,2011-01-01,7.6,,
ESTAT:CULT_PCS_NWE(1.0),26/02/16 23:00:00,A,GE1M,ED3_4,PC,PT,2011-01-01,4.4,,
ESTAT:CULT_PCS_NWE(1.0),26/02/16 23:00:00,A,GE1M,ED3_4,PC,RO,2011-01-01,12.8,,
ESTAT:CULT_PCS_NWE(1.0),26/02/16 23:00:00,A,GE1M,ED3_4,PC,RS,2011-01-01,7.2,,
ESTAT:CULT_PCS_NWE(1.0),26/02/16 23:00:00,A,GE1M,ED3_4,PC,SI,2011-01-01,3.4,,
ESTAT:CULT_PCS_NWE(1.0),26/02/16 23:00:00,A,GE1M,ED3_4,PC,SK,2011-01-01,5.7,,
ESTAT:CULT_PCS_NWE(1.0),26/02/16 23:00:00,A,GE1M,ED3_4,PC,TR,2011-01-01,5.4,,
ESTAT:CULT_PCS_NWE(1.0),26/02/16 23:00:00,A,GE1M,ED3_4,PC,UK,2011-01-01,7.5,,
ESTAT:CULT_PCS_NWE(1.0),26/02/16 23:00:00,A,GE1M,ED5_6,PC,AT,2011-01-01,,u,
ESTAT:CULT_PCS_NWE(1.0),26/02/16 23:00:00,A,GE1M,ED5_6,PC,BG,2011-01-01,3.0,u,
ESTAT:CULT_PCS_NWE(1.0),26/02/16 23:00:00,A,GE1M,ED5_6,PC,CY,2011-01-01,6.1,,
ESTAT:CULT_PCS_NWE(1.0),26/02/16 23:00:00,A,GE1M,ED5_6,PC,CZ,2011-01-01,4.6,,
ESTAT:CULT_PCS_NWE(1.0),26/02/16 23:00:00,A,GE1M,ED5_6,PC,DE,2011-01-01,2.6,u,
ESTAT:CULT_PCS_NWE(1.0),26/02/16 23:00:00,A,GE1M,ED5_6,PC,EE,2011-01-01,3.0,u,
ESTAT:CULT_PCS_NWE(1.0),26/02/16 23:00:00,A,GE1M,ED5_6,PC,EL,2011-01-01,11.0,,
ESTAT:CULT_PCS_NWE(1.0),26/02/16 23:00:00,A,GE1M,ED5_6,PC,ES,2011-01-01,4.7,,
ESTAT:CULT_PCS_NWE(1.0),26/02/16 23:00:00,A,GE1M,ED5_6,PC,FI,2011-01-01,,u,
ESTAT:CULT_PCS_NWE(1.0),26/02/16 23:00:00,A,GE1M,ED5_6,PC,HU,2011-01-01,2.7,u,
ESTAT:CULT_PCS_NWE(1.0),26/02/16 23:00:00,A,GE1M,ED5_6,PC,IT,2011-01-01,5.3,,
ESTAT:CULT_PCS_NWE(1.0),26/02/16 23:00:00,A,GE1M,ED5_6,PC,LT,2011-01-01,1.9,u,
ESTAT:CULT_PCS_NWE(1.0),26/02/16 23:00:00,A,GE1M,ED5_6,PC,LU,2011-01-01,4.1,u,
ESTAT:CULT_PCS_NWE(1.0),26/02/16 23:00:00,A,GE1M,ED5_6,PC,LV,2011-01-01,4.2,,
ESTAT:CULT_PCS_NWE(1.0),26/02/16 23:00:00,A,GE1M,ED5_6,PC,MT,2011-01-01,,u,
ESTAT:CULT_PCS_NWE(1.0),26/02/16 23:00:00,A,GE1M,ED5_6,PC,PL,2011-01-01,4.8,,
ESTAT:CULT_PCS_NWE(1.0),26/02/16 23:00:00,A,GE1M,ED5_6,PC,PT,2011-01-01,3.2,u,
ESTAT:CULT_PCS_NWE(1.0),26/02/16 23:00:00,A,GE1M,ED5_6,PC,RO,2011-01-01,4.5,,
ESTAT:CULT_PCS_NWE(1.0),26/02/16 23:00:00,A,GE1M,ED5_6,PC,RS,2011-01-01,2.4,u,
ESTAT:CULT_PCS_NWE(1.0),26/02/16 23:00:00,A,GE1M,ED5_6,PC,SI,2011-01-01,2.3,u,
ESTAT:CULT_PCS_NWE(1.0),26/02/16 23:00:00,A,GE1M,ED5_6,PC,SK,2011-01-01,2.4,u,
ESTAT:CULT_PCS_NWE(1.0),26/02/16 23:00:00,A,GE1M,ED5_6,PC,TR,2011-01-01,1.9,,
ESTAT:CULT_PCS_NWE(1.0),26/02/16 23:00:00,A,GE1M,ED5_6,PC,UK,2011-01-01,8.4,,
ESTAT:CULT_PCS_NWE(1.0),26/02/16 23:00:00,A,GE1M,TOTAL,PC,AT,2011-01-01,1.9,,
ESTAT:CULT_PCS_NWE(1.0),26/02/16 23:00:00,A,GE1M,TOTAL,PC,BG,2011-01-01,6.8,,
ESTAT:CULT_PCS_NWE(1.0),26/02/16 23:00:00,A,GE1M,TOTAL,PC,CY,2011-01-01,8.8,,
ESTAT:CULT_PCS_NWE(1.0),26/02/16 23:00:00,A,GE1M,TOTAL,PC,CZ,2011-01-01,6.8,,
ESTAT:CULT_PCS_NWE(1.0),26/02/16 23:00:00,A,GE1M,TOTAL,PC,DE,2011-01-01,2.7,,
ESTAT:CULT_PCS_NWE(1.0),26/02/16 23:00:00,A,GE1M,TOTAL,PC,EE,2011-01-01,3.7,,
ESTAT:CULT_PCS_NWE(1.0),26/02/16 23:00:00,A,GE1M,TOTAL,PC,EL,2011-01-01,13.3,,
ESTAT:CULT_PCS_NWE(1.0),26/02/16 23:00:00,A,GE1M,TOTAL,PC,ES,2011-01-01,5.6,,
ESTAT:CULT_PCS_NWE(1.0),26/02/16 23:00:00,A,GE1M,TOTAL,PC,FI,2011-01-01,2.1,,
ESTAT:CULT_PCS_NWE(1.0),26/02/16 23:00:00,A,GE1M,TOTAL,PC,HU,2011-01-01,5.1,,
ESTAT:CULT_PCS_NWE(1.0),26/02/16 23:00:00,A,GE1M,TOTAL,PC,IT,2011-01-01,8.2,,
ESTAT:CULT_PCS_NWE(1.0),26/02/16 23:00:00,A,GE1M,TOTAL,PC,LT,2011-01-01,4.1,,
ESTAT:CULT_PCS_NWE(1.0),26/02/16 23:00:00,A,GE1M,TOTAL,PC,LU,2011-01-01,3.0,,
ESTAT:CULT_PCS_NWE(1.0),26/02/16 23:00:00,A,GE1M,TOTAL,PC,LV,2011-01-01,7.4,,
ESTAT:CULT_PCS_NWE(1.0),26/02/16 23:00:00,A,GE1M,TOTAL,PC,MT,2011-01-01,6.2,,
ESTAT:CULT_PCS_NWE(1.0),26/02/16 23:00:00,A,GE1M,TOTAL,PC,PL,2011-01-01,7.6,,
ESTAT:CULT_PCS_NWE(1.0),26/02/16 23:00:00,A,GE1M,TOTAL,PC,PT,2011-01-01,5.9,,
ESTAT:CULT_PCS_NWE(1.0),26/02/16 23:00:00,A,GE1M,TOTAL,PC,RO,2011-01-01,12.3,,
ESTAT:CULT_PCS_NWE(1.0),26/02/16 23:00:00,A,GE1M,TOTAL,PC,RS,2011-01-01,7.5,,
ESTAT:CULT_PCS_NWE(1.0),26/02/16 23:00:00,A,GE1M,TOTAL,PC,SI,2011-01-01,3.2,,
ESTAT:CULT_PCS_NWE(1.0),26/02/16 23:00:00,A,GE1M,TOTAL,PC,SK,2011-01-01,5.0,,
ESTAT:CULT_PCS_NWE(1.0),26/02/16 23:00:00,A,GE1M,TOTAL,PC,TR,2011-01-01,7.5,,
ESTAT:CULT_PCS_NWE(1.0),26/02/16 23:00:00,A,GE1M,TOTAL,PC,UK,2011-01-01,7.8,,
ESTAT:CULT_PCS_NWE(1.0),26/02/16 23:00:00,A,GE1W,ED0-2,PC,AT,2011-01-01,24.6,,
ESTAT:CULT_PCS_NWE(1.0),26/02/16 23:00:00,A,GE1W,ED0-2,PC,BG,2011-01-01,28.2,,
ESTAT:CULT_PCS_NWE(1.0),26/02/16 23:00:00,A,GE1W,ED0-2,PC,CY,2011-01-01,26.3,,
ESTAT:CULT_PCS_NWE(1.0),26/02/16 23:00:00,A,GE1W,ED0-2,PC,CZ,2011-01-01,35.1,,
ESTAT:CULT_PCS_NWE(1.0),26/02/16 23:00:00,A,GE1W,ED0-2,PC,DE,2011-01-01,37.3,,
ESTAT:CULT_PCS_NWE(1.0),26/02/16 23:00:00,A,GE1W,ED0-2,PC,EE,2011-01-01,27.2,,
ESTAT:CULT_PCS_NWE(1.0),26/02/16 23:00:00,A,GE1W,ED0-2,PC,EL,2011-01-01,21.7,,
ESTAT:CULT_PCS_NWE(1.0),26/02/16 23:00:00,A,GE1W,ED0-2,PC,ES,2011-01-01,28.8,,
ESTAT:CULT_PCS_NWE(1.0),26/02/16 23:00:00,A,GE1W,ED0-2,PC,FI,2011-01-01,12.3,,
ESTAT:CULT_PCS_NWE(1.0),26/02/16 23:00:00,A,GE1W,ED0-2,PC,HU,2011-01-01,32.0,,
ESTAT:CULT_PCS_NWE(1.0),26/02/16 23:00:00,A,GE1W,ED0-2,PC,IT,2011-01-01,10.0,,
ESTAT:CULT_PCS_NWE(1.0),26/02/16 23:00:00,A,GE1W,ED0-2,PC,LT,2011-01-01,38.0,,
ESTAT:CULT_PCS_NWE(1.0),26/02/16 23:00:00,A,GE1W,ED0-2,PC,LU,2011-01-01,12.1,,
ESTAT:CULT_PCS_NWE(1.0),26/02/16 23:00:00,A,GE1W,ED0-2,PC,LV,2011-01-01,43.8,,
ESTAT:CULT_PCS_NWE(1.0),26/02/16 23:00:00,A,GE1W,ED0-2,PC,MT,2011-01-01,29.1,,
ESTAT:CULT_PCS_NWE(1.0),26/02/16 23:00:00,A,GE1W,ED0-2,PC,PL,2011-01-01,42.4,,
ESTAT:CULT_PCS_NWE(1.0),26/02/16 23:00:00,A,GE1W,ED0-2,PC,PT,2011-01-01,31.3,,
ESTAT:CULT_PCS_NWE(1.0),26/02/16 23:00:00,A,GE1W,ED0-2,PC,RO,2011-01-01,19.3,,
ESTAT:CULT_PCS_NWE(1.0),26/02/16 23:00:00,A,GE1W,ED0-2,PC,RS,2011-01-01,35.8,,
ESTAT:CULT_PCS_NWE(1.0),26/02/16 23:00:00,A,GE1W,ED0-2,PC,SI,2011-01-01,24.5,,
ESTAT:CULT_PCS_NWE(1.0),26/02/16 23:00:00,A,GE1W,ED0-2,PC,SK,2011-01-01,38.1,,
ESTAT:CULT_PCS_NWE(1.0),26/02/16 23:00:00,A,GE1W,ED0-2,PC,TR,2011-01-01,20.5,,
ESTAT:CULT_PCS_NWE(1.0),26/02/16 23:00:00,A,GE1W,ED0-2,PC,UK,2011-01-01,30.4,,
ESTAT:CULT_PCS_NWE(1.0),26/02/16 23:00:00,A,GE1W,ED3_4,PC,AT,2011-01-01,17.6,,
ESTAT:CULT_PCS_NWE(1.0),26/02/16 23:00:00,A,GE1W,ED3_4,PC,BG,2011-01-01,34.2,,
ESTAT:CULT_PCS_NWE(1.0),26/02/16 23:00:00,A,GE1W,ED3_4,PC,CY,2011-01-01,36.9,,
ESTAT:CULT_PCS_NWE(1.0),26/02/16 23:00:00,A,GE1W,ED3_4,PC,CZ,2011-01-01,33.6,,
ESTAT:CULT_PCS_NWE(1.0),26/02/16 23:00:00,A,GE1W,ED3_4,PC,DE,2011-01-01,23.3,,
ESTAT:CULT_PCS_NWE(1.0),26/02/16 23:00:00,A,GE1W,ED3_4,PC,EE,2011-01-01,25.7,,
ESTAT:CULT_PCS_NWE(1.0),26/02/16 23:00:00,A,GE1W,ED3_4,PC,EL,2011-01-01,33.7,,
ESTAT:CULT_PCS_NWE(1.0),26/02/16 23:00:00,A,GE1W,ED3_4,PC,ES,2011-01-01,27.6,,
ESTAT:CULT_PCS_NWE(1.0),26/02/16 23:00:00,A,GE1W,ED3_4,PC,FI,2011-01-01,11.0,,
ESTAT:CULT_PCS_NWE(1.0),26/02/16 23:00:00,A,GE1W,ED3_4,PC,HU,2011-01-01,25.0,,
ESTAT:CULT_PCS_NWE(1.0),26/02/16 23:00:00,A,GE1W,ED3_4,PC,IT,2011-01-01,8.4,,
ESTAT:CULT_PCS_NWE(1.0),26/02/16 23:00:00,A,GE1W,ED3_4,PC,LT,2011-01-01,36.5,,
ESTAT:CULT_PCS_NWE(1.0),26/02/16 23:00:00,A,GE1W,ED3_4,PC,LU,2011-01-01,14.9,,
ESTAT:CULT_PCS_NWE(1.0),26/02/16 23:00:00,A,GE1W,ED3_4,PC,LV,2011-01-01,41.7,,
ESTAT:CULT_PCS_NWE(1.0),26/02/16 23:00:00,A,GE1W,ED3_4,PC,MT,2011-01-01,32.1,,
ESTAT:CULT_PCS_NWE(1.0),26/02/16 23:00:00,A,GE1W,ED3_4,PC,PL,2011-01-01,39.0,,
ESTAT:CULT_PCS_NWE(1.0),26/02/16 23:00:00,A,GE1W,ED3_4,PC,PT,2011-01-01,25.9,,
ESTAT:CULT_PCS_NWE(1.0),26/02/16 23:00:00,A,GE1W,ED3_4,PC,RO,2011-01-01,34.0,,
ESTAT:CULT_PCS_NWE(1.0),26/02/16 23:00:00,A,GE1W,ED3_4,PC,RS,2011-01-01,26.4,,
ESTAT:CULT_PCS_NWE(1.0),26/02/16 23:00:00,A,GE1W,ED3_4,PC,SI,2011-01-01,20.2,,
ESTAT:CULT_PCS_NWE(1.0),26/02/16 23:00:00,A,GE1W,ED3_4,PC,SK,2011-01-01,30.0,,
ESTAT:CULT_PCS_NWE(1.0),26/02/16 23:00:00,A,GE1W,ED3_4,PC,TR,2011-01-01,24.3,,
ESTAT:CULT_PCS_NWE(1.0),26/02/16 23:00:00,A,GE1W,ED3_4,PC,UK,2011-01-01,38.3,,
ESTAT:CULT_PCS_NWE(1.0),26/02/16 23:00:00,A,GE1W,ED5_6,PC,AT,2011-01-01,15.6,,
ESTAT:CULT_PCS_NWE(1.0),26/02/16 23:00:00,A,GE1W,ED5_6,PC,BG,2011-01-01,24.3,,
ESTAT:CULT_PCS_NWE(1.0),26/02/16 23:00:00,A,GE1W,ED5_6,PC,CY,2011-01-01,32.7,,
ESTAT:CULT_PCS_NWE(1.0),26/02/16 23:00:00,A,GE1W,ED5_6,PC,CZ,2011-01-01,24.9,,
ESTAT:CULT_PCS_NWE(1.0),26/02/16 23:00:00,A,GE1W,ED5_6,PC,DE,2011-01-01,22.2,,
ESTAT:CULT_PCS_NWE(1.0),26/02/16 23:00:00,A,GE1W,ED5_6,PC,EE,2011-01-01,17.6,,
ESTAT:CULT_PCS_NWE(1.0),26/02/16 23:00:00,A,GE1W,ED5_6,PC,EL,2011-01-01,35.9,,
ESTAT:CULT_PCS_NWE(1.0),26/02/16 23:00:00,A,GE1W,ED5_6,PC,ES,2011-01-01,24.6,,
ESTAT:CULT_PCS_NWE(1.0),26/02/16 23:00:00,A,GE1W,ED5_6,PC,FI,2011-01-01,8.3,,
ESTAT:CULT_PCS_NWE(1.0),26/02/16 23:00:00,A,GE1W,ED5_6,PC,HU,2011-01-01,14.9,,
ESTAT:CULT_PCS_NWE(1.0),26/02/16 23:00:00,A,GE1W,ED5_6,PC,IT,2011-01-01,7.4,,
ESTAT:CULT_PCS_NWE(1.0),26/02/16 23:00:00,A,GE1W,ED5_6,PC,LT,2011-01-01,17.9,,
ESTAT:CULT_PCS_NWE(1.0),26/02/16 23:00:00,A,GE1W,ED5_6,PC,LU,2011-01-01,19.2,,
ESTAT:CULT_PCS_NWE(1.0),26/02/16 23:00:00,A,GE1W,ED5_6,PC,LV,2011-01-01,27.4,,
ESTAT:CULT_PCS_NWE(1.0),26/02/16 23:00:00,A,GE1W,ED5_6,PC,MT,2011-01-01,21.2,,
ESTAT:CULT_PCS_NWE(1.0),26/02/16 23:00:00,A,GE1W,ED5_6,PC,PL,2011-01-01,28.4,,
ESTAT:CULT_PCS_NWE(1.0),26/02/16 23:00:00,A,GE1W,ED5_6,PC,PT,2011-01-01,21.3,,
ESTAT:CULT_PCS_NWE(1.0),26/02/16 23:00:00,A,GE1W,ED5_6,PC,RO,2011-01-01,25.7,,
ESTAT:CULT_PCS_NWE(1.0),26/02/16 23:00:00,A,GE1W,ED5_6,PC,RS,2011-01-01,15.9,,
ESTAT:CULT_PCS_NWE(1.0),26/02/16 23:00:00,A,GE1W,ED5_6,PC,SI,2011-01-01,15.6,,
ESTAT:CULT_PCS_NWE(1.0),26/02/16 23:00:00,A,GE1W,ED5_6,PC,SK,2011-01-01,20.5,,
ESTAT:CULT_PCS_NWE(1.0),26/02/16 23:00:00,A,GE1W,ED5_6,PC,TR,2011-01-01,15.3,,
ESTAT:CULT_PCS_NWE(1.0),26/02/16 23:00:00,A,GE1W,ED5_6,PC,UK,2011-01-01,39.4,,
ESTAT:CULT_PCS_NWE(1.0),26/02/16 23:00:00,A,GE1W,TOTAL,PC,AT,2011-01-01,18.3,,
ESTAT:CULT_PCS_NWE(1.0),26/02/16 23:00:00,A,GE1W,TOTAL,PC,BG,2011-01-01,30.5,,
ESTAT:CULT_PCS_NWE(1.0),26/02/16 23:00:00,A,GE1W,TOTAL,PC,CY,2011-01-01,32.8,,
ESTAT:CULT_PCS_NWE(1.0),26/02/16 23:00:00,A,GE1W,TOTAL,PC,CZ,2011-01-01,32.2,,
ESTAT:CULT_PCS_NWE(1.0),26/02/16 23:00:00,A,GE1W,TOTAL,PC,DE,2011-01-01,24.6,,
ESTAT:CULT_PCS_NWE(1.0),26/02/16 23:00:00,A,GE1W,TOTAL,PC,EE,2011-01-01,22.7,,
ESTAT:CULT_PCS_NWE(1.0),26/02/16 23:00:00,A,GE1W,TOTAL,PC,EL,2011-01-01,30.5,,
ESTAT:CULT_PCS_NWE(1.0),26/02/16 23:00:00,A,GE1W,TOTAL,PC,ES,2011-01-01,27.2,,
ESTAT:CULT_PCS_NWE(1.0),26/02/16 23:00:00,A,GE1W,TOTAL,PC,FI,2011-01-01,10.3,,
ESTAT:CULT_PCS_NWE(1.0),26/02/16 23:00:00,A,GE1W,TOTAL,PC,HU,2011-01-01,24.0,,
ESTAT:CULT_PCS_NWE(1.0),26/02/16 23:00:00,A,GE1W,TOTAL,PC,IT,2011-01-01,9.0,,
ESTAT:CULT_PCS_NWE(1.0),26/02/16 23:00:00,A,GE1W,TOTAL,PC,LT,2011-01-01,30.3,,
ESTAT:CULT_PCS_NWE(1.0),26/02/16 23:00:00,A,GE1W,TOTAL,PC,LU,2011-01-01,15.8,,
ESTAT:CULT_PCS_NWE(1.0),26/02/16 23:00:00,A,GE1W,TOTAL,PC,LV,2011-01-01,37.4,,
ESTAT:CULT_PCS_NWE(1.0),26/02/16 23:00:00,A,GE1W,TOTAL,PC,MT,2011-01-01,28.3,,
ESTAT:CULT_PCS_NWE(1.0),26/02/16 23:00:00,A,GE1W,TOTAL,PC,PL,2011-01-01,36.7,,
ESTAT:CULT_PCS_NWE(1.0),26/02/16 23:00:00,A,GE1W,TOTAL,PC,PT,2011-01-01,28.7,,
ESTAT:CULT_PCS_NWE(1.0),26/02/16 23:00:00,A,GE1W,TOTAL,PC,RO,2011-01-01,29.1,,
ESTAT:CULT_PCS_NWE(1.0),26/02/16 23:00:00,A,GE1W,TOTAL,PC,RS,2011-01-01,25.5,,
ESTAT:CULT_PCS_NWE(1.0),26/02/16 23:00:00,A,GE1W,TOTAL,PC,SI,2011-01-01,20.1,,
ESTAT:CULT_PCS_NWE(1.0),26/02/16 23:00:00,A,GE1W,TOTAL,PC,SK,2011-01-01,27.9,,
ESTAT:CULT_PCS_NWE(1.0),26/02/16 23:00:00,A,GE1W,TOTAL,PC,TR,2011-01-01,20.4,,
ESTAT:CULT_PCS_NWE(1.0),26/02/16 23:00:00,A,GE1W,TOTAL,PC,UK,2011-01-01,37.4,,
ESTAT:CULT_PCS_NWE(1.0),26/02/16 23:00:00,A,LT1M,ED0-2,PC,AT,2011-01-01,,u,
ESTAT:CULT_PCS_NWE(1.0),26/02/16 23:00:00,A,LT1M,ED0-2,PC,BG,2011-01-01,9.1,,
ESTAT:CULT_PCS_NWE(1.0),26/02/16 23:00:00,A,LT1M,ED0-2,PC,CY,2011-01-01,13.5,,
ESTAT:CULT_PCS_NWE(1.0),26/02/16 23:00:00,A,LT1M,ED0-2,PC,CZ,2011-01-01,5.2,u,
ESTAT:CULT_PCS_NWE(1.0),26/02/16 23:00:00,A,LT1M,ED0-2,PC,DE,2011-01-01,,u,
ESTAT:CULT_PCS_NWE(1.0),26/02/16 23:00:00,A,LT1M,ED0-2,PC,EE,2011-01-01,,u,
ESTAT:CULT_PCS_NWE(1.0),26/02/16 23:00:00,A,LT1M,ED0-2,PC,EL,2011-01-01,15.1,,
ESTAT:CULT_PCS_NWE(1.0),26/02/16 23:00:00,A,LT1M,ED0-2,PC,ES,2011-01-01,4.6,,
ESTAT:CULT_PCS_NWE(1.0),26/02/16 23:00:00,A,LT1M,ED0-2,PC,FI,2011-01-01,,u,
ESTAT:CULT_PCS_NWE(1.0),26/02/16 23:00:00,A,LT1M,ED0-2,PC,HU,2011-01-01,6.3,,
ESTAT:CULT_PCS_NWE(1.0),26/02/16 23:00:00,A,LT1M,ED0-2,PC,IT,2011-01-01,5.9,,
ESTAT:CULT_PCS_NWE(1.0),26/02/16 23:00:00,A,LT1M,ED0-2,PC,LT,2011-01-01,,u,
ESTAT:CULT_PCS_NWE(1.0),26/02/16 23:00:00,A,LT1M,ED0-2,PC,LU,2011-01-01,,u,
ESTAT:CULT_PCS_NWE(1.0),26/02/16 23:00:00,A,LT1M,ED0-2,PC,LV,2011-01-01,8.1,u,
ESTAT:CULT_PCS_NWE(1.0),26/02/16 23:00:00,A,LT1M,ED0-2,PC,MT,2011-01-01,6.0,,
ESTAT:CULT_PCS_NWE(1.0),26/02/16 23:00:00,A,LT1M,ED0-2,PC,PL,2011-01-01,8.8,,
ESTAT:CULT_PCS_NWE(1.0),26/02/16 23:00:00,A,LT1M,ED0-2,PC,PT,2011-01-01,6.4,,
ESTAT:CULT_PCS_NWE(1.0),26/02/16 23:00:00,A,LT1M,ED0-2,PC,RO,2011-01-01,16.7,,
ESTAT:CULT_PCS_NWE(1.0),26/02/16 23:00:00,A,LT1M,ED0-2,PC,RS,2011-01-01,8.1,,
ESTAT:CULT_PCS_NWE(1.0),26/02/16 23:00:00,A,LT1M,ED0-2,PC,SI,2011-01-01,,u,
ESTAT:CULT_PCS_NWE(1.0),26/02/16 23:00:00,A,LT1M,ED0-2,PC,SK,2011-01-01,10.8,u,
ESTAT:CULT_PCS_NWE(1.0),26/02/16 23:00:00,A,LT1M,ED0-2,PC,TR,2011-01-01,6.7,,
ESTAT:CULT_PCS_NWE(1.0),26/02/16 23:00:00,A,LT1M,ED0-2,PC,UK,2011-01-01,5.5,u,
ESTAT:CULT_PCS_NWE(1.0),26/02/16 23:00:00,A,LT1M,ED3_4,PC,AT,2011-01-01,1.2,u,
ESTAT:CULT_PCS_NWE(1.0),26/02/16 23:00:00,A,LT1M,ED3_4,PC,BG,2011-01-01,3.9,,
ESTAT:CULT_PCS_NWE(1.0),26/02/16 23:00:00,A,LT1M,ED3_4,PC,CY,2011-01-01,6.0,,
ESTAT:CULT_PCS_NWE(1.0),26/02/16 23:00:00,A,LT1M,ED3_4,PC,CZ,2011-01-01,2.1,,
ESTAT:CULT_PCS_NWE(1.0),26/02/16 23:00:00,A,LT1M,ED3_4,PC,DE,2011-01-01,0.8,u,
ESTAT:CULT_PCS_NWE(1.0),26/02/16 23:00:00,A,LT1M,ED3_4,PC,EE,2011-01-01,,u,
ESTAT:CULT_PCS_NWE(1.0),26/02/16 23:00:00,A,LT1M,ED3_4,PC,EL,2011-01-01,9.2,,
ESTAT:CULT_PCS_NWE(1.0),26/02/16 23:00:00,A,LT1M,ED3_4,PC,ES,2011-01-01,3.8,,
ESTAT:CULT_PCS_NWE(1.0),26/02/16 23:00:00,A,LT1M,ED3_4,PC,FI,2011-01-01,,u,
ESTAT:CULT_PCS_NWE(1.0),26/02/16 23:00:00,A,LT1M,ED3_4,PC,HU,2011-01-01,3.1,,
ESTAT:CULT_PCS_NWE(1.0),26/02/16 23:00:00,A,LT1M,ED3_4,PC,IT,2011-01-01,3.4,,
ESTAT:CULT_PCS_NWE(1.0),26/02/16 23:00:00,A,LT1M,ED3_4,PC,LT,2011-01-01,1.0,u,
ESTAT:CULT_PCS_NWE(1.0),26/02/16 23:00:00,A,LT1M,ED3_4,PC,LU,2011-01-01,1.6,u,
ESTAT:CULT_PCS_NWE(1.0),26/02/16 23:00:00,A,LT1M,ED3_4,PC,LV,2011-01-01,3.2,,
ESTAT:CULT_PCS_NWE(1.0),26/02/16 23:00:00,A,LT1M,ED3_4,PC,MT,2011-01-01,,u,
ESTAT:CULT_PCS_NWE(1.0),26/02/16 23:00:00,A,LT1M,ED3_4,PC,PL,2011-01-01,4.5,,
ESTAT:CULT_PCS_NWE(1.0),26/02/16 23:00:00,A,LT1M,ED3_4,PC,PT,2011-01-01,1.6,u,
ESTAT:CULT_PCS_NWE(1.0),26/02/16 23:00:00,A,LT1M,ED3_4,PC,RO,2011-01-01,8.9,,
ESTAT:CULT_PCS_NWE(1.0),26/02/16 23:00:00,A,LT1M,ED3_4,PC,RS,2011-01-01,2.8,,
ESTAT:CULT_PCS_NWE(1.0),26/02/16 23:00:00,A,LT1M,ED3_4,PC,SI,2011-01-01,2.2,u,
ESTAT:CULT_PCS_NWE(1.0),26/02/16 23:00:00,A,LT1M,ED3_4,PC,SK,2011-01-01,1.5,u,
ESTAT:CULT_PCS_NWE(1.0),26/02/16 23:00:00,A,LT1M,ED3_4,PC,TR,2011-01-01,3.0,,
ESTAT:CULT_PCS_NWE(1.0),26/02/16 23:00:00,A,LT1M,ED3_4,PC,UK,2011-01-01,5.5,,
ESTAT:CULT_PCS_NWE(1.0),26/02/16 23:00:00,A,LT1M,ED5_6,PC,AT,2011-01-01,,u,
ESTAT:CULT_PCS_NWE(1.0),26/02/16 23:00:00,A,LT1M,ED5_6,PC,BG,2011-01-01,,u,
ESTAT:CULT_PCS_NWE(1.0),26/02/16 23:00:00,A,LT1M,ED5_6,PC,CY,2011-01-01,3.6,u,
ESTAT:CULT_PCS_NWE(1.0),26/02/16 23:00:00,A,LT1M,ED5_6,PC,CZ,2011-01-01,,u,
ESTAT:CULT_PCS_NWE(1.0),26/02/16 23:00:00,A,LT1M,ED5_6,PC,DE,2011-01-01,,u,
ESTAT:CULT_PCS_NWE(1.0),26/02/16 23:00:00,A,LT1M,ED5_6,PC,EE,2011-01-01,,u,
ESTAT:CULT_PCS_NWE(1.0),26/02/16 23:00:00,A,LT1M,ED5_6,PC,EL,2011-01-01,3.9,,
ESTAT:CULT_PCS_NWE(1.0),26/02/16 23:00:00,A,LT1M,ED5_6,PC,ES,2011-01-01,2.0,,
ESTAT:CULT_PCS_NWE(1.0),26/02/16 23:00:00,A,LT1M,ED5_6,PC,FI,2011-01-01,,u,
ESTAT:CULT_PCS_NWE(1.0),26/02/16 23:00:00,A,LT1M,ED5_6,PC,HU,2011-01-01,,u,
ESTAT:CULT_PCS_NWE(1.0),26/02/16 23:00:00,A,LT1M,ED5_6,PC,IT,2011-01-01,1.5,u,
ESTAT:CULT_PCS_NWE(1.0),26/02/16 23:00:00,A,LT1M,ED5_6,PC,LT,2011-01-01,1.6,u,
ESTAT:CULT_PCS_NWE(1.0),26/02/16 23:00:00,A,LT1M,ED5_6,PC,LU,2011-01-01,2.1,u,
ESTAT:CULT_PCS_NWE(1.0),26/02/16 23:00:00,A,LT1M,ED5_6,PC,LV,2011-01-01,1.7,u,
ESTAT:CULT_PCS_NWE(1.0),26/02/16 23:00:00,A,LT1M,ED5_6,PC,MT,2011-01-01,,u,
ESTAT:CULT_PCS_NWE(1.0),26/02/16 23:00:00,A,LT1M,ED5_6,PC,PL,2011-01-01,1.8,,
ESTAT:CULT_PCS_NWE(1.0),26/02/16 23:00:00,A,LT1M,ED5_6,PC,PT,2011-01-01,,u,
ESTAT:CULT_PCS_NWE(1.0),26/02/16 23:00:00,A,LT1M,ED5_6,PC,RO,2011-01-01,2.1,u,
ESTAT:CULT_PCS_NWE(1.0),26/02/16 23:00:00,A,LT1M,ED5_6,PC,RS,2011-01-01,2.0,u,
ESTAT:CULT_PCS_NWE(1.0),26/02/16 23:00:00,A,LT1M,ED5_6,PC,SI,2011-01-01,,u,
ESTAT:CULT_PCS_NWE(1.0),26/02/16 23:00:00,A,LT1M,ED5_6,PC,SK,2011-01-01,,u,
ESTAT:CULT_PCS_NWE(1.0),26/02/16 23:00:00,A,LT1M,ED5_6,PC,TR,2011-01-01,1.0,u,
ESTAT:CULT_PCS_NWE(1.0),26/02/16 23:00:00,A,LT1M,ED5_6,PC,UK,2011-01-01,7.2,,
ESTAT:CULT_PCS_NWE(1.0),26/02/16 23:00:00,A,LT1M,TOTAL,PC,AT,2011-01-01,1.3,,
ESTAT:CULT_PCS_NWE(1.0),26/02/16 23:00:00,A,LT1M,TOTAL,PC,BG,2011-01-01,4.3,,
ESTAT:CULT_PCS_NWE(1.0),26/02/16 23:00:00,A,LT1M,TOTAL,PC,CY,2011-01-01,6.8,,
ESTAT:CULT_PCS_NWE(1.0),26/02/16 23:00:00,A,LT1M,TOTAL,PC,CZ,2011-01-01,2.2,,
ESTAT:CULT_PCS_NWE(1.0),26/02/16 23:00:00,A,LT1M,TOTAL,PC,DE,2011-01-01,0.7,u,
ESTAT:CULT_PCS_NWE(1.0),26/02/16 23:00:00,A,LT1M,TOTAL,PC,EE,2011-01-01,1.1,u,
ESTAT:CULT_PCS_NWE(1.0),26/02/16 23:00:00,A,LT1M,TOTAL,PC,EL,2011-01-01,9.7,,
ESTAT:CULT_PCS_NWE(1.0),26/02/16 23:00:00,A,LT1M,TOTAL,PC,ES,2011-01-01,3.6,,
ESTAT:CULT_PCS_NWE(1.0),26/02/16 23:00:00,A,LT1M,TOTAL,PC,FI,2011-01-01,,u,
ESTAT:CULT_PCS_NWE(1.0),26/02/16 23:00:00,A,LT1M,TOTAL,PC,HU,2011-01-01,3.2,,
ESTAT:CULT_PCS_NWE(1.0),26/02/16 23:00:00,A,LT1M,TOTAL,PC,IT,2011-01-01,4.2,,
ESTAT:CULT_PCS_NWE(1.0),26/02/16 23:00:00,A,LT1M,TOTAL,PC,LT,2011-01-01,1.4,,
ESTAT:CULT_PCS_NWE(1.0),26/02/16 23:00:00,A,LT1M,TOTAL,PC,LU,2011-01-01,1.8,,
ESTAT:CULT_PCS_NWE(1.0),26/02/16 23:00:00,A,LT1M,TOTAL,PC,LV,2011-01-01,3.3,,
ESTAT:CULT_PCS_NWE(1.0),26/02/16 23:00:00,A,LT1M,TOTAL,PC,MT,2011-01-01,5.0,,
ESTAT:CULT_PCS_NWE(1.0),26/02/16 23:00:00,A,LT1M,TOTAL,PC,PL,2011-01-01,4.3,,
ESTAT:CULT_PCS_NWE(1.0),26/02/16 23:00:00,A,LT1M,TOTAL,PC,PT,2011-01-01,4.6,,
ESTAT:CULT_PCS_NWE(1.0),26/02/16 23:00:00,A,LT1M,TOTAL,PC,RO,2011-01-01,9.7,,
ESTAT:CULT_PCS_NWE(1.0),26/02/16 23:00:00,A,LT1M,TOTAL,PC,RS,2011-01-01,3.5,,
ESTAT:CULT_PCS_NWE(1.0),26/02/16 23:00:00,A,LT1M,TOTAL,PC,SI,2011-01-01,1.9,,
ESTAT:CULT_PCS_NWE(1.0),26/02/16 23:00:00,A,LT1M,TOTAL,PC,SK,2011-01-01,1.8,,
ESTAT:CULT_PCS_NWE(1.0),26/02/16 23:00:00,A,LT1M,TOTAL,PC,TR,2011-01-01,5.3,,
ESTAT:CULT_PCS_NWE(1.0),26/02/16 23:00:00,A,LT1M,TOTAL,PC,UK,2011-01-01,6.1,,
ESTAT:CULT_PCS_NWE(1.0),26/02/16 23:00:00,A,NRP,ED0-2,PC,AT,2011-01-01,,u,
ESTAT:CULT_PCS_NWE(1.0),26/02/16 23:00:00,A,NRP,ED0-2,PC,BG,2011-01-01,,u,
ESTAT:CULT_PCS_NWE(1.0),26/02/16 23:00:00,A,NRP,ED0-2,PC,DE,2011-01-01,,u,
ESTAT:CULT_PCS_NWE(1.0),26/02/16 23:00:00,A,NRP,ED0-2,PC,EE,2011-01-01,,u,
ESTAT:CULT_PCS_NWE(1.0),26/02/16 23:00:00,A,NRP,ED0-2,PC,EL,2011-01-01,1.3,u,
ESTAT:CULT_PCS_NWE(1.0),26/02/16 23:00:00,A,NRP,ED0-2,PC,ES,2011-01-01,0.4,u,
ESTAT:CULT_PCS_NWE(1.0),26/02/16 23:00:00,A,NRP,ED0-2,PC,IT,2011-01-01,,u,
ESTAT:CULT_PCS_NWE(1.0),26/02/16 23:00:00,A,NRP,ED0-2,PC,LU,2011-01-01,,u,
ESTAT:CULT_PCS_NWE(1.0),26/02/16 23:00:00,A,NRP,ED0-2,PC,PL,2011-01-01,,u,
ESTAT:CULT_PCS_NWE(1.0),26/02/16 23:00:00,A,NRP,ED0-2,PC,RO,2011-01-01,,u,
ESTAT:CULT_PCS_NWE(1.0),26/02/16 23:00:00,A,NRP,ED0-2,PC,RS,2011-01-01,2.5,u,
ESTAT:CULT_PCS_NWE(1.0),26/02/16 23:00:00,A,NRP,ED3_4,PC,AT,2011-01-01,,u,
ESTAT:CULT_PCS_NWE(1.0),26/02/16 23:00:00,A,NRP,ED3_4,PC,BG,2011-01-01,,u,
ESTAT:CULT_PCS_NWE(1.0),26/02/16 23:00:00,A,NRP,ED3_4,PC,DE,2011-01-01,,u,
ESTAT:CULT_PCS_NWE(1.0),26/02/16 23:00:00,A,NRP,ED3_4,PC,EE,2011-01-01,,u,
ESTAT:CULT_PCS_NWE(1.0),26/02/16 23:00:00,A,NRP,ED3_4,PC,EL,2011-01-01,0.8,u,
ESTAT:CULT_PCS_NWE(1.0),26/02/16 23:00:00,A,NRP,ED3_4,PC,ES,2011-01-01,,u,
ESTAT:CULT_PCS_NWE(1.0),26/02/16 23:00:00,A,NRP,ED3_4,PC,FI,2011-01-01,,u,
ESTAT:CULT_PCS_NWE(1.0),26/02/16 23:00:00,A,NRP,ED3_4,PC,IT,2011-01-01,,u,
ESTAT:CULT_PCS_NWE(1.0),26/02/16 23:00:00,A,NRP,ED3_4,PC,PL,2011-01-01,,u,
ESTAT:CULT_PCS_NWE(1.0),26/02/16 23:00:00,A,NRP,ED3_4,PC,RO,2011-01-01,0.9,u,
ESTAT:CULT_PCS_NWE(1.0),26/02/16 23:00:00,A,NRP,ED3_4,PC,RS,2011-01-01,,u,
ESTAT:CULT_PCS_NWE(1.0),26/02/16 23:00:00,A,NRP,ED3_4,PC,UK,2011-01-01,,u,
ESTAT:CULT_PCS_NWE(1.0),26/02/16 23:00:00,A,NRP,ED5_6,PC,BG,2011-01-01,,u,
ESTAT:CULT_PCS_NWE(1.0),26/02/16 23:00:00,A,NRP,ED5_6,PC,DE,2011-01-01,,u,
ESTAT:CULT_PCS_NWE(1.0),26/02/16 23:00:00,A,NRP,ED5_6,PC,EL,2011-01-01,,u,
ESTAT:CULT_PCS_NWE(1.0),26/02/16 23:00:00,A,NRP,ED5_6,PC,ES,2011-01-01,,u,
ESTAT:CULT_PCS_NWE(1.0),26/02/16 23:00:00,A,NRP,ED5_6,PC,FI,2011-01-01,,u,
ESTAT:CULT_PCS_NWE(1.0),26/02/16 23:00:00,A,NRP,ED5_6,PC,IT,2011-01-01,,u,
ESTAT:CULT_PCS_NWE(1.0),26/02/16 23:00:00,A,NRP,ED5_6,PC,PL,2011-01-01,,u,
ESTAT:CULT_PCS_NWE(1.0),26/02/16 23:00:00,A,NRP,ED5_6,PC,RO,2011-01-01,,u,
ESTAT:CULT_PCS_NWE(1.0),26/02/16 23:00:00,A,NRP,ED5_6,PC,RS,2011-01-01,,u,
ESTAT:CULT_PCS_NWE(1.0),26/02/16 23:00:00,A,NRP,ED5_6,PC,UK,2011-01-01,,u,
ESTAT:CULT_PCS_NWE(1.0),26/02/16 23:00:00,A,NRP,TOTAL,PC,AT,2011-01-01,,u,
ESTAT:CULT_PCS_NWE(1.0),26/02/16 23:00:00,A,NRP,TOTAL,PC,BG,2011-01-01,0.7,u,
ESTAT:CULT_PCS_NWE(1.0),26/02/16 23:00:00,A,NRP,TOTAL,PC,DE,2011-01-01,,u,
ESTAT:CULT_PCS_NWE(1.0),26/02/16 23:00:00,A,NRP,TOTAL,PC,EE,2011-01-01,,u,
ESTAT:CULT_PCS_NWE(1.0),26/02/16 23:00:00,A,NRP,TOTAL,PC,EL,2011-01-01,1.2,,
ESTAT:CULT_PCS_NWE(1.0),26/02/16 23:00:00,A,NRP,TOTAL,PC,ES,2011-01-01,0.2,u,
ESTAT:CULT_PCS_NWE(1.0),26/02/16 23:00:00,A,NRP,TOTAL,PC,FI,2011-01-01,,u,
ESTAT:CULT_PCS_NWE(1.0),26/02/16 23:00:00,A,NRP,TOTAL,PC,IT,2011-01-01,,u,
ESTAT:CULT_PCS_NWE(1.0),26/02/16 23:00:00,A,NRP,TOTAL,PC,LU,2011-01-01,,u,
ESTAT:CULT_PCS_NWE(1.0),26/02/16 23:00:00,A,NRP,TOTAL,PC,PL,2011-01-01,,u,
ESTAT:CULT_PCS_NWE(1.0),26/02/16 23:00:00,A,NRP,TOTAL,PC,RO,2011-01-01,0.7,,
ESTAT:CULT_PCS_NWE(1.0),26/02/16 23:00:00,A,NRP,TOTAL,PC,RS,2011-01-01,0.8,,
ESTAT:CULT_PCS_NWE(1.0),26/02/16 23:00:00,A,NRP,TOTAL,PC,UK,2011-01-01,,u,
ESTAT:CULT_PCS_NWE(1.0),26/02/16 23:00:00,A,NVR,ED0-2,PC,AT,2011-01-01,5.3,u,
ESTAT:CULT_PCS_NWE(1.0),26/02/16 23:00:00,A,NVR,ED0-2,PC,BG,2011-01-01,38.1,,
ESTAT:CULT_PCS_NWE(1.0),26/02/16 23:00:00,A,NVR,ED0-2,PC,CY,2011-01-01,29.6,,
ESTAT:CULT_PCS_NWE(1.0),26/02/16 23:00:00,A,NVR,ED0-2,PC,CZ,2011-01-01,7.6,u,
ESTAT:CULT_PCS_NWE(1.0),26/02/16 23:00:00,A,NVR,ED0-2,PC,DE,2011-01-01,14.1,,
ESTAT:CULT_PCS_NWE(1.0),26/02/16 23:00:00,A,NVR,ED0-2,PC,EE,2011-01-01,,u,
ESTAT:CULT_PCS_NWE(1.0),26/02/16 23:00:00,A,NVR,ED0-2,PC,EL,2011-01-01,38.0,,
ESTAT:CULT_PCS_NWE(1.0),26/02/16 23:00:00,A,NVR,ED0-2,PC,ES,2011-01-01,24.3,,
ESTAT:CULT_PCS_NWE(1.0),26/02/16 23:00:00,A,NVR,ED0-2,PC,FI,2011-01-01,,u,
ESTAT:CULT_PCS_NWE(1.0),26/02/16 23:00:00,A,NVR,ED0-2,PC,HU,2011-01-01,8.2,,
ESTAT:CULT_PCS_NWE(1.0),26/02/16 23:00:00,A,NVR,ED0-2,PC,IT,2011-01-01,24.7,,
ESTAT:CULT_PCS_NWE(1.0),26/02/16 23:00:00,A,NVR,ED0-2,PC,LT,2011-01-01,10.2,u,
ESTAT:CULT_PCS_NWE(1.0),26/02/16 23:00:00,A,NVR,ED0-2,PC,LU,2011-01-01,,u,
ESTAT:CULT_PCS_NWE(1.0),26/02/16 23:00:00,A,NVR,ED0-2,PC,LV,2011-01-01,6.8,u,
ESTAT:CULT_PCS_NWE(1.0),26/02/16 23:00:00,A,NVR,ED0-2,PC,MT,2011-01-01,30.8,,
ESTAT:CULT_PCS_NWE(1.0),26/02/16 23:00:00,A,NVR,ED0-2,PC,PL,2011-01-01,9.9,,
ESTAT:CULT_PCS_NWE(1.0),26/02/16 23:00:00,A,NVR,ED0-2,PC,PT,2011-01-01,10.1,,
ESTAT:CULT_PCS_NWE(1.0),26/02/16 23:00:00,A,NVR,ED0-2,PC,RO,2011-01-01,41.4,,
ESTAT:CULT_PCS_NWE(1.0),26/02/16 23:00:00,A,NVR,ED0-2,PC,RS,2011-01-01,14.1,,
ESTAT:CULT_PCS_NWE(1.0),26/02/16 23:00:00,A,NVR,ED0-2,PC,SI,2011-01-01,25.4,,
ESTAT:CULT_PCS_NWE(1.0),26/02/16 23:00:00,A,NVR,ED0-2,PC,SK,2011-01-01,,u,
ESTAT:CULT_PCS_NWE(1.0),26/02/16 23:00:00,A,NVR,ED0-2,PC,TR,2011-01-01,42.7,,
ESTAT:CULT_PCS_NWE(1.0),26/02/16 23:00:00,A,NVR,ED0-2,PC,UK,2011-01-01,18.0,,
ESTAT:CULT_PCS_NWE(1.0),26/02/16 23:00:00,A,NVR,ED3_4,PC,AT,2011-01-01,1.9,,
ESTAT:CULT_PCS_NWE(1.0),26/02/16 23:00:00,A,NVR,ED3_4,PC,BG,2011-01-01,6.6,,
ESTAT:CULT_PCS_NWE(1.0),26/02/16 23:00:00,A,NVR,ED3_4,PC,CY,2011-01-01,11.8,,
ESTAT:CULT_PCS_NWE(1.0),26/02/16 23:00:00,A,NVR,ED3_4,PC,CZ,2011-01-01,2.6,,
ESTAT:CULT_PCS_NWE(1.0),26/02/16 23:00:00,A,NVR,ED3_4,PC,DE,2011-01-01,6.5,,
ESTAT:CULT_PCS_NWE(1.0),26/02/16 23:00:00,A,NVR,ED3_4,PC,EE,2011-01-01,3.1,u,
ESTAT:CULT_PCS_NWE(1.0),26/02/16 23:00:00,A,NVR,ED3_4,PC,EL,2011-01-01,20.9,,
ESTAT:CULT_PCS_NWE(1.0),26/02/16 23:00:00,A,NVR,ED3_4,PC,ES,2011-01-01,11.0,,
ESTAT:CULT_PCS_NWE(1.0),26/02/16 23:00:00,A,NVR,ED3_4,PC,FI,2011-01-01,,u,
ESTAT:CULT_PCS_NWE(1.0),26/02/16 23:00:00,A,NVR,ED3_4,PC,HU,2011-01-01,3.4,,
ESTAT:CULT_PCS_NWE(1.0),26/02/16 23:00:00,A,NVR,ED3_4,PC,IT,2011-01-01,12.1,,
ESTAT:CULT_PCS_NWE(1.0),26/02/16 23:00:00,A,NVR,ED3_4,PC,LT,2011-01-01,3.4,,
ESTAT:CULT_PCS_NWE(1.0),26/02/16 23:00:00,A,NVR,ED3_4,PC,LU,2011-01-01,,u,
ESTAT:CULT_PCS_NWE(1.0),26/02/16 23:00:00,A,NVR,ED3_4,PC,LV,2011-01-01,2.6,,
ESTAT:CULT_PCS_NWE(1.0),26/02/16 23:00:00,A,NVR,ED3_4,PC,MT,2011-01-01,7.4,u,
ESTAT:CULT_PCS_NWE(1.0),26/02/16 23:00:00,A,NVR,ED3_4,PC,PL,2011-01-01,3.7,,
ESTAT:CULT_PCS_NWE(1.0),26/02/16 23:00:00,A,NVR,ED3_4,PC,PT,2011-01-01,1.5,u,
ESTAT:CULT_PCS_NWE(1.0),26/02/16 23:00:00,A,NVR,ED3_4,PC,RO,2011-01-01,13.3,,
ESTAT:CULT_PCS_NWE(1.0),26/02/16 23:00:00,A,NVR,ED3_4,PC,RS,2011-01-01,4.7,,
ESTAT:CULT_PCS_NWE(1.0),26/02/16 23:00:00,A,NVR,ED3_4,PC,SI,2011-01-01,12.2,,
ESTAT:CULT_PCS_NWE(1.0),26/02/16 23:00:00,A,NVR,ED3_4,PC,SK,2011-01-01,0.7,u,
ESTAT:CULT_PCS_NWE(1.0),26/02/16 23:00:00,A,NVR,ED3_4,PC,TR,2011-01-01,10.1,,
ESTAT:CULT_PCS_NWE(1.0),26/02/16 23:00:00,A,NVR,ED3_4,PC,UK,2011-01-01,11.8,,
ESTAT:CULT_PCS_NWE(1.0),26/02/16 23:00:00,A,NVR,ED5_6,PC,AT,2011-01-01,,u,
ESTAT:CULT_PCS_NWE(1.0),26/02/16 23:00:00,A,NVR,ED5_6,PC,BG,2011-01-01,3.0,u,
ESTAT:CULT_PCS_NWE(1.0),26/02/16 23:00:00,A,NVR,ED5_6,PC,CY,2011-01-01,7.7,,
ESTAT:CULT_PCS_NWE(1.0),26/02/16 23:00:00,A,NVR,ED5_6,PC,CZ,2011-01-01,1.6,u,
ESTAT:CULT_PCS_NWE(1.0),26/02/16 23:00:00,A,NVR,ED5_6,PC,DE,2011-01-01,4.1,,
ESTAT:CULT_PCS_NWE(1.0),26/02/16 23:00:00,A,NVR,ED5_6,PC,EE,2011-01-01,,u,
ESTAT:CULT_PCS_NWE(1.0),26/02/16 23:00:00,A,NVR,ED5_6,PC,EL,2011-01-01,6.4,,
ESTAT:CULT_PCS_NWE(1.0),26/02/16 23:00:00,A,NVR,ED5_6,PC,ES,2011-01-01,7.0,,
ESTAT:CULT_PCS_NWE(1.0),26/02/16 23:00:00,A,NVR,ED5_6,PC,FI,2011-01-01,,u,
ESTAT:CULT_PCS_NWE(1.0),26/02/16 23:00:00,A,NVR,ED5_6,PC,HU,2011-01-01,,u,
ESTAT:CULT_PCS_NWE(1.0),26/02/16 23:00:00,A,NVR,ED5_6,PC,IT,2011-01-01,6.5,,
ESTAT:CULT_PCS_NWE(1.0),26/02/16 23:00:00,A,NVR,ED5_6,PC,LT,2011-01-01,,u,
ESTAT:CULT_PCS_NWE(1.0),26/02/16 23:00:00,A,NVR,ED5_6,PC,LU,2011-01-01,,u,
ESTAT:CULT_PCS_NWE(1.0),26/02/16 23:00:00,A,NVR,ED5_6,PC,LV,2011-01-01,,u,
ESTAT:CULT_PCS_NWE(1.0),26/02/16 23:00:00,A,NVR,ED5_6,PC,MT,2011-01-01,4.1,u,
ESTAT:CULT_PCS_NWE(1.0),26/02/16 23:00:00,A,NVR,ED5_6,PC,PL,2011-01-01,1.0,u,
ESTAT:CULT_PCS_NWE(1.0),26/02/16 23:00:00,A,NVR,ED5_6,PC,PT,2011-01-01,,u,
ESTAT:CULT_PCS_NWE(1.0),26/02/16 23:00:00,A,NVR,ED5_6,PC,RO,2011-01-01,1.7,u,
ESTAT:CULT_PCS_NWE(1.0),26/02/16 23:00:00,A,NVR,ED5_6,PC,RS,2011-01-01,3.8,u,
ESTAT:CULT_PCS_NWE(1.0),26/02/16 23:00:00,A,NVR,ED5_6,PC,SI,2011-01-01,3.3,u,
ESTAT:CULT_PCS_NWE(1.0),26/02/16 23:00:00,A,NVR,ED5_6,PC,SK,2011-01-01,,u,
ESTAT:CULT_PCS_NWE(1.0),26/02/16 23:00:00,A,NVR,ED5_6,PC,TR,2011-01-01,3.1,,
ESTAT:CULT_PCS_NWE(1.0),26/02/16 23:00:00,A,NVR,ED5_6,PC,UK,2011-01-01,9.3,,
ESTAT:CULT_PCS_NWE(1.0),26/02/16 23:00:00,A,NVR,TOTAL,PC,AT,2011-01-01,2.2,,
ESTAT:CULT_PCS_NWE(1.0),26/02/16 23:00:00,A,NVR,TOTAL,PC,BG,2011-01-01,12.1,,
ESTAT:CULT_PCS_NWE(1.0),26/02/16 23:00:00,A,NVR,TOTAL,PC,CY,2011-01-01,14.3,,
ESTAT:CULT_PCS_NWE(1.0),26/02/16 23:00:00,A,NVR,TOTAL,PC,CZ,2011-01-01,2.9,,
ESTAT:CULT_PCS_NWE(1.0),26/02/16 23:00:00,A,NVR,TOTAL,PC,DE,2011-01-01,6.7,,
ESTAT:CULT_PCS_NWE(1.0),26/02/16 23:00:00,A,NVR,TOTAL,PC,EE,2011-01-01,2.8,,
ESTAT:CULT_PCS_NWE(1.0),26/02/16 23:00:00,A,NVR,TOTAL,PC,EL,2011-01-01,22.5,,
ESTAT:CULT_PCS_NWE(1.0),26/02/16 23:00:00,A,NVR,TOTAL,PC,ES,2011-01-01,15.7,,
ESTAT:CULT_PCS_NWE(1.0),26/02/16 23:00:00,A,NVR,TOTAL,PC,FI,2011-01-01,1.2,u,
ESTAT:CULT_PCS_NWE(1.0),26/02/16 23:00:00,A,NVR,TOTAL,PC,HU,2011-01-01,3.8,,
ESTAT:CULT_PCS_NWE(1.0),26/02/16 23:00:00,A,NVR,TOTAL,PC,IT,2011-01-01,16.9,,
ESTAT:CULT_PCS_NWE(1.0),26/02/16 23:00:00,A,NVR,TOTAL,PC,LT,2011-01-01,3.1,,
ESTAT:CULT_PCS_NWE(1.0),26/02/16 23:00:00,A,NVR,TOTAL,PC,LU,2011-01-01,,u,
ESTAT:CULT_PCS_NWE(1.0),26/02/16 23:00:00,A,NVR,TOTAL,PC,LV,2011-01-01,2.7,,
ESTAT:CULT_PCS_NWE(1.0),26/02/16 23:00:00,A,NVR,TOTAL,PC,MT,2011-01-01,22.6,,
ESTAT:CULT_PCS_NWE(1.0),26/02/16 23:00:00,A,NVR,TOTAL,PC,PL,2011-01-01,3.7,,
ESTAT:CULT_PCS_NWE(1.0),26/02/16 23:00:00,A,NVR,TOTAL,PC,PT,2011-01-01,7.0,,
ESTAT:CULT_PCS_NWE(1.0),26/02/16 23:00:00,A,NVR,TOTAL,PC,RO,2011-01-01,18.3,,
ESTAT:CULT_PCS_NWE(1.0),26/02/16 23:00:00,A,NVR,TOTAL,PC,RS,2011-01-01,6.1,,
ESTAT:CULT_PCS_NWE(1.0),26/02/16 23:00:00,A,NVR,TOTAL,PC,SI,2011-01-01,13.1,,
ESTAT:CULT_PCS_NWE(1.0),26/02/16 23:00:00,A,NVR,TOTAL,PC,SK,2011-01-01,0.8,u,
ESTAT:CULT_PCS_NWE(1.0),26/02/16 23:00:00,A,NVR,TOTAL,PC,TR,2011-01-01,31.8,,
ESTAT:CULT_PCS_NWE(1.0),26/02/16 23:00:00,A,NVR,TOTAL,PC,UK,2011-01-01,11.8,,
