DATAFLOW,LAST UPDATE,freq,tra_infr,unit,geo,TIME_PERIOD,OBS_VALUE,OBS_FLAG,CONF_STATUS
ESTAT:SDG_11_40(1.0),13/01/26 11:00:00,A,TOTAL,NR,AT,2010-01-01,552,,
ESTAT:SDG_11_40(1.0),13/01/26 11:00:00,A,TOTAL,NR,BE,2010-01-01,850,,
ESTAT:SDG_11_40(1.0),13/01/26 11:00:00,A,TOTAL,NR,BG,2010-01-01,776,,
ESTAT:SDG_11_40(1.0),13/01/26 11:00:00,A,TOTAL,NR,CH,2010-01-01,327,,
ESTAT:SDG_11_40(1.0),13/01/26 11:00:00,A,TOTAL,NR,CY,2010-01-01,60,,
ESTAT:SDG_11_40(1.0),13/01/26 11:00:00,A,TOTAL,NR,CZ,2010-01-01,802,,
ESTAT:SDG_11_40(1.0),13/01/26 11:00:00,A,TOTAL,NR,DE,2010-01-01,3648,,
ESTAT:SDG_11_40(1.0),13/01/26 11:00:00,A,TOTAL,NR,DK,2010-01-01,255,,
ESTAT:SDG_11_40(1.0),13/01/26 11:00:00,A,TOTAL,NR,EE,2010-01-01,79,,
ESTAT:SDG_11_40(1.0),13/01/26 11:00:00,A,TOTAL,NR,EL,2010-01-01,1258,,
ESTAT:SDG_11_40(1.0),13/01/26 11:00:00,A,TOTAL,NR,ES,2010-01-01,2479,,
ESTAT:SDG_11_40(1.0),13/01/26 11:00:00,A,TOTAL,NR,EU27_2020,2010-01-01,29611,,
ESTAT:SDG_11_40(1.0),13/01/26 11:00:00,A,TOTAL,NR,FI,2010-01-01,272,,
ESTAT:SDG_11_40(1.0),13/01/26 11:00:00,A,TOTAL,NR,FR,2010-01-01,3992,,
ESTAT:SDG_11_40(1.0),13/01/26 11:00:00,A,TOTAL,NR,HR,2010-01-01,426,,
ESTAT:SDG_11_40(1.0),13/01/26 11:00:00,A,TOTAL,NR,HU,2010-01-01,740,,
ESTAT:SDG_11_40(1.0),13/01/26 11:00:00,A,TOTAL,NR,IE,2010-01-01,212,,
ESTAT:SDG_11_40(1.0),13/01/26 11:00:00,A,TOTAL,NR,IS,2010-01-01,8,,
ESTAT:SDG_11_40(1.0),13/01/26 11:00:00,A,TOTAL,NR,IT,2010-01-01,4114,,
ESTAT:SDG_11_40(1.0),13/01/26 11:00:00,A,TOTAL,NR,LI,2010-01-01,0,,
ESTAT:SDG_11_40(1.0),13/01/26 11:00:00,A,TOTAL,NR,LT,2010-01-01,299,,
ESTAT:SDG_11_40(1.0),13/01/26 11:00:00,A,TOTAL,NR,LU,2010-01-01,32,,
ESTAT:SDG_11_40(1.0),13/01/26 11:00:00,A,TOTAL,NR,LV,2010-01-01,218,,
ESTAT:SDG_11_40(1.0),13/01/26 11:00:00,A,TOTAL,NR,MT,2010-01-01,13,,
ESTAT:SDG_11_40(1.0),13/01/26 11:00:00,A,TOTAL,NR,NL,2010-01-01,537,,
ESTAT:SDG_11_40(1.0),13/01/26 11:00:00,A,TOTAL,NR,NO,2010-01-01,208,,
ESTAT:SDG_11_40(1.0),13/01/26 11:00:00,A,TOTAL,NR,PL,2010-01-01,3908,,
ESTAT:SDG_11_40(1.0),13/01/26 11:00:00,A,TOTAL,NR,PT,2010-01-01,937,,
ESTAT:SDG_11_40(1.0),13/01/26 11:00:00,A,TOTAL,NR,RO,2010-01-01,2377,,
ESTAT:SDG_11_40(1.0),13/01/26 11:00:00,A,TOTAL,NR,SE,2010-01-01,266,,
ESTAT:SDG_11_40(1.0),13/01/26 11:00:00,A,TOTAL,NR,SI,2010-01-01,138,,
ESTAT:SDG_11_40(1.0),13/01/26 11:00:00,A,TOTAL,NR,SK,2010-01-01,371,,
ESTAT:SDG_11_40(1.0),13/01/26 11:00:00,A,TOTAL,NR,UK,2010-01-01,1905,,
ESTAT:SDG_11_40(1.0),13/01/26 11:00:00,A,TOTAL,NR,AT,2011-01-01,523,,
ESTAT:SDG_11_40(1.0),13/01/26 11:00:00,A,TOTAL,NR,BE,2011-01-01,884,,
ESTAT:SDG_11_40(1.0),13/01/26 11:00:00,A,TOTAL,NR,BG,2011-01-01,656,,
ESTAT:SDG_11_40(1.0),13/01/26 11:00:00,A,TOTAL,NR,CH,2011-01-01,320,,
ESTAT:SDG_11_40(1.0),13/01/26 11:00:00,A,TOTAL,NR,CY,2011-01-01,71,,
ESTAT:SDG_11_40(1.0),13/01/26 11:00:00,A,TOTAL,NR,CZ,2011-01-01,773,,
ESTAT:SDG_11_40(1.0),13/01/26 11:00:00,A,TOTAL,NR,DE,2011-01-01,4009,,
ESTAT:SDG_11_40(1.0),13/01/26 11:00:00,A,TOTAL,NR,DK,2011-01-01,220,,
ESTAT:SDG_11_40(1.0),13/01/26 11:00:00,A,TOTAL,NR,EE,2011-01-01,101,,
ESTAT:SDG_11_40(1.0),13/01/26 11:00:00,A,TOTAL,NR,EL,2011-01-01,1141,,
ESTAT:SDG_11_40(1.0),13/01/26 11:00:00,A,TOTAL,NR,ES,2011-01-01,2060,,
ESTAT:SDG_11_40(1.0),13/01/26 11:00:00,A,TOTAL,NR,EU27_2020,2011-01-01,28748,,
ESTAT:SDG_11_40(1.0),13/01/26 11:00:00,A,TOTAL,NR,FI,2011-01-01,292,,
ESTAT:SDG_11_40(1.0),13/01/26 11:00:00,A,TOTAL,NR,FR,2011-01-01,3963,,
ESTAT:SDG_11_40(1.0),13/01/26 11:00:00,A,TOTAL,NR,HR,2011-01-01,418,,
ESTAT:SDG_11_40(1.0),13/01/26 11:00:00,A,TOTAL,NR,HU,2011-01-01,638,,
ESTAT:SDG_11_40(1.0),13/01/26 11:00:00,A,TOTAL,NR,IE,2011-01-01,186,,
ESTAT:SDG_11_40(1.0),13/01/26 11:00:00,A,TOTAL,NR,IS,2011-01-01,12,,
ESTAT:SDG_11_40(1.0),13/01/26 11:00:00,A,TOTAL,NR,IT,2011-01-01,3860,,
ESTAT:SDG_11_40(1.0),13/01/26 11:00:00,A,TOTAL,NR,LI,2011-01-01,2,,
ESTAT:SDG_11_40(1.0),13/01/26 11:00:00,A,TOTAL,NR,LT,2011-01-01,296,,
ESTAT:SDG_11_40(1.0),13/01/26 11:00:00,A,TOTAL,NR,LU,2011-01-01,33,,
ESTAT:SDG_11_40(1.0),13/01/26 11:00:00,A,TOTAL,NR,LV,2011-01-01,179,,
ESTAT:SDG_11_40(1.0),13/01/26 11:00:00,A,TOTAL,NR,MT,2011-01-01,16,,
ESTAT:SDG_11_40(1.0),13/01/26 11:00:00,A,TOTAL,NR,NL,2011-01-01,546,,
ESTAT:SDG_11_40(1.0),13/01/26 11:00:00,A,TOTAL,NR,NO,2011-01-01,168,,
ESTAT:SDG_11_40(1.0),13/01/26 11:00:00,A,TOTAL,NR,PL,2011-01-01,4189,,
ESTAT:SDG_11_40(1.0),13/01/26 11:00:00,A,TOTAL,NR,PT,2011-01-01,891,,
ESTAT:SDG_11_40(1.0),13/01/26 11:00:00,A,TOTAL,NR,RO,2011-01-01,2018,,
ESTAT:SDG_11_40(1.0),13/01/26 11:00:00,A,TOTAL,NR,SE,2011-01-01,319,,
ESTAT:SDG_11_40(1.0),13/01/26 11:00:00,A,TOTAL,NR,SI,2011-01-01,141,,
ESTAT:SDG_11_40(1.0),13/01/26 11:00:00,A,TOTAL,NR,SK,2011-01-01,325,,
ESTAT:SDG_11_40(1.0),13/01/26 11:00:00,A,TOTAL,NR,UK,2011-01-01,1960,,
ESTAT:SDG_11_40(1.0),13/01/26 11:00:00,A,TOTAL,NR,AT,2012-01-01,531,,
ESTAT:SDG_11_40(1.0),13/01/26 11:00:00,A,TOTAL,NR,BE,2012-01-01,827,,
ESTAT:SDG_11_40(1.0),13/01/26 11:00:00,A,TOTAL,NR,BG,2012-01-01,601,,
ESTAT:SDG_11_40(1.0),13/01/26 11:00:00,A,TOTAL,NR,CH,2012-01-01,339,,
ESTAT:SDG_11_40(1.0),13/01/26 11:00:00,A,TOTAL,NR,CY,2012-01-01,51,,
ESTAT:SDG_11_40(1.0),13/01/26 11:00:00,A,TOTAL,NR,CZ,2012-01-01,742,,
ESTAT:SDG_11_40(1.0),13/01/26 11:00:00,A,TOTAL,NR,DE,2012-01-01,3600,,
ESTAT:SDG_11_40(1.0),13/01/26 11:00:00,A,TOTAL,NR,DK,2012-01-01,167,,
ESTAT:SDG_11_40(1.0),13/01/26 11:00:00,A,TOTAL,NR,EE,2012-01-01,87,,
ESTAT:SDG_11_40(1.0),13/01/26 11:00:00,A,TOTAL,NR,EL,2012-01-01,988,,
ESTAT:SDG_11_40(1.0),13/01/26 11:00:00,A,TOTAL,NR,ES,2012-01-01,1902,,
ESTAT:SDG_11_40(1.0),13/01/26 11:00:00,A,TOTAL,NR,EU27_2020,2012-01-01,26500,,
ESTAT:SDG_11_40(1.0),13/01/26 11:00:00,A,TOTAL,NR,FI,2012-01-01,255,,
ESTAT:SDG_11_40(1.0),13/01/26 11:00:00,A,TOTAL,NR,FR,2012-01-01,3653,,
ESTAT:SDG_11_40(1.0),13/01/26 11:00:00,A,TOTAL,NR,HR,2012-01-01,393,,
ESTAT:SDG_11_40(1.0),13/01/26 11:00:00,A,TOTAL,NR,HU,2012-01-01,605,,
ESTAT:SDG_11_40(1.0),13/01/26 11:00:00,A,TOTAL,NR,IE,2012-01-01,163,,
ESTAT:SDG_11_40(1.0),13/01/26 11:00:00,A,TOTAL,NR,IS,2012-01-01,9,,
ESTAT:SDG_11_40(1.0),13/01/26 11:00:00,A,TOTAL,NR,IT,2012-01-01,3753,,
ESTAT:SDG_11_40(1.0),13/01/26 11:00:00,A,TOTAL,NR,LI,2012-01-01,1,,
ESTAT:SDG_11_40(1.0),13/01/26 11:00:00,A,TOTAL,NR,LT,2012-01-01,302,,
ESTAT:SDG_11_40(1.0),13/01/26 11:00:00,A,TOTAL,NR,LU,2012-01-01,34,,
ESTAT:SDG_11_40(1.0),13/01/26 11:00:00,A,TOTAL,NR,LV,2012-01-01,177,,
ESTAT:SDG_11_40(1.0),13/01/26 11:00:00,A,TOTAL,NR,MT,2012-01-01,9,,
ESTAT:SDG_11_40(1.0),13/01/26 11:00:00,A,TOTAL,NR,NL,2012-01-01,562,,
ESTAT:SDG_11_40(1.0),13/01/26 11:00:00,A,TOTAL,NR,NO,2012-01-01,145,,
ESTAT:SDG_11_40(1.0),13/01/26 11:00:00,A,TOTAL,NR,PL,2012-01-01,3571,,
ESTAT:SDG_11_40(1.0),13/01/26 11:00:00,A,TOTAL,NR,PT,2012-01-01,718,,
ESTAT:SDG_11_40(1.0),13/01/26 11:00:00,A,TOTAL,NR,RO,2012-01-01,2042,,
ESTAT:SDG_11_40(1.0),13/01/26 11:00:00,A,TOTAL,NR,SE,2012-01-01,285,,
ESTAT:SDG_11_40(1.0),13/01/26 11:00:00,A,TOTAL,NR,SI,2012-01-01,130,,
ESTAT:SDG_11_40(1.0),13/01/26 11:00:00,A,TOTAL,NR,SK,2012-01-01,352,,
ESTAT:SDG_11_40(1.0),13/01/26 11:00:00,A,TOTAL,NR,UK,2012-01-01,1802,,
ESTAT:SDG_11_40(1.0),13/01/26 11:00:00,A,TOTAL,NR,AT,2013-01-01,455,,
ESTAT:SDG_11_40(1.0),13/01/26 11:00:00,A,TOTAL,NR,BE,2013-01-01,764,,
ESTAT:SDG_11_40(1.0),13/01/26 11:00:00,A,TOTAL,NR,BG,2013-01-01,601,,
ESTAT:SDG_11_40(1.0),13/01/26 11:00:00,A,TOTAL,NR,CH,2013-01-01,269,,
ESTAT:SDG_11_40(1.0),13/01/26 11:00:00,A,TOTAL,NR,CY,2013-01-01,44,,
ESTAT:SDG_11_40(1.0),13/01/26 11:00:00,A,TOTAL,NR,CZ,2013-01-01,654,,
ESTAT:SDG_11_40(1.0),13/01/26 11:00:00,A,TOTAL,NR,DE,2013-01-01,3339,,
ESTAT:SDG_11_40(1.0),13/01/26 11:00:00,A,TOTAL,NR,DK,2013-01-01,191,,
ESTAT:SDG_11_40(1.0),13/01/26 11:00:00,A,TOTAL,NR,EE,2013-01-01,81,,
ESTAT:SDG_11_40(1.0),13/01/26 11:00:00,A,TOTAL,NR,EL,2013-01-01,879,,
ESTAT:SDG_11_40(1.0),13/01/26 11:00:00,A,TOTAL,NR,ES,2013-01-01,1680,,
ESTAT:SDG_11_40(1.0),13/01/26 11:00:00,A,TOTAL,NR,EU27_2020,2013-01-01,24226,,
ESTAT:SDG_11_40(1.0),13/01/26 11:00:00,A,TOTAL,NR,FI,2013-01-01,258,,
ESTAT:SDG_11_40(1.0),13/01/26 11:00:00,A,TOTAL,NR,FR,2013-01-01,3268,,
ESTAT:SDG_11_40(1.0),13/01/26 11:00:00,A,TOTAL,NR,HR,2013-01-01,368,,
ESTAT:SDG_11_40(1.0),13/01/26 11:00:00,A,TOTAL,NR,HU,2013-01-01,591,,
ESTAT:SDG_11_40(1.0),13/01/26 11:00:00,A,TOTAL,NR,IE,2013-01-01,188,,
ESTAT:SDG_11_40(1.0),13/01/26 11:00:00,A,TOTAL,NR,IS,2013-01-01,15,,
ESTAT:SDG_11_40(1.0),13/01/26 11:00:00,A,TOTAL,NR,IT,2013-01-01,3401,,
ESTAT:SDG_11_40(1.0),13/01/26 11:00:00,A,TOTAL,NR,LI,2013-01-01,2,,
ESTAT:SDG_11_40(1.0),13/01/26 11:00:00,A,TOTAL,NR,LT,2013-01-01,256,,
ESTAT:SDG_11_40(1.0),13/01/26 11:00:00,A,TOTAL,NR,LU,2013-01-01,45,,
ESTAT:SDG_11_40(1.0),13/01/26 11:00:00,A,TOTAL,NR,LV,2013-01-01,179,,
ESTAT:SDG_11_40(1.0),13/01/26 11:00:00,A,TOTAL,NR,MT,2013-01-01,17,,
ESTAT:SDG_11_40(1.0),13/01/26 11:00:00,A,TOTAL,NR,NL,2013-01-01,476,,
ESTAT:SDG_11_40(1.0),13/01/26 11:00:00,A,TOTAL,NR,NO,2013-01-01,187,,
ESTAT:SDG_11_40(1.0),13/01/26 11:00:00,A,TOTAL,NR,PL,2013-01-01,3357,,
ESTAT:SDG_11_40(1.0),13/01/26 11:00:00,A,TOTAL,NR,PT,2013-01-01,637,,
ESTAT:SDG_11_40(1.0),13/01/26 11:00:00,A,TOTAL,NR,RO,2013-01-01,1861,,
ESTAT:SDG_11_40(1.0),13/01/26 11:00:00,A,TOTAL,NR,SE,2013-01-01,260,,
ESTAT:SDG_11_40(1.0),13/01/26 11:00:00,A,TOTAL,NR,SI,2013-01-01,125,,
ESTAT:SDG_11_40(1.0),13/01/26 11:00:00,A,TOTAL,NR,SK,2013-01-01,251,,
ESTAT:SDG_11_40(1.0),13/01/26 11:00:00,A,TOTAL,NR,UK,2013-01-01,1770,,
ESTAT:SDG_11_40(1.0),13/01/26 11:00:00,A,TOTAL,NR,AT,2014-01-01,430,,
ESTAT:SDG_11_40(1.0),13/01/26 11:00:00,A,TOTAL,NR,BE,2014-01-01,745,,
ESTAT:SDG_11_40(1.0),13/01/26 11:00:00,A,TOTAL,NR,BG,2014-01-01,661,,
ESTAT:SDG_11_40(1.0),13/01/26 11:00:00,A,TOTAL,NR,CH,2014-01-01,243,,
ESTAT:SDG_11_40(1.0),13/01/26 11:00:00,A,TOTAL,NR,CY,2014-01-01,45,,
ESTAT:SDG_11_40(1.0),13/01/26 11:00:00,A,TOTAL,NR,CZ,2014-01-01,688,,
ESTAT:SDG_11_40(1.0),13/01/26 11:00:00,A,TOTAL,NR,DE,2014-01-01,3377,,
ESTAT:SDG_11_40(1.0),13/01/26 11:00:00,A,TOTAL,NR,DK,2014-01-01,182,,
ESTAT:SDG_11_40(1.0),13/01/26 11:00:00,A,TOTAL,NR,EE,2014-01-01,78,,
ESTAT:SDG_11_40(1.0),13/01/26 11:00:00,A,TOTAL,NR,EL,2014-01-01,795,,
ESTAT:SDG_11_40(1.0),13/01/26 11:00:00,A,TOTAL,NR,ES,2014-01-01,1688,,
ESTAT:SDG_11_40(1.0),13/01/26 11:00:00,A,TOTAL,NR,EU27_2020,2014-01-01,24136,,
ESTAT:SDG_11_40(1.0),13/01/26 11:00:00,A,TOTAL,NR,FI,2014-01-01,229,,
ESTAT:SDG_11_40(1.0),13/01/26 11:00:00,A,TOTAL,NR,FR,2014-01-01,3380,,
ESTAT:SDG_11_40(1.0),13/01/26 11:00:00,A,TOTAL,NR,HR,2014-01-01,308,,
ESTAT:SDG_11_40(1.0),13/01/26 11:00:00,A,TOTAL,NR,HU,2014-01-01,626,,
ESTAT:SDG_11_40(1.0),13/01/26 11:00:00,A,TOTAL,NR,IE,2014-01-01,192,,
ESTAT:SDG_11_40(1.0),13/01/26 11:00:00,A,TOTAL,NR,IS,2014-01-01,4,,
ESTAT:SDG_11_40(1.0),13/01/26 11:00:00,A,TOTAL,NR,IT,2014-01-01,3381,,
ESTAT:SDG_11_40(1.0),13/01/26 11:00:00,A,TOTAL,NR,LI,2014-01-01,3,,
ESTAT:SDG_11_40(1.0),13/01/26 11:00:00,A,TOTAL,NR,LT,2014-01-01,267,,
ESTAT:SDG_11_40(1.0),13/01/26 11:00:00,A,TOTAL,NR,LU,2014-01-01,35,,
ESTAT:SDG_11_40(1.0),13/01/26 11:00:00,A,TOTAL,NR,LV,2014-01-01,212,,
ESTAT:SDG_11_40(1.0),13/01/26 11:00:00,A,TOTAL,NR,MT,2014-01-01,10,,
ESTAT:SDG_11_40(1.0),13/01/26 11:00:00,A,TOTAL,NR,NL,2014-01-01,476,,
ESTAT:SDG_11_40(1.0),13/01/26 11:00:00,A,TOTAL,NR,NO,2014-01-01,147,,
ESTAT:SDG_11_40(1.0),13/01/26 11:00:00,A,TOTAL,NR,PL,2014-01-01,3202,,
ESTAT:SDG_11_40(1.0),13/01/26 11:00:00,A,TOTAL,NR,PT,2014-01-01,638,,
ESTAT:SDG_11_40(1.0),13/01/26 11:00:00,A,TOTAL,NR,RO,2014-01-01,1818,,
ESTAT:SDG_11_40(1.0),13/01/26 11:00:00,A,TOTAL,NR,SE,2014-01-01,270,,
ESTAT:SDG_11_40(1.0),13/01/26 11:00:00,A,TOTAL,NR,SI,2014-01-01,108,,
ESTAT:SDG_11_40(1.0),13/01/26 11:00:00,A,TOTAL,NR,SK,2014-01-01,295,,
ESTAT:SDG_11_40(1.0),13/01/26 11:00:00,A,TOTAL,NR,UK,2014-01-01,1854,,
ESTAT:SDG_11_40(1.0),13/01/26 11:00:00,A,TOTAL,NR,AT,2015-01-01,479,,
ESTAT:SDG_11_40(1.0),13/01/26 11:00:00,A,TOTAL,NR,BE,2015-01-01,762,,
ESTAT:SDG_11_40(1.0),13/01/26 11:00:00,A,TOTAL,NR,BG,2015-01-01,708,,
ESTAT:SDG_11_40(1.0),13/01/26 11:00:00,A,TOTAL,NR,CH,2015-01-01,253,,
ESTAT:SDG_11_40(1.0),13/01/26 11:00:00,A,TOTAL,NR,CY,2015-01-01,57,,
ESTAT:SDG_11_40(1.0),13/01/26 11:00:00,A,TOTAL,NR,CZ,2015-01-01,734,,
ESTAT:SDG_11_40(1.0),13/01/26 11:00:00,A,TOTAL,NR,DE,2015-01-01,3459,,
ESTAT:SDG_11_40(1.0),13/01/26 11:00:00,A,TOTAL,NR,DK,2015-01-01,178,,
ESTAT:SDG_11_40(1.0),13/01/26 11:00:00,A,TOTAL,NR,EE,2015-01-01,67,,
ESTAT:SDG_11_40(1.0),13/01/26 11:00:00,A,TOTAL,NR,EL,2015-01-01,793,,
ESTAT:SDG_11_40(1.0),13/01/26 11:00:00,A,TOTAL,NR,ES,2015-01-01,1689,,
ESTAT:SDG_11_40(1.0),13/01/26 11:00:00,A,TOTAL,NR,EU27_2020,2015-01-01,24358,,
ESTAT:SDG_11_40(1.0),13/01/26 11:00:00,A,TOTAL,NR,FI,2015-01-01,270,,
ESTAT:SDG_11_40(1.0),13/01/26 11:00:00,A,TOTAL,NR,FR,2015-01-01,3459,,
ESTAT:SDG_11_40(1.0),13/01/26 11:00:00,A,TOTAL,NR,HR,2015-01-01,348,,
ESTAT:SDG_11_40(1.0),13/01/26 11:00:00,A,TOTAL,NR,HU,2015-01-01,644,,
ESTAT:SDG_11_40(1.0),13/01/26 11:00:00,A,TOTAL,NR,IE,2015-01-01,162,,
ESTAT:SDG_11_40(1.0),13/01/26 11:00:00,A,TOTAL,NR,IS,2015-01-01,16,,
ESTAT:SDG_11_40(1.0),13/01/26 11:00:00,A,TOTAL,NR,IT,2015-01-01,3428,,
ESTAT:SDG_11_40(1.0),13/01/26 11:00:00,A,TOTAL,NR,LI,2015-01-01,2,,
ESTAT:SDG_11_40(1.0),13/01/26 11:00:00,A,TOTAL,NR,LT,2015-01-01,242,,
ESTAT:SDG_11_40(1.0),13/01/26 11:00:00,A,TOTAL,NR,LU,2015-01-01,36,,
ESTAT:SDG_11_40(1.0),13/01/26 11:00:00,A,TOTAL,NR,LV,2015-01-01,188,,
ESTAT:SDG_11_40(1.0),13/01/26 11:00:00,A,TOTAL,NR,MT,2015-01-01,11,,
ESTAT:SDG_11_40(1.0),13/01/26 11:00:00,A,TOTAL,NR,NL,2015-01-01,531,,
ESTAT:SDG_11_40(1.0),13/01/26 11:00:00,A,TOTAL,NR,NO,2015-01-01,117,,
ESTAT:SDG_11_40(1.0),13/01/26 11:00:00,A,TOTAL,NR,PL,2015-01-01,2938,,
ESTAT:SDG_11_40(1.0),13/01/26 11:00:00,A,TOTAL,NR,PT,2015-01-01,593,,
ESTAT:SDG_11_40(1.0),13/01/26 11:00:00,A,TOTAL,NR,RO,2015-01-01,1893,,
ESTAT:SDG_11_40(1.0),13/01/26 11:00:00,A,TOTAL,NR,SE,2015-01-01,259,,
ESTAT:SDG_11_40(1.0),13/01/26 11:00:00,A,TOTAL,NR,SI,2015-01-01,120,,
ESTAT:SDG_11_40(1.0),13/01/26 11:00:00,A,TOTAL,NR,SK,2015-01-01,310,,
ESTAT:SDG_11_40(1.0),13/01/26 11:00:00,A,TOTAL,NR,UK,2015-01-01,1804,,
ESTAT:SDG_11_40(1.0),13/01/26 11:00:00,A,TOTAL,NR,AT,2016-01-01,432,,
ESTAT:SDG_11_40(1.0),13/01/26 11:00:00,A,TOTAL,NR,BE,2016-01-01,670,,
ESTAT:SDG_11_40(1.0),13/01/26 11:00:00,A,TOTAL,NR,BG,2016-01-01,708,,
ESTAT:SDG_11_40(1.0),13/01/26 11:00:00,A,TOTAL,NR,CH,2016-01-01,216,,
ESTAT:SDG_11_40(1.0),13/01/26 11:00:00,A,TOTAL,NR,CY,2016-01-01,46,,
ESTAT:SDG_11_40(1.0),13/01/26 11:00:00,A,TOTAL,NR,CZ,2016-01-01,611,,
ESTAT:SDG_11_40(1.0),13/01/26 11:00:00,A,TOTAL,NR,DE,2016-01-01,3206,,
ESTAT:SDG_11_40(1.0),13/01/26 11:00:00,A,TOTAL,NR,DK,2016-01-01,211,,
ESTAT:SDG_11_40(1.0),13/01/26 11:00:00,A,TOTAL,NR,EE,2016-01-01,71,,
ESTAT:SDG_11_40(1.0),13/01/26 11:00:00,A,TOTAL,NR,EL,2016-01-01,824,,
ESTAT:SDG_11_40(1.0),13/01/26 11:00:00,A,TOTAL,NR,ES,2016-01-01,1810,,
ESTAT:SDG_11_40(1.0),13/01/26 11:00:00,A,TOTAL,NR,EU27_2020,2016-01-01,23808,,
ESTAT:SDG_11_40(1.0),13/01/26 11:00:00,A,TOTAL,NR,FI,2016-01-01,258,,
ESTAT:SDG_11_40(1.0),13/01/26 11:00:00,A,TOTAL,NR,FR,2016-01-01,3471,,
ESTAT:SDG_11_40(1.0),13/01/26 11:00:00,A,TOTAL,NR,HR,2016-01-01,307,,
ESTAT:SDG_11_40(1.0),13/01/26 11:00:00,A,TOTAL,NR,HU,2016-01-01,607,,
ESTAT:SDG_11_40(1.0),13/01/26 11:00:00,A,TOTAL,NR,IE,2016-01-01,182,,
ESTAT:SDG_11_40(1.0),13/01/26 11:00:00,A,TOTAL,NR,IS,2016-01-01,18,,
ESTAT:SDG_11_40(1.0),13/01/26 11:00:00,A,TOTAL,NR,IT,2016-01-01,3283,,
ESTAT:SDG_11_40(1.0),13/01/26 11:00:00,A,TOTAL,NR,LI,2016-01-01,0,,
ESTAT:SDG_11_40(1.0),13/01/26 11:00:00,A,TOTAL,NR,LT,2016-01-01,188,,
ESTAT:SDG_11_40(1.0),13/01/26 11:00:00,A,TOTAL,NR,LU,2016-01-01,32,,
ESTAT:SDG_11_40(1.0),13/01/26 11:00:00,A,TOTAL,NR,LV,2016-01-01,158,,
ESTAT:SDG_11_40(1.0),13/01/26 11:00:00,A,TOTAL,NR,MT,2016-01-01,23,,
ESTAT:SDG_11_40(1.0),13/01/26 11:00:00,A,TOTAL,NR,NL,2016-01-01,533,,
ESTAT:SDG_11_40(1.0),13/01/26 11:00:00,A,TOTAL,NR,NO,2016-01-01,135,,
ESTAT:SDG_11_40(1.0),13/01/26 11:00:00,A,TOTAL,NR,PL,2016-01-01,3026,,
ESTAT:SDG_11_40(1.0),13/01/26 11:00:00,A,TOTAL,NR,PT,2016-01-01,563,,
ESTAT:SDG_11_40(1.0),13/01/26 11:00:00,A,TOTAL,NR,RO,2016-01-01,1913,,
ESTAT:SDG_11_40(1.0),13/01/26 11:00:00,A,TOTAL,NR,SE,2016-01-01,270,,
ESTAT:SDG_11_40(1.0),13/01/26 11:00:00,A,TOTAL,NR,SI,2016-01-01,130,,
ESTAT:SDG_11_40(1.0),13/01/26 11:00:00,A,TOTAL,NR,SK,2016-01-01,275,,
ESTAT:SDG_11_40(1.0),13/01/26 11:00:00,A,TOTAL,NR,UK,2016-01-01,1860,,
ESTAT:SDG_11_40(1.0),13/01/26 11:00:00,A,TOTAL,NR,AT,2017-01-01,414,,
ESTAT:SDG_11_40(1.0),13/01/26 11:00:00,A,TOTAL,NR,BE,2017-01-01,609,,
ESTAT:SDG_11_40(1.0),13/01/26 11:00:00,A,TOTAL,NR,BG,2017-01-01,682,,
ESTAT:SDG_11_40(1.0),13/01/26 11:00:00,A,TOTAL,NR,CH,2017-01-01,230,,
ESTAT:SDG_11_40(1.0),13/01/26 11:00:00,A,TOTAL,NR,CY,2017-01-01,53,,
ESTAT:SDG_11_40(1.0),13/01/26 11:00:00,A,TOTAL,NR,CZ,2017-01-01,577,,
ESTAT:SDG_11_40(1.0),13/01/26 11:00:00,A,TOTAL,NR,DE,2017-01-01,3180,,
ESTAT:SDG_11_40(1.0),13/01/26 11:00:00,A,TOTAL,NR,DK,2017-01-01,175,,
ESTAT:SDG_11_40(1.0),13/01/26 11:00:00,A,TOTAL,NR,EE,2017-01-01,48,,
ESTAT:SDG_11_40(1.0),13/01/26 11:00:00,A,TOTAL,NR,EL,2017-01-01,731,,
ESTAT:SDG_11_40(1.0),13/01/26 11:00:00,A,TOTAL,NR,ES,2017-01-01,1830,,
ESTAT:SDG_11_40(1.0),13/01/26 11:00:00,A,TOTAL,NR,EU27_2020,2017-01-01,23392,,
ESTAT:SDG_11_40(1.0),13/01/26 11:00:00,A,TOTAL,NR,FI,2017-01-01,238,,
ESTAT:SDG_11_40(1.0),13/01/26 11:00:00,A,TOTAL,NR,FR,2017-01-01,3444,,
ESTAT:SDG_11_40(1.0),13/01/26 11:00:00,A,TOTAL,NR,HR,2017-01-01,331,,
ESTAT:SDG_11_40(1.0),13/01/26 11:00:00,A,TOTAL,NR,HU,2017-01-01,625,,
ESTAT:SDG_11_40(1.0),13/01/26 11:00:00,A,TOTAL,NR,IE,2017-01-01,154,,
ESTAT:SDG_11_40(1.0),13/01/26 11:00:00,A,TOTAL,NR,IS,2017-01-01,16,,
ESTAT:SDG_11_40(1.0),13/01/26 11:00:00,A,TOTAL,NR,IT,2017-01-01,3378,,
ESTAT:SDG_11_40(1.0),13/01/26 11:00:00,A,TOTAL,NR,LI,2017-01-01,2,,
ESTAT:SDG_11_40(1.0),13/01/26 11:00:00,A,TOTAL,NR,LT,2017-01-01,191,,
ESTAT:SDG_11_40(1.0),13/01/26 11:00:00,A,TOTAL,NR,LU,2017-01-01,25,,
ESTAT:SDG_11_40(1.0),13/01/26 11:00:00,A,TOTAL,NR,LV,2017-01-01,136,,
ESTAT:SDG_11_40(1.0),13/01/26 11:00:00,A,TOTAL,NR,MT,2017-01-01,19,,
ESTAT:SDG_11_40(1.0),13/01/26 11:00:00,A,TOTAL,NR,NL,2017-01-01,535,,
ESTAT:SDG_11_40(1.0),13/01/26 11:00:00,A,TOTAL,NR,NO,2017-01-01,106,,
ESTAT:SDG_11_40(1.0),13/01/26 11:00:00,A,TOTAL,NR,PL,2017-01-01,2831,,
ESTAT:SDG_11_40(1.0),13/01/26 11:00:00,A,TOTAL,NR,PT,2017-01-01,602,,
ESTAT:SDG_11_40(1.0),13/01/26 11:00:00,A,TOTAL,NR,RO,2017-01-01,1951,,
ESTAT:SDG_11_40(1.0),13/01/26 11:00:00,A,TOTAL,NR,SE,2017-01-01,253,,
ESTAT:SDG_11_40(1.0),13/01/26 11:00:00,A,TOTAL,NR,SI,2017-01-01,104,,
ESTAT:SDG_11_40(1.0),13/01/26 11:00:00,A,TOTAL,NR,SK,2017-01-01,276,,
ESTAT:SDG_11_40(1.0),13/01/26 11:00:00,A,TOTAL,NR,UK,2017-01-01,1856,,
ESTAT:SDG_11_40(1.0),13/01/26 11:00:00,A,TOTAL,NR,AT,2018-01-01,409,,
ESTAT:SDG_11_40(1.0),13/01/26 11:00:00,A,TOTAL,NR,BE,2018-01-01,604,,
ESTAT:SDG_11_40(1.0),13/01/26 11:00:00,A,TOTAL,NR,BG,2018-01-01,610,,
ESTAT:SDG_11_40(1.0),13/01/26 11:00:00,A,TOTAL,NR,CH,2018-01-01,233,,
ESTAT:SDG_11_40(1.0),13/01/26 11:00:00,A,TOTAL,NR,CY,2018-01-01,49,,
ESTAT:SDG_11_40(1.0),13/01/26 11:00:00,A,TOTAL,NR,CZ,2018-01-01,656,,
ESTAT:SDG_11_40(1.0),13/01/26 11:00:00,A,TOTAL,NR,DE,2018-01-01,3275,,
ESTAT:SDG_11_40(1.0),13/01/26 11:00:00,A,TOTAL,NR,DK,2018-01-01,171,,
ESTAT:SDG_11_40(1.0),13/01/26 11:00:00,A,TOTAL,NR,EE,2018-01-01,67,,
ESTAT:SDG_11_40(1.0),13/01/26 11:00:00,A,TOTAL,NR,EL,2018-01-01,700,,
ESTAT:SDG_11_40(1.0),13/01/26 11:00:00,A,TOTAL,NR,ES,2018-01-01,1806,,
ESTAT:SDG_11_40(1.0),13/01/26 11:00:00,A,TOTAL,NR,EU27_2020,2018-01-01,23327,,
ESTAT:SDG_11_40(1.0),13/01/26 11:00:00,A,TOTAL,NR,FI,2018-01-01,239,,
ESTAT:SDG_11_40(1.0),13/01/26 11:00:00,A,TOTAL,NR,FR,2018-01-01,3246,,
ESTAT:SDG_11_40(1.0),13/01/26 11:00:00,A,TOTAL,NR,HR,2018-01-01,317,,
ESTAT:SDG_11_40(1.0),13/01/26 11:00:00,A,TOTAL,NR,HU,2018-01-01,633,,
ESTAT:SDG_11_40(1.0),13/01/26 11:00:00,A,TOTAL,NR,IE,2018-01-01,134,,
ESTAT:SDG_11_40(1.0),13/01/26 11:00:00,A,TOTAL,NR,IS,2018-01-01,18,,
ESTAT:SDG_11_40(1.0),13/01/26 11:00:00,A,TOTAL,NR,IT,2018-01-01,3334,,
ESTAT:SDG_11_40(1.0),13/01/26 11:00:00,A,TOTAL,NR,LI,2018-01-01,0,,
ESTAT:SDG_11_40(1.0),13/01/26 11:00:00,A,TOTAL,NR,LT,2018-01-01,173,,
ESTAT:SDG_11_40(1.0),13/01/26 11:00:00,A,TOTAL,NR,LU,2018-01-01,36,,
ESTAT:SDG_11_40(1.0),13/01/26 11:00:00,A,TOTAL,NR,LV,2018-01-01,148,,
ESTAT:SDG_11_40(1.0),13/01/26 11:00:00,A,TOTAL,NR,MT,2018-01-01,18,,
ESTAT:SDG_11_40(1.0),13/01/26 11:00:00,A,TOTAL,NR,NL,2018-01-01,598,,
ESTAT:SDG_11_40(1.0),13/01/26 11:00:00,A,TOTAL,NR,NO,2018-01-01,108,,
ESTAT:SDG_11_40(1.0),13/01/26 11:00:00,A,TOTAL,NR,PL,2018-01-01,2862,,
ESTAT:SDG_11_40(1.0),13/01/26 11:00:00,A,TOTAL,NR,PT,2018-01-01,700,,
ESTAT:SDG_11_40(1.0),13/01/26 11:00:00,A,TOTAL,NR,RO,2018-01-01,1867,,
ESTAT:SDG_11_40(1.0),13/01/26 11:00:00,A,TOTAL,NR,SE,2018-01-01,324,,
ESTAT:SDG_11_40(1.0),13/01/26 11:00:00,A,TOTAL,NR,SI,2018-01-01,91,,
ESTAT:SDG_11_40(1.0),13/01/26 11:00:00,A,TOTAL,NR,SK,2018-01-01,260,,
ESTAT:SDG_11_40(1.0),13/01/26 11:00:00,A,TOTAL,NR,UK,2018-01-01,1839,,
ESTAT:SDG_11_40(1.0),13/01/26 11:00:00,A,TOTAL,NR,AT,2019-01-01,416,,
ESTAT:SDG_11_40(1.0),13/01/26 11:00:00,A,TOTAL,NR,BE,2019-01-01,646,,
ESTAT:SDG_11_40(1.0),13/01/26 11:00:00,A,TOTAL,NR,BG,2019-01-01,628,,
ESTAT:SDG_11_40(1.0),13/01/26 11:00:00,A,TOTAL,NR,CH,2019-01-01,187,,
ESTAT:SDG_11_40(1.0),13/01/26 11:00:00,A,TOTAL,NR,CY,2019-01-01,52,,
ESTAT:SDG_11_40(1.0),13/01/26 11:00:00,A,TOTAL,NR,CZ,2019-01-01,618,,
ESTAT:SDG_11_40(1.0),13/01/26 11:00:00,A,TOTAL,NR,DE,2019-01-01,3046,,
ESTAT:SDG_11_40(1.0),13/01/26 11:00:00,A,TOTAL,NR,DK,2019-01-01,199,,
ESTAT:SDG_11_40(1.0),13/01/26 11:00:00,A,TOTAL,NR,EE,2019-01-01,52,,
ESTAT:SDG_11_40(1.0),13/01/26 11:00:00,A,TOTAL,NR,EL,2019-01-01,688,,
ESTAT:SDG_11_40(1.0),13/01/26 11:00:00,A,TOTAL,NR,ES,2019-01-01,1755,,
ESTAT:SDG_11_40(1.0),13/01/26 11:00:00,A,TOTAL,NR,EU27_2020,2019-01-01,22757,,
ESTAT:SDG_11_40(1.0),13/01/26 11:00:00,A,TOTAL,NR,FI,2019-01-01,211,,
ESTAT:SDG_11_40(1.0),13/01/26 11:00:00,A,TOTAL,NR,FR,2019-01-01,3238,,
ESTAT:SDG_11_40(1.0),13/01/26 11:00:00,A,TOTAL,NR,HR,2019-01-01,297,,
ESTAT:SDG_11_40(1.0),13/01/26 11:00:00,A,TOTAL,NR,HU,2019-01-01,602,,
ESTAT:SDG_11_40(1.0),13/01/26 11:00:00,A,TOTAL,NR,IE,2019-01-01,140,,
ESTAT:SDG_11_40(1.0),13/01/26 11:00:00,A,TOTAL,NR,IS,2019-01-01,6,,
ESTAT:SDG_11_40(1.0),13/01/26 11:00:00,A,TOTAL,NR,IT,2019-01-01,3173,,
ESTAT:SDG_11_40(1.0),13/01/26 11:00:00,A,TOTAL,NR,LI,2019-01-01,0,,
ESTAT:SDG_11_40(1.0),13/01/26 11:00:00,A,TOTAL,NR,LT,2019-01-01,186,,
ESTAT:SDG_11_40(1.0),13/01/26 11:00:00,A,TOTAL,NR,LU,2019-01-01,22,,
ESTAT:SDG_11_40(1.0),13/01/26 11:00:00,A,TOTAL,NR,LV,2019-01-01,132,,
ESTAT:SDG_11_40(1.0),13/01/26 11:00:00,A,TOTAL,NR,MT,2019-01-01,16,,
ESTAT:SDG_11_40(1.0),13/01/26 11:00:00,A,TOTAL,NR,NL,2019-01-01,586,,
ESTAT:SDG_11_40(1.0),13/01/26 11:00:00,A,TOTAL,NR,NO,2019-01-01,108,,
ESTAT:SDG_11_40(1.0),13/01/26 11:00:00,A,TOTAL,NR,PL,2019-01-01,2909,,
ESTAT:SDG_11_40(1.0),13/01/26 11:00:00,A,TOTAL,NR,PT,2019-01-01,688,,
ESTAT:SDG_11_40(1.0),13/01/26 11:00:00,A,TOTAL,NR,RO,2019-01-01,1864,,
ESTAT:SDG_11_40(1.0),13/01/26 11:00:00,A,TOTAL,NR,RS,2019-01-01,534,,
ESTAT:SDG_11_40(1.0),13/01/26 11:00:00,A,TOTAL,NR,SE,2019-01-01,221,,
ESTAT:SDG_11_40(1.0),13/01/26 11:00:00,A,TOTAL,NR,SI,2019-01-01,102,,
ESTAT:SDG_11_40(1.0),13/01/26 11:00:00,A,TOTAL,NR,SK,2019-01-01,270,,
ESTAT:SDG_11_40(1.0),13/01/26 11:00:00,A,TOTAL,NR,AT,2020-01-01,344,,
ESTAT:SDG_11_40(1.0),13/01/26 11:00:00,A,TOTAL,NR,BE,2020-01-01,499,,
ESTAT:SDG_11_40(1.0),13/01/26 11:00:00,A,TOTAL,NR,BG,2020-01-01,463,,
ESTAT:SDG_11_40(1.0),13/01/26 11:00:00,A,TOTAL,NR,CH,2020-01-01,227,,
ESTAT:SDG_11_40(1.0),13/01/26 11:00:00,A,TOTAL,NR,CY,2020-01-01,48,,
ESTAT:SDG_11_40(1.0),13/01/26 11:00:00,A,TOTAL,NR,CZ,2020-01-01,518,,
ESTAT:SDG_11_40(1.0),13/01/26 11:00:00,A,TOTAL,NR,DE,2020-01-01,2719,,
ESTAT:SDG_11_40(1.0),13/01/26 11:00:00,A,TOTAL,NR,DK,2020-01-01,163,,
ESTAT:SDG_11_40(1.0),13/01/26 11:00:00,A,TOTAL,NR,EE,2020-01-01,59,,
ESTAT:SDG_11_40(1.0),13/01/26 11:00:00,A,TOTAL,NR,EL,2020-01-01,584,,
ESTAT:SDG_11_40(1.0),13/01/26 11:00:00,A,TOTAL,NR,ES,2020-01-01,1370,,
ESTAT:SDG_11_40(1.0),13/01/26 11:00:00,A,TOTAL,NR,EU27_2020,2020-01-01,18830,,
ESTAT:SDG_11_40(1.0),13/01/26 11:00:00,A,TOTAL,NR,FI,2020-01-01,223,,
ESTAT:SDG_11_40(1.0),13/01/26 11:00:00,A,TOTAL,NR,FR,2020-01-01,2538,,
ESTAT:SDG_11_40(1.0),13/01/26 11:00:00,A,TOTAL,NR,HR,2020-01-01,237,,
ESTAT:SDG_11_40(1.0),13/01/26 11:00:00,A,TOTAL,NR,HU,2020-01-01,460,,
ESTAT:SDG_11_40(1.0),13/01/26 11:00:00,A,TOTAL,NR,IE,2020-01-01,141,,
ESTAT:SDG_11_40(1.0),13/01/26 11:00:00,A,TOTAL,NR,IS,2020-01-01,8,,
ESTAT:SDG_11_40(1.0),13/01/26 11:00:00,A,TOTAL,NR,IT,2020-01-01,2395,,
ESTAT:SDG_11_40(1.0),13/01/26 11:00:00,A,TOTAL,NR,LI,2020-01-01,1,,
ESTAT:SDG_11_40(1.0),13/01/26 11:00:00,A,TOTAL,NR,LT,2020-01-01,175,,
ESTAT:SDG_11_40(1.0),13/01/26 11:00:00,A,TOTAL,NR,LU,2020-01-01,26,,
ESTAT:SDG_11_40(1.0),13/01/26 11:00:00,A,TOTAL,NR,LV,2020-01-01,139,,
ESTAT:SDG_11_40(1.0),13/01/26 11:00:00,A,TOTAL,NR,MT,2020-01-01,12,,
ESTAT:SDG_11_40(1.0),13/01/26 11:00:00,A,TOTAL,NR,NL,2020-01-01,515,,
ESTAT:SDG_11_40(1.0),13/01/26 11:00:00,A,TOTAL,NR,NO,2020-01-01,93,,
ESTAT:SDG_11_40(1.0),13/01/26 11:00:00,A,TOTAL,NR,PL,2020-01-01,2491,,
ESTAT:SDG_11_40(1.0),13/01/26 11:00:00,A,TOTAL,NR,PT,2020-01-01,536,,
ESTAT:SDG_11_40(1.0),13/01/26 11:00:00,A,TOTAL,NR,RO,2020-01-01,1644,,
ESTAT:SDG_11_40(1.0),13/01/26 11:00:00,A,TOTAL,NR,RS,2020-01-01,492,,
ESTAT:SDG_11_40(1.0),13/01/26 11:00:00,A,TOTAL,NR,SE,2020-01-01,204,,
ESTAT:SDG_11_40(1.0),13/01/26 11:00:00,A,TOTAL,NR,SI,2020-01-01,80,,
ESTAT:SDG_11_40(1.0),13/01/26 11:00:00,A,TOTAL,NR,SK,2020-01-01,247,,
ESTAT:SDG_11_40(1.0),13/01/26 11:00:00,A,TOTAL,NR,AT,2021-01-01,362,,
ESTAT:SDG_11_40(1.0),13/01/26 11:00:00,A,TOTAL,NR,BE,2021-01-01,516,,
ESTAT:SDG_11_40(1.0),13/01/26 11:00:00,A,TOTAL,NR,BG,2021-01-01,561,,
ESTAT:SDG_11_40(1.0),13/01/26 11:00:00,A,TOTAL,NR,CH,2021-01-01,200,,
ESTAT:SDG_11_40(1.0),13/01/26 11:00:00,A,TOTAL,NR,CY,2021-01-01,45,,
ESTAT:SDG_11_40(1.0),13/01/26 11:00:00,A,TOTAL,NR,CZ,2021-01-01,532,,
ESTAT:SDG_11_40(1.0),13/01/26 11:00:00,A,TOTAL,NR,DE,2021-01-01,2562,,
ESTAT:SDG_11_40(1.0),13/01/26 11:00:00,A,TOTAL,NR,DK,2021-01-01,130,,
ESTAT:SDG_11_40(1.0),13/01/26 11:00:00,A,TOTAL,NR,EE,2021-01-01,55,,
ESTAT:SDG_11_40(1.0),13/01/26 11:00:00,A,TOTAL,NR,EL,2021-01-01,624,,
ESTAT:SDG_11_40(1.0),13/01/26 11:00:00,A,TOTAL,NR,ES,2021-01-01,1533,,
ESTAT:SDG_11_40(1.0),13/01/26 11:00:00,A,TOTAL,NR,EU27_2020,2021-01-01,19916,,
ESTAT:SDG_11_40(1.0),13/01/26 11:00:00,A,TOTAL,NR,FI,2021-01-01,225,,
ESTAT:SDG_11_40(1.0),13/01/26 11:00:00,A,TOTAL,NR,FR,2021-01-01,2931,,
ESTAT:SDG_11_40(1.0),13/01/26 11:00:00,A,TOTAL,NR,HR,2021-01-01,292,,
ESTAT:SDG_11_40(1.0),13/01/26 11:00:00,A,TOTAL,NR,HU,2021-01-01,544,,
ESTAT:SDG_11_40(1.0),13/01/26 11:00:00,A,TOTAL,NR,IE,2021-01-01,132,,
ESTAT:SDG_11_40(1.0),13/01/26 11:00:00,A,TOTAL,NR,IS,2021-01-01,9,,
ESTAT:SDG_11_40(1.0),13/01/26 11:00:00,A,TOTAL,NR,IT,2021-01-01,2875,,
ESTAT:SDG_11_40(1.0),13/01/26 11:00:00,A,TOTAL,NR,LI,2021-01-01,0,,
ESTAT:SDG_11_40(1.0),13/01/26 11:00:00,A,TOTAL,NR,LT,2021-01-01,148,,
ESTAT:SDG_11_40(1.0),13/01/26 11:00:00,A,TOTAL,NR,LU,2021-01-01,24,,
ESTAT:SDG_11_40(1.0),13/01/26 11:00:00,A,TOTAL,NR,LV,2021-01-01,151,,
ESTAT:SDG_11_40(1.0),13/01/26 11:00:00,A,TOTAL,NR,MT,2021-01-01,9,,
ESTAT:SDG_11_40(1.0),13/01/26 11:00:00,A,TOTAL,NR,NL,2021-01-01,509,,
ESTAT:SDG_11_40(1.0),13/01/26 11:00:00,A,TOTAL,NR,NO,2021-01-01,80,,
ESTAT:SDG_11_40(1.0),13/01/26 11:00:00,A,TOTAL,NR,PL,2021-01-01,2245,,
ESTAT:SDG_11_40(1.0),13/01/26 11:00:00,A,TOTAL,NR,PT,2021-01-01,561,,
ESTAT:SDG_11_40(1.0),13/01/26 11:00:00,A,TOTAL,NR,RO,2021-01-01,1779,,
ESTAT:SDG_11_40(1.0),13/01/26 11:00:00,A,TOTAL,NR,RS,2021-01-01,521,,
ESTAT:SDG_11_40(1.0),13/01/26 11:00:00,A,TOTAL,NR,SE,2021-01-01,210,,
ESTAT:SDG_11_40(1.0),13/01/26 11:00:00,A,TOTAL,NR,SI,2021-01-01,114,,
ESTAT:SDG_11_40(1.0),13/01/26 11:00:00,A,TOTAL,NR,SK,2021-01-01,247,,
ESTAT:SDG_11_40(1.0),13/01/26 11:00:00,A,TOTAL,NR,AT,2022-01-01,370,,
ESTAT:SDG_11_40(1.0),13/01/26 11:00:00,A,TOTAL,NR,BE,2022-01-01,540,,
ESTAT:SDG_11_40(1.0),13/01/26 11:00:00,A,TOTAL,NR,BG,2022-01-01,531,,
ESTAT:SDG_11_40(1.0),13/01/26 11:00:00,A,TOTAL,NR,CH,2022-01-01,241,,
ESTAT:SDG_11_40(1.0),13/01/26 11:00:00,A,TOTAL,NR,CY,2022-01-01,37,,
ESTAT:SDG_11_40(1.0),13/01/26 11:00:00,A,TOTAL,NR,CZ,2022-01-01,527,,
ESTAT:SDG_11_40(1.0),13/01/26 11:00:00,A,TOTAL,NR,DE,2022-01-01,2788,,
ESTAT:SDG_11_40(1.0),13/01/26 11:00:00,A,TOTAL,NR,DK,2022-01-01,154,,
ESTAT:SDG_11_40(1.0),13/01/26 11:00:00,A,TOTAL,NR,EE,2022-01-01,49,,
ESTAT:SDG_11_40(1.0),13/01/26 11:00:00,A,TOTAL,NR,EL,2022-01-01,654,,
ESTAT:SDG_11_40(1.0),13/01/26 11:00:00,A,TOTAL,NR,ES,2022-01-01,1746,,
ESTAT:SDG_11_40(1.0),13/01/26 11:00:00,A,TOTAL,NR,EU27_2020,2022-01-01,20654,,
ESTAT:SDG_11_40(1.0),13/01/26 11:00:00,A,TOTAL,NR,FI,2022-01-01,196,,
ESTAT:SDG_11_40(1.0),13/01/26 11:00:00,A,TOTAL,NR,FR,2022-01-01,3260,,
ESTAT:SDG_11_40(1.0),13/01/26 11:00:00,A,TOTAL,NR,HR,2022-01-01,275,,
ESTAT:SDG_11_40(1.0),13/01/26 11:00:00,A,TOTAL,NR,HU,2022-01-01,537,,
ESTAT:SDG_11_40(1.0),13/01/26 11:00:00,A,TOTAL,NR,IE,2022-01-01,152,,
ESTAT:SDG_11_40(1.0),13/01/26 11:00:00,A,TOTAL,NR,IS,2022-01-01,9,,
ESTAT:SDG_11_40(1.0),13/01/26 11:00:00,A,TOTAL,NR,IT,2022-01-01,3159,,
ESTAT:SDG_11_40(1.0),13/01/26 11:00:00,A,TOTAL,NR,LI,2022-01-01,2,,
ESTAT:SDG_11_40(1.0),13/01/26 11:00:00,A,TOTAL,NR,LT,2022-01-01,120,,
ESTAT:SDG_11_40(1.0),13/01/26 11:00:00,A,TOTAL,NR,LU,2022-01-01,36,,
ESTAT:SDG_11_40(1.0),13/01/26 11:00:00,A,TOTAL,NR,LV,2022-01-01,115,,
ESTAT:SDG_11_40(1.0),13/01/26 11:00:00,A,TOTAL,NR,MT,2022-01-01,28,,
ESTAT:SDG_11_40(1.0),13/01/26 11:00:00,A,TOTAL,NR,NL,2022-01-01,655,,
ESTAT:SDG_11_40(1.0),13/01/26 11:00:00,A,TOTAL,NR,NO,2022-01-01,116,,
ESTAT:SDG_11_40(1.0),13/01/26 11:00:00,A,TOTAL,NR,PL,2022-01-01,1896,,
ESTAT:SDG_11_40(1.0),13/01/26 11:00:00,A,TOTAL,NR,PT,2022-01-01,618,,
ESTAT:SDG_11_40(1.0),13/01/26 11:00:00,A,TOTAL,NR,RO,2022-01-01,1633,,
ESTAT:SDG_11_40(1.0),13/01/26 11:00:00,A,TOTAL,NR,RS,2022-01-01,552,,
ESTAT:SDG_11_40(1.0),13/01/26 11:00:00,A,TOTAL,NR,SE,2022-01-01,227,,
ESTAT:SDG_11_40(1.0),13/01/26 11:00:00,A,TOTAL,NR,SI,2022-01-01,85,,
ESTAT:SDG_11_40(1.0),13/01/26 11:00:00,A,TOTAL,NR,SK,2022-01-01,266,,
ESTAT:SDG_11_40(1.0),13/01/26 11:00:00,A,TOTAL,NR,AT,2023-01-01,402,,
ESTAT:SDG_11_40(1.0),13/01/26 11:00:00,A,TOTAL,NR,BE,2023-01-01,501,,
ESTAT:SDG_11_40(1.0),13/01/26 11:00:00,A,TOTAL,NR,BG,2023-01-01,525,,
ESTAT:SDG_11_40(1.0),13/01/26 11:00:00,A,TOTAL,NR,CH,2023-01-01,236,,
ESTAT:SDG_11_40(1.0),13/01/26 11:00:00,A,TOTAL,NR,CY,2023-01-01,34,,
ESTAT:SDG_11_40(1.0),13/01/26 11:00:00,A,TOTAL,NR,CZ,2023-01-01,502,,
ESTAT:SDG_11_40(1.0),13/01/26 11:00:00,A,TOTAL,NR,DE,2023-01-01,2839,,
ESTAT:SDG_11_40(1.0),13/01/26 11:00:00,A,TOTAL,NR,DK,2023-01-01,162,,
ESTAT:SDG_11_40(1.0),13/01/26 11:00:00,A,TOTAL,NR,EE,2023-01-01,59,,
ESTAT:SDG_11_40(1.0),13/01/26 11:00:00,A,TOTAL,NR,EL,2023-01-01,646,,
ESTAT:SDG_11_40(1.0),13/01/26 11:00:00,A,TOTAL,NR,ES,2023-01-01,1806,,
ESTAT:SDG_11_40(1.0),13/01/26 11:00:00,A,TOTAL,NR,EU27_2020,2023-01-01,20384,,
ESTAT:SDG_11_40(1.0),13/01/26 11:00:00,A,TOTAL,NR,FI,2023-01-01,185,,
ESTAT:SDG_11_40(1.0),13/01/26 11:00:00,A,TOTAL,NR,FR,2023-01-01,3154,,
ESTAT:SDG_11_40(1.0),13/01/26 11:00:00,A,TOTAL,NR,HR,2023-01-01,274,,
ESTAT:SDG_11_40(1.0),13/01/26 11:00:00,A,TOTAL,NR,HU,2023-01-01,472,,
ESTAT:SDG_11_40(1.0),13/01/26 11:00:00,A,TOTAL,NR,IE,2023-01-01,180,,
ESTAT:SDG_11_40(1.0),13/01/26 11:00:00,A,TOTAL,NR,IS,2023-01-01,8,,
ESTAT:SDG_11_40(1.0),13/01/26 11:00:00,A,TOTAL,NR,IT,2023-01-01,3039,,
ESTAT:SDG_11_40(1.0),13/01/26 11:00:00,A,TOTAL,NR,LI,2023-01-01,0,,
ESTAT:SDG_11_40(1.0),13/01/26 11:00:00,A,TOTAL,NR,LT,2023-01-01,159,,
ESTAT:SDG_11_40(1.0),13/01/26 11:00:00,A,TOTAL,NR,LU,2023-01-01,26,,
ESTAT:SDG_11_40(1.0),13/01/26 11:00:00,A,TOTAL,NR,LV,2023-01-01,138,,
ESTAT:SDG_11_40(1.0),13/01/26 11:00:00,A,TOTAL,NR,MT,2023-01-01,16,,
ESTAT:SDG_11_40(1.0),13/01/26 11:00:00,A,TOTAL,NR,NL,2023-01-01,608,,
ESTAT:SDG_11_40(1.0),13/01/26 11:00:00,A,TOTAL,NR,NO,2023-01-01,110,,
ESTAT:SDG_11_40(1.0),13/01/26 11:00:00,A,TOTAL,NR,PL,2023-01-01,1893,,
ESTAT:SDG_11_40(1.0),13/01/26 11:00:00,A,TOTAL,NR,PT,2023-01-01,642,,
ESTAT:SDG_11_40(1.0),13/01/26 11:00:00,A,TOTAL,NR,RO,2023-01-01,1545,,
ESTAT:SDG_11_40(1.0),13/01/26 11:00:00,A,TOTAL,NR,RS,2023-01-01,503,,
ESTAT:SDG_11_40(1.0),13/01/26 11:00:00,A,TOTAL,NR,SE,2023-01-01,229,,
ESTAT:SDG_11_40(1.0),13/01/26 11:00:00,A,TOTAL,NR,SI,2023-01-01,82,,
ESTAT:SDG_11_40(1.0),13/01/26 11:00:00,A,TOTAL,NR,SK,2023-01-01,266,,
ESTAT:SDG_11_40(1.0),13/01/26 11:00:00,A,TOTAL,NR,AT,2024-01-01,351,,
ESTAT:SDG_11_40(1.0),13/01/26 11:00:00,A,TOTAL,NR,BE,2024-01-01,470,,
ESTAT:SDG_11_40(1.0),13/01/26 11:00:00,A,TOTAL,NR,DE,2024-01-01,2770,,
ESTAT:SDG_11_40(1.0),13/01/26 11:00:00,A,TOTAL,NR,DK,2024-01-01,145,,
ESTAT:SDG_11_40(1.0),13/01/26 11:00:00,A,TOTAL,NR,EE,2024-01-01,69,,
ESTAT:SDG_11_40(1.0),13/01/26 11:00:00,A,TOTAL,NR,ES,2024-01-01,1785,,
ESTAT:SDG_11_40(1.0),13/01/26 11:00:00,A,TOTAL,NR,FR,2024-01-01,3181,,
ESTAT:SDG_11_40(1.0),13/01/26 11:00:00,A,TOTAL,NR,HR,2024-01-01,239,,
ESTAT:SDG_11_40(1.0),13/01/26 11:00:00,A,TOTAL,NR,HU,2024-01-01,497,,
ESTAT:SDG_11_40(1.0),13/01/26 11:00:00,A,TOTAL,NR,IE,2024-01-01,171,,
ESTAT:SDG_11_40(1.0),13/01/26 11:00:00,A,TOTAL,NR,IS,2024-01-01,13,,
ESTAT:SDG_11_40(1.0),13/01/26 11:00:00,A,TOTAL,NR,IT,2024-01-01,3030,,
ESTAT:SDG_11_40(1.0),13/01/26 11:00:00,A,TOTAL,NR,LU,2024-01-01,18,,
ESTAT:SDG_11_40(1.0),13/01/26 11:00:00,A,TOTAL,NR,LV,2024-01-01,112,,
ESTAT:SDG_11_40(1.0),13/01/26 11:00:00,A,TOTAL,NR,NL,2024-01-01,566,,
ESTAT:SDG_11_40(1.0),13/01/26 11:00:00,A,TOTAL,NR,NO,2024-01-01,87,,
ESTAT:SDG_11_40(1.0),13/01/26 11:00:00,A,TOTAL,NR,PL,2024-01-01,1896,,
ESTAT:SDG_11_40(1.0),13/01/26 11:00:00,A,TOTAL,NR,SE,2024-01-01,213,,
