DATAFLOW,FREQ,REF_AREA,DATA_TYPE,CHANGE_OF_RESIDENCE,CITIZENSHIP,SEX,AGE,TERRITORY_NEXT_RESID,COUNTRY_PREV_RESID,COUNTRY_NEXT_RESID,TIME_PERIOD,OBS_VALUE,OBS_STATUS,NOTE_DS,NOTE_REF_AREA,NOTE_DATA_TYPE,NOTE_CHANGE_OF_RESIDENCE,NOTE_CITIZENSHIP,NOTE_SEX,NOTE_AGE,NOTE_TERRITORY_NEXT_RESID,NOTE_COUNTRY_PREV_RESID,NOTE_COUNTRY_NEXT_RESID,BASE_PER,UNIT_MEAS,UNIT_MULT
IT1:28_185_DF_DCIS_MIGRAZIONI_1(1.0),A,ITG1,CORE,ALL,TOTAL,9,TOTAL,IT,X1033,X1033,2002-01-01,87592,,,,,,,,,,,,,,
IT1:28_185_DF_DCIS_MIGRAZIONI_1(1.0),A,ITG1,CORE,ALL,TOTAL,9,TOTAL,ITC,X1033,X1033,2002-01-01,13569,,,,,,,,,,,,,,
IT1:28_185_DF_DCIS_MIGRAZIONI_1(1.0),A,ITG1,CORE,ALL,TOTAL,9,TOTAL,ITC1,X1033,X1033,2002-01-01,3461,,,,,,,,,,,,,,
IT1:28_185_DF_DCIS_MIGRAZIONI_1(1.0),A,ITG1,CORE,ALL,TOTAL,9,TOTAL,ITC2,X1033,X1033,2002-01-01,79,,,,,,,,,,,,,,
IT1:28_185_DF_DCIS_MIGRAZIONI_1(1.0),A,ITG1,CORE,ALL,TOTAL,9,TOTAL,ITC3,X1033,X1033,2002-01-01,992,,,,,,,,,,,,,,
IT1:28_185_DF_DCIS_MIGRAZIONI_1(1.0),A,ITG1,CORE,ALL,TOTAL,9,TOTAL,ITC4,X1033,X1033,2002-01-01,9037,,,,,,,,,,,,,,
IT1:28_185_DF_DCIS_MIGRAZIONI_1(1.0),A,ITG1,CORE,ALL,TOTAL,9,TOTAL,ITCD,X1033,X1033,2002-01-01,23344,,,,,,,,,,,,,,
IT1:28_185_DF_DCIS_MIGRAZIONI_1(1.0),A,ITG1,CORE,ALL,TOTAL,9,TOTAL,ITD,X1033,X1033,2002-01-01,9775,,,,,,,,,,,,,,
IT1:28_185_DF_DCIS_MIGRAZIONI_1(1.0),A,ITG1,CORE,ALL,TOTAL,9,TOTAL,ITD1,X1033,X1033,2002-01-01,125,,,,,,,,,,,,,,
IT1:28_185_DF_DCIS_MIGRAZIONI_1(1.0),A,ITG1,CORE,ALL,TOTAL,9,TOTAL,ITD2,X1033,X1033,2002-01-01,325,,,,,,,,,,,,,,
IT1:28_185_DF_DCIS_MIGRAZIONI_1(1.0),A,ITG1,CORE,ALL,TOTAL,9,TOTAL,ITD3,X1033,X1033,2002-01-01,3281,,,,,,,,,,,,,,
IT1:28_185_DF_DCIS_MIGRAZIONI_1(1.0),A,ITG1,CORE,ALL,TOTAL,9,TOTAL,ITD4,X1033,X1033,2002-01-01,1103,,,,,,,,,,,,,,
IT1:28_185_DF_DCIS_MIGRAZIONI_1(1.0),A,ITG1,CORE,ALL,TOTAL,9,TOTAL,ITD5,X1033,X1033,2002-01-01,4941,,,,,,,,,,,,,,
IT1:28_185_DF_DCIS_MIGRAZIONI_1(1.0),A,ITG1,CORE,ALL,TOTAL,9,TOTAL,ITDA,X1033,X1033,2002-01-01,450,,,,,,,,,,,,,,
IT1:28_185_DF_DCIS_MIGRAZIONI_1(1.0),A,ITG1,CORE,ALL,TOTAL,9,TOTAL,ITE,X1033,X1033,2002-01-01,7047,,,,,,,,,,,,,,
IT1:28_185_DF_DCIS_MIGRAZIONI_1(1.0),A,ITG1,CORE,ALL,TOTAL,9,TOTAL,ITE1,X1033,X1033,2002-01-01,3145,,,,,,,,,,,,,,
IT1:28_185_DF_DCIS_MIGRAZIONI_1(1.0),A,ITG1,CORE,ALL,TOTAL,9,TOTAL,ITE2,X1033,X1033,2002-01-01,402,,,,,,,,,,,,,,
IT1:28_185_DF_DCIS_MIGRAZIONI_1(1.0),A,ITG1,CORE,ALL,TOTAL,9,TOTAL,ITE3,X1033,X1033,2002-01-01,964,,,,,,,,,,,,,,
IT1:28_185_DF_DCIS_MIGRAZIONI_1(1.0),A,ITG1,CORE,ALL,TOTAL,9,TOTAL,ITE4,X1033,X1033,2002-01-01,2536,,,,,,,,,,,,,,
IT1:28_185_DF_DCIS_MIGRAZIONI_1(1.0),A,ITG1,CORE,ALL,TOTAL,9,TOTAL,ITF,X1033,X1033,2002-01-01,2753,,,,,,,,,,,,,,
IT1:28_185_DF_DCIS_MIGRAZIONI_1(1.0),A,ITG1,CORE,ALL,TOTAL,9,TOTAL,ITF1,X1033,X1033,2002-01-01,270,,,,,,,,,,,,,,
IT1:28_185_DF_DCIS_MIGRAZIONI_1(1.0),A,ITG1,CORE,ALL,TOTAL,9,TOTAL,ITF2,X1033,X1033,2002-01-01,63,,,,,,,,,,,,,,
IT1:28_185_DF_DCIS_MIGRAZIONI_1(1.0),A,ITG1,CORE,ALL,TOTAL,9,TOTAL,ITF3,X1033,X1033,2002-01-01,809,,,,,,,,,,,,,,
IT1:28_185_DF_DCIS_MIGRAZIONI_1(1.0),A,ITG1,CORE,ALL,TOTAL,9,TOTAL,ITF4,X1033,X1033,2002-01-01,711,,,,,,,,,,,,,,
IT1:28_185_DF_DCIS_MIGRAZIONI_1(1.0),A,ITG1,CORE,ALL,TOTAL,9,TOTAL,ITF5,X1033,X1033,2002-01-01,78,,,,,,,,,,,,,,
IT1:28_185_DF_DCIS_MIGRAZIONI_1(1.0),A,ITG1,CORE,ALL,TOTAL,9,TOTAL,ITF6,X1033,X1033,2002-01-01,822,,,,,,,,,,,,,,
IT1:28_185_DF_DCIS_MIGRAZIONI_1(1.0),A,ITG1,CORE,ALL,TOTAL,9,TOTAL,ITFG,X1033,X1033,2002-01-01,57201,,,,,,,,,,,,,,
IT1:28_185_DF_DCIS_MIGRAZIONI_1(1.0),A,ITG1,CORE,ALL,TOTAL,9,TOTAL,ITG,X1033,X1033,2002-01-01,54448,,,,,,,,,,,,,,
IT1:28_185_DF_DCIS_MIGRAZIONI_1(1.0),A,ITG1,CORE,ALL,TOTAL,9,TOTAL,ITG1,X1033,X1033,2002-01-01,54129,,,,,,,,,,,,,,
IT1:28_185_DF_DCIS_MIGRAZIONI_1(1.0),A,ITG1,CORE,ALL,TOTAL,9,TOTAL,ITG2,X1033,X1033,2002-01-01,319,,,,,,,,,,,,,,
IT1:28_185_DF_DCIS_MIGRAZIONI_1(1.0),A,ITG1,CORE,ALL,TOTAL,9,TOTAL,IT,X1033,X1033,2003-01-01,84739,,,,,,,,,,,,,,
IT1:28_185_DF_DCIS_MIGRAZIONI_1(1.0),A,ITG1,CORE,ALL,TOTAL,9,TOTAL,ITC,X1033,X1033,2003-01-01,12334,,,,,,,,,,,,,,
IT1:28_185_DF_DCIS_MIGRAZIONI_1(1.0),A,ITG1,CORE,ALL,TOTAL,9,TOTAL,ITC1,X1033,X1033,2003-01-01,2978,,,,,,,,,,,,,,
IT1:28_185_DF_DCIS_MIGRAZIONI_1(1.0),A,ITG1,CORE,ALL,TOTAL,9,TOTAL,ITC2,X1033,X1033,2003-01-01,97,,,,,,,,,,,,,,
IT1:28_185_DF_DCIS_MIGRAZIONI_1(1.0),A,ITG1,CORE,ALL,TOTAL,9,TOTAL,ITC3,X1033,X1033,2003-01-01,956,,,,,,,,,,,,,,
IT1:28_185_DF_DCIS_MIGRAZIONI_1(1.0),A,ITG1,CORE,ALL,TOTAL,9,TOTAL,ITC4,X1033,X1033,2003-01-01,8303,,,,,,,,,,,,,,
IT1:28_185_DF_DCIS_MIGRAZIONI_1(1.0),A,ITG1,CORE,ALL,TOTAL,9,TOTAL,ITCD,X1033,X1033,2003-01-01,22090,,,,,,,,,,,,,,
IT1:28_185_DF_DCIS_MIGRAZIONI_1(1.0),A,ITG1,CORE,ALL,TOTAL,9,TOTAL,ITD,X1033,X1033,2003-01-01,9756,,,,,,,,,,,,,,
IT1:28_185_DF_DCIS_MIGRAZIONI_1(1.0),A,ITG1,CORE,ALL,TOTAL,9,TOTAL,ITD1,X1033,X1033,2003-01-01,167,,,,,,,,,,,,,,
IT1:28_185_DF_DCIS_MIGRAZIONI_1(1.0),A,ITG1,CORE,ALL,TOTAL,9,TOTAL,ITD2,X1033,X1033,2003-01-01,366,,,,,,,,,,,,,,
IT1:28_185_DF_DCIS_MIGRAZIONI_1(1.0),A,ITG1,CORE,ALL,TOTAL,9,TOTAL,ITD3,X1033,X1033,2003-01-01,3303,,,,,,,,,,,,,,
IT1:28_185_DF_DCIS_MIGRAZIONI_1(1.0),A,ITG1,CORE,ALL,TOTAL,9,TOTAL,ITD4,X1033,X1033,2003-01-01,1189,,,,,,,,,,,,,,
IT1:28_185_DF_DCIS_MIGRAZIONI_1(1.0),A,ITG1,CORE,ALL,TOTAL,9,TOTAL,ITD5,X1033,X1033,2003-01-01,4731,,,,,,,,,,,,,,
IT1:28_185_DF_DCIS_MIGRAZIONI_1(1.0),A,ITG1,CORE,ALL,TOTAL,9,TOTAL,ITDA,X1033,X1033,2003-01-01,533,,,,,,,,,,,,,,
IT1:28_185_DF_DCIS_MIGRAZIONI_1(1.0),A,ITG1,CORE,ALL,TOTAL,9,TOTAL,ITE,X1033,X1033,2003-01-01,6551,,,,,,,,,,,,,,
IT1:28_185_DF_DCIS_MIGRAZIONI_1(1.0),A,ITG1,CORE,ALL,TOTAL,9,TOTAL,ITE1,X1033,X1033,2003-01-01,2838,,,,,,,,,,,,,,
IT1:28_185_DF_DCIS_MIGRAZIONI_1(1.0),A,ITG1,CORE,ALL,TOTAL,9,TOTAL,ITE2,X1033,X1033,2003-01-01,419,,,,,,,,,,,,,,
IT1:28_185_DF_DCIS_MIGRAZIONI_1(1.0),A,ITG1,CORE,ALL,TOTAL,9,TOTAL,ITE3,X1033,X1033,2003-01-01,914,,,,,,,,,,,,,,
IT1:28_185_DF_DCIS_MIGRAZIONI_1(1.0),A,ITG1,CORE,ALL,TOTAL,9,TOTAL,ITE4,X1033,X1033,2003-01-01,2380,,,,,,,,,,,,,,
IT1:28_185_DF_DCIS_MIGRAZIONI_1(1.0),A,ITG1,CORE,ALL,TOTAL,9,TOTAL,ITF,X1033,X1033,2003-01-01,2624,,,,,,,,,,,,,,
IT1:28_185_DF_DCIS_MIGRAZIONI_1(1.0),A,ITG1,CORE,ALL,TOTAL,9,TOTAL,ITF1,X1033,X1033,2003-01-01,238,,,,,,,,,,,,,,
IT1:28_185_DF_DCIS_MIGRAZIONI_1(1.0),A,ITG1,CORE,ALL,TOTAL,9,TOTAL,ITF2,X1033,X1033,2003-01-01,46,,,,,,,,,,,,,,
IT1:28_185_DF_DCIS_MIGRAZIONI_1(1.0),A,ITG1,CORE,ALL,TOTAL,9,TOTAL,ITF3,X1033,X1033,2003-01-01,789,,,,,,,,,,,,,,
IT1:28_185_DF_DCIS_MIGRAZIONI_1(1.0),A,ITG1,CORE,ALL,TOTAL,9,TOTAL,ITF4,X1033,X1033,2003-01-01,692,,,,,,,,,,,,,,
IT1:28_185_DF_DCIS_MIGRAZIONI_1(1.0),A,ITG1,CORE,ALL,TOTAL,9,TOTAL,ITF5,X1033,X1033,2003-01-01,78,,,,,,,,,,,,,,
IT1:28_185_DF_DCIS_MIGRAZIONI_1(1.0),A,ITG1,CORE,ALL,TOTAL,9,TOTAL,ITF6,X1033,X1033,2003-01-01,781,,,,,,,,,,,,,,
IT1:28_185_DF_DCIS_MIGRAZIONI_1(1.0),A,ITG1,CORE,ALL,TOTAL,9,TOTAL,ITFG,X1033,X1033,2003-01-01,56098,,,,,,,,,,,,,,
IT1:28_185_DF_DCIS_MIGRAZIONI_1(1.0),A,ITG1,CORE,ALL,TOTAL,9,TOTAL,ITG,X1033,X1033,2003-01-01,53474,,,,,,,,,,,,,,
IT1:28_185_DF_DCIS_MIGRAZIONI_1(1.0),A,ITG1,CORE,ALL,TOTAL,9,TOTAL,ITG1,X1033,X1033,2003-01-01,53164,,,,,,,,,,,,,,
IT1:28_185_DF_DCIS_MIGRAZIONI_1(1.0),A,ITG1,CORE,ALL,TOTAL,9,TOTAL,ITG2,X1033,X1033,2003-01-01,310,,,,,,,,,,,,,,
IT1:28_185_DF_DCIS_MIGRAZIONI_1(1.0),A,ITG1,CORE,ALL,TOTAL,9,TOTAL,IT,X1033,X1033,2004-01-01,89484,,,,,,,,,,,,,,
IT1:28_185_DF_DCIS_MIGRAZIONI_1(1.0),A,ITG1,CORE,ALL,TOTAL,9,TOTAL,ITC,X1033,X1033,2004-01-01,12602,,,,,,,,,,,,,,
IT1:28_185_DF_DCIS_MIGRAZIONI_1(1.0),A,ITG1,CORE,ALL,TOTAL,9,TOTAL,ITC1,X1033,X1033,2004-01-01,3015,,,,,,,,,,,,,,
IT1:28_185_DF_DCIS_MIGRAZIONI_1(1.0),A,ITG1,CORE,ALL,TOTAL,9,TOTAL,ITC2,X1033,X1033,2004-01-01,124,,,,,,,,,,,,,,
IT1:28_185_DF_DCIS_MIGRAZIONI_1(1.0),A,ITG1,CORE,ALL,TOTAL,9,TOTAL,ITC3,X1033,X1033,2004-01-01,1087,,,,,,,,,,,,,,
IT1:28_185_DF_DCIS_MIGRAZIONI_1(1.0),A,ITG1,CORE,ALL,TOTAL,9,TOTAL,ITC4,X1033,X1033,2004-01-01,8376,,,,,,,,,,,,,,
IT1:28_185_DF_DCIS_MIGRAZIONI_1(1.0),A,ITG1,CORE,ALL,TOTAL,9,TOTAL,ITCD,X1033,X1033,2004-01-01,22159,,,,,,,,,,,,,,
IT1:28_185_DF_DCIS_MIGRAZIONI_1(1.0),A,ITG1,CORE,ALL,TOTAL,9,TOTAL,ITD,X1033,X1033,2004-01-01,9557,,,,,,,,,,,,,,
IT1:28_185_DF_DCIS_MIGRAZIONI_1(1.0),A,ITG1,CORE,ALL,TOTAL,9,TOTAL,ITD1,X1033,X1033,2004-01-01,199,,,,,,,,,,,,,,
IT1:28_185_DF_DCIS_MIGRAZIONI_1(1.0),A,ITG1,CORE,ALL,TOTAL,9,TOTAL,ITD2,X1033,X1033,2004-01-01,411,,,,,,,,,,,,,,
IT1:28_185_DF_DCIS_MIGRAZIONI_1(1.0),A,ITG1,CORE,ALL,TOTAL,9,TOTAL,ITD3,X1033,X1033,2004-01-01,2999,,,,,,,,,,,,,,
IT1:28_185_DF_DCIS_MIGRAZIONI_1(1.0),A,ITG1,CORE,ALL,TOTAL,9,TOTAL,ITD4,X1033,X1033,2004-01-01,1032,,,,,,,,,,,,,,
IT1:28_185_DF_DCIS_MIGRAZIONI_1(1.0),A,ITG1,CORE,ALL,TOTAL,9,TOTAL,ITD5,X1033,X1033,2004-01-01,4916,,,,,,,,,,,,,,
IT1:28_185_DF_DCIS_MIGRAZIONI_1(1.0),A,ITG1,CORE,ALL,TOTAL,9,TOTAL,ITDA,X1033,X1033,2004-01-01,610,,,,,,,,,,,,,,
IT1:28_185_DF_DCIS_MIGRAZIONI_1(1.0),A,ITG1,CORE,ALL,TOTAL,9,TOTAL,ITE,X1033,X1033,2004-01-01,6461,,,,,,,,,,,,,,
IT1:28_185_DF_DCIS_MIGRAZIONI_1(1.0),A,ITG1,CORE,ALL,TOTAL,9,TOTAL,ITE1,X1033,X1033,2004-01-01,2992,,,,,,,,,,,,,,
IT1:28_185_DF_DCIS_MIGRAZIONI_1(1.0),A,ITG1,CORE,ALL,TOTAL,9,TOTAL,ITE2,X1033,X1033,2004-01-01,302,,,,,,,,,,,,,,
IT1:28_185_DF_DCIS_MIGRAZIONI_1(1.0),A,ITG1,CORE,ALL,TOTAL,9,TOTAL,ITE3,X1033,X1033,2004-01-01,934,,,,,,,,,,,,,,
IT1:28_185_DF_DCIS_MIGRAZIONI_1(1.0),A,ITG1,CORE,ALL,TOTAL,9,TOTAL,ITE4,X1033,X1033,2004-01-01,2233,,,,,,,,,,,,,,
IT1:28_185_DF_DCIS_MIGRAZIONI_1(1.0),A,ITG1,CORE,ALL,TOTAL,9,TOTAL,ITF,X1033,X1033,2004-01-01,2705,,,,,,,,,,,,,,
IT1:28_185_DF_DCIS_MIGRAZIONI_1(1.0),A,ITG1,CORE,ALL,TOTAL,9,TOTAL,ITF1,X1033,X1033,2004-01-01,281,,,,,,,,,,,,,,
IT1:28_185_DF_DCIS_MIGRAZIONI_1(1.0),A,ITG1,CORE,ALL,TOTAL,9,TOTAL,ITF2,X1033,X1033,2004-01-01,46,,,,,,,,,,,,,,
IT1:28_185_DF_DCIS_MIGRAZIONI_1(1.0),A,ITG1,CORE,ALL,TOTAL,9,TOTAL,ITF3,X1033,X1033,2004-01-01,808,,,,,,,,,,,,,,
IT1:28_185_DF_DCIS_MIGRAZIONI_1(1.0),A,ITG1,CORE,ALL,TOTAL,9,TOTAL,ITF4,X1033,X1033,2004-01-01,691,,,,,,,,,,,,,,
IT1:28_185_DF_DCIS_MIGRAZIONI_1(1.0),A,ITG1,CORE,ALL,TOTAL,9,TOTAL,ITF5,X1033,X1033,2004-01-01,72,,,,,,,,,,,,,,
IT1:28_185_DF_DCIS_MIGRAZIONI_1(1.0),A,ITG1,CORE,ALL,TOTAL,9,TOTAL,ITF6,X1033,X1033,2004-01-01,807,,,,,,,,,,,,,,
IT1:28_185_DF_DCIS_MIGRAZIONI_1(1.0),A,ITG1,CORE,ALL,TOTAL,9,TOTAL,ITFG,X1033,X1033,2004-01-01,60864,,,,,,,,,,,,,,
IT1:28_185_DF_DCIS_MIGRAZIONI_1(1.0),A,ITG1,CORE,ALL,TOTAL,9,TOTAL,ITG,X1033,X1033,2004-01-01,58159,,,,,,,,,,,,,,
IT1:28_185_DF_DCIS_MIGRAZIONI_1(1.0),A,ITG1,CORE,ALL,TOTAL,9,TOTAL,ITG1,X1033,X1033,2004-01-01,57884,,,,,,,,,,,,,,
IT1:28_185_DF_DCIS_MIGRAZIONI_1(1.0),A,ITG1,CORE,ALL,TOTAL,9,TOTAL,ITG2,X1033,X1033,2004-01-01,275,,,,,,,,,,,,,,
IT1:28_185_DF_DCIS_MIGRAZIONI_1(1.0),A,ITG1,CORE,ALL,TOTAL,9,TOTAL,IT,X1033,X1033,2005-01-01,85536,,,,,,,,,,,,,,
IT1:28_185_DF_DCIS_MIGRAZIONI_1(1.0),A,ITG1,CORE,ALL,TOTAL,9,TOTAL,ITC,X1033,X1033,2005-01-01,11331,,,,,,,,,,,,,,
IT1:28_185_DF_DCIS_MIGRAZIONI_1(1.0),A,ITG1,CORE,ALL,TOTAL,9,TOTAL,ITC1,X1033,X1033,2005-01-01,2673,,,,,,,,,,,,,,
IT1:28_185_DF_DCIS_MIGRAZIONI_1(1.0),A,ITG1,CORE,ALL,TOTAL,9,TOTAL,ITC2,X1033,X1033,2005-01-01,90,,,,,,,,,,,,,,
IT1:28_185_DF_DCIS_MIGRAZIONI_1(1.0),A,ITG1,CORE,ALL,TOTAL,9,TOTAL,ITC3,X1033,X1033,2005-01-01,915,,,,,,,,,,,,,,
IT1:28_185_DF_DCIS_MIGRAZIONI_1(1.0),A,ITG1,CORE,ALL,TOTAL,9,TOTAL,ITC4,X1033,X1033,2005-01-01,7653,,,,,,,,,,,,,,
IT1:28_185_DF_DCIS_MIGRAZIONI_1(1.0),A,ITG1,CORE,ALL,TOTAL,9,TOTAL,ITCD,X1033,X1033,2005-01-01,19587,,,,,,,,,,,,,,
IT1:28_185_DF_DCIS_MIGRAZIONI_1(1.0),A,ITG1,CORE,ALL,TOTAL,9,TOTAL,ITD,X1033,X1033,2005-01-01,8256,,,,,,,,,,,,,,
IT1:28_185_DF_DCIS_MIGRAZIONI_1(1.0),A,ITG1,CORE,ALL,TOTAL,9,TOTAL,ITD1,X1033,X1033,2005-01-01,218,,,,,,,,,,,,,,
IT1:28_185_DF_DCIS_MIGRAZIONI_1(1.0),A,ITG1,CORE,ALL,TOTAL,9,TOTAL,ITD2,X1033,X1033,2005-01-01,337,,,,,,,,,,,,,,
IT1:28_185_DF_DCIS_MIGRAZIONI_1(1.0),A,ITG1,CORE,ALL,TOTAL,9,TOTAL,ITD3,X1033,X1033,2005-01-01,2443,,,,,,,,,,,,,,
IT1:28_185_DF_DCIS_MIGRAZIONI_1(1.0),A,ITG1,CORE,ALL,TOTAL,9,TOTAL,ITD4,X1033,X1033,2005-01-01,901,,,,,,,,,,,,,,
IT1:28_185_DF_DCIS_MIGRAZIONI_1(1.0),A,ITG1,CORE,ALL,TOTAL,9,TOTAL,ITD5,X1033,X1033,2005-01-01,4357,,,,,,,,,,,,,,
IT1:28_185_DF_DCIS_MIGRAZIONI_1(1.0),A,ITG1,CORE,ALL,TOTAL,9,TOTAL,ITDA,X1033,X1033,2005-01-01,555,,,,,,,,,,,,,,
IT1:28_185_DF_DCIS_MIGRAZIONI_1(1.0),A,ITG1,CORE,ALL,TOTAL,9,TOTAL,ITE,X1033,X1033,2005-01-01,5855,,,,,,,,,,,,,,
IT1:28_185_DF_DCIS_MIGRAZIONI_1(1.0),A,ITG1,CORE,ALL,TOTAL,9,TOTAL,ITE1,X1033,X1033,2005-01-01,2381,,,,,,,,,,,,,,
IT1:28_185_DF_DCIS_MIGRAZIONI_1(1.0),A,ITG1,CORE,ALL,TOTAL,9,TOTAL,ITE2,X1033,X1033,2005-01-01,287,,,,,,,,,,,,,,
IT1:28_185_DF_DCIS_MIGRAZIONI_1(1.0),A,ITG1,CORE,ALL,TOTAL,9,TOTAL,ITE3,X1033,X1033,2005-01-01,709,,,,,,,,,,,,,,
IT1:28_185_DF_DCIS_MIGRAZIONI_1(1.0),A,ITG1,CORE,ALL,TOTAL,9,TOTAL,ITE4,X1033,X1033,2005-01-01,2478,,,,,,,,,,,,,,
IT1:28_185_DF_DCIS_MIGRAZIONI_1(1.0),A,ITG1,CORE,ALL,TOTAL,9,TOTAL,ITF,X1033,X1033,2005-01-01,2382,,,,,,,,,,,,,,
IT1:28_185_DF_DCIS_MIGRAZIONI_1(1.0),A,ITG1,CORE,ALL,TOTAL,9,TOTAL,ITF1,X1033,X1033,2005-01-01,239,,,,,,,,,,,,,,
IT1:28_185_DF_DCIS_MIGRAZIONI_1(1.0),A,ITG1,CORE,ALL,TOTAL,9,TOTAL,ITF2,X1033,X1033,2005-01-01,36,,,,,,,,,,,,,,
IT1:28_185_DF_DCIS_MIGRAZIONI_1(1.0),A,ITG1,CORE,ALL,TOTAL,9,TOTAL,ITF3,X1033,X1033,2005-01-01,691,,,,,,,,,,,,,,
IT1:28_185_DF_DCIS_MIGRAZIONI_1(1.0),A,ITG1,CORE,ALL,TOTAL,9,TOTAL,ITF4,X1033,X1033,2005-01-01,594,,,,,,,,,,,,,,
IT1:28_185_DF_DCIS_MIGRAZIONI_1(1.0),A,ITG1,CORE,ALL,TOTAL,9,TOTAL,ITF5,X1033,X1033,2005-01-01,94,,,,,,,,,,,,,,
IT1:28_185_DF_DCIS_MIGRAZIONI_1(1.0),A,ITG1,CORE,ALL,TOTAL,9,TOTAL,ITF6,X1033,X1033,2005-01-01,728,,,,,,,,,,,,,,
IT1:28_185_DF_DCIS_MIGRAZIONI_1(1.0),A,ITG1,CORE,ALL,TOTAL,9,TOTAL,ITFG,X1033,X1033,2005-01-01,60094,,,,,,,,,,,,,,
IT1:28_185_DF_DCIS_MIGRAZIONI_1(1.0),A,ITG1,CORE,ALL,TOTAL,9,TOTAL,ITG,X1033,X1033,2005-01-01,57712,,,,,,,,,,,,,,
IT1:28_185_DF_DCIS_MIGRAZIONI_1(1.0),A,ITG1,CORE,ALL,TOTAL,9,TOTAL,ITG1,X1033,X1033,2005-01-01,57419,,,,,,,,,,,,,,
IT1:28_185_DF_DCIS_MIGRAZIONI_1(1.0),A,ITG1,CORE,ALL,TOTAL,9,TOTAL,ITG2,X1033,X1033,2005-01-01,293,,,,,,,,,,,,,,
IT1:28_185_DF_DCIS_MIGRAZIONI_1(1.0),A,ITG1,CORE,ALL,TOTAL,9,TOTAL,IT,X1033,X1033,2006-01-01,87489,,,,,,,,,,,,,,
IT1:28_185_DF_DCIS_MIGRAZIONI_1(1.0),A,ITG1,CORE,ALL,TOTAL,9,TOTAL,ITC,X1033,X1033,2006-01-01,11691,,,,,,,,,,,,,,
IT1:28_185_DF_DCIS_MIGRAZIONI_1(1.0),A,ITG1,CORE,ALL,TOTAL,9,TOTAL,ITC1,X1033,X1033,2006-01-01,2677,,,,,,,,,,,,,,
IT1:28_185_DF_DCIS_MIGRAZIONI_1(1.0),A,ITG1,CORE,ALL,TOTAL,9,TOTAL,ITC2,X1033,X1033,2006-01-01,90,,,,,,,,,,,,,,
IT1:28_185_DF_DCIS_MIGRAZIONI_1(1.0),A,ITG1,CORE,ALL,TOTAL,9,TOTAL,ITC3,X1033,X1033,2006-01-01,951,,,,,,,,,,,,,,
IT1:28_185_DF_DCIS_MIGRAZIONI_1(1.0),A,ITG1,CORE,ALL,TOTAL,9,TOTAL,ITC4,X1033,X1033,2006-01-01,7973,,,,,,,,,,,,,,
IT1:28_185_DF_DCIS_MIGRAZIONI_1(1.0),A,ITG1,CORE,ALL,TOTAL,9,TOTAL,ITCD,X1033,X1033,2006-01-01,20260,,,,,,,,,,,,,,
IT1:28_185_DF_DCIS_MIGRAZIONI_1(1.0),A,ITG1,CORE,ALL,TOTAL,9,TOTAL,ITD,X1033,X1033,2006-01-01,8569,,,,,,,,,,,,,,
IT1:28_185_DF_DCIS_MIGRAZIONI_1(1.0),A,ITG1,CORE,ALL,TOTAL,9,TOTAL,ITD1,X1033,X1033,2006-01-01,201,,,,,,,,,,,,,,
IT1:28_185_DF_DCIS_MIGRAZIONI_1(1.0),A,ITG1,CORE,ALL,TOTAL,9,TOTAL,ITD2,X1033,X1033,2006-01-01,338,,,,,,,,,,,,,,
IT1:28_185_DF_DCIS_MIGRAZIONI_1(1.0),A,ITG1,CORE,ALL,TOTAL,9,TOTAL,ITD3,X1033,X1033,2006-01-01,2652,,,,,,,,,,,,,,
IT1:28_185_DF_DCIS_MIGRAZIONI_1(1.0),A,ITG1,CORE,ALL,TOTAL,9,TOTAL,ITD4,X1033,X1033,2006-01-01,858,,,,,,,,,,,,,,
IT1:28_185_DF_DCIS_MIGRAZIONI_1(1.0),A,ITG1,CORE,ALL,TOTAL,9,TOTAL,ITD5,X1033,X1033,2006-01-01,4520,,,,,,,,,,,,,,
IT1:28_185_DF_DCIS_MIGRAZIONI_1(1.0),A,ITG1,CORE,ALL,TOTAL,9,TOTAL,ITDA,X1033,X1033,2006-01-01,539,,,,,,,,,,,,,,
IT1:28_185_DF_DCIS_MIGRAZIONI_1(1.0),A,ITG1,CORE,ALL,TOTAL,9,TOTAL,ITE,X1033,X1033,2006-01-01,6001,,,,,,,,,,,,,,
IT1:28_185_DF_DCIS_MIGRAZIONI_1(1.0),A,ITG1,CORE,ALL,TOTAL,9,TOTAL,ITE1,X1033,X1033,2006-01-01,2459,,,,,,,,,,,,,,
IT1:28_185_DF_DCIS_MIGRAZIONI_1(1.0),A,ITG1,CORE,ALL,TOTAL,9,TOTAL,ITE2,X1033,X1033,2006-01-01,298,,,,,,,,,,,,,,
IT1:28_185_DF_DCIS_MIGRAZIONI_1(1.0),A,ITG1,CORE,ALL,TOTAL,9,TOTAL,ITE3,X1033,X1033,2006-01-01,763,,,,,,,,,,,,,,
IT1:28_185_DF_DCIS_MIGRAZIONI_1(1.0),A,ITG1,CORE,ALL,TOTAL,9,TOTAL,ITE4,X1033,X1033,2006-01-01,2481,,,,,,,,,,,,,,
IT1:28_185_DF_DCIS_MIGRAZIONI_1(1.0),A,ITG1,CORE,ALL,TOTAL,9,TOTAL,ITF,X1033,X1033,2006-01-01,2658,,,,,,,,,,,,,,
IT1:28_185_DF_DCIS_MIGRAZIONI_1(1.0),A,ITG1,CORE,ALL,TOTAL,9,TOTAL,ITF1,X1033,X1033,2006-01-01,233,,,,,,,,,,,,,,
IT1:28_185_DF_DCIS_MIGRAZIONI_1(1.0),A,ITG1,CORE,ALL,TOTAL,9,TOTAL,ITF2,X1033,X1033,2006-01-01,38,,,,,,,,,,,,,,
IT1:28_185_DF_DCIS_MIGRAZIONI_1(1.0),A,ITG1,CORE,ALL,TOTAL,9,TOTAL,ITF3,X1033,X1033,2006-01-01,808,,,,,,,,,,,,,,
IT1:28_185_DF_DCIS_MIGRAZIONI_1(1.0),A,ITG1,CORE,ALL,TOTAL,9,TOTAL,ITF4,X1033,X1033,2006-01-01,722,,,,,,,,,,,,,,
IT1:28_185_DF_DCIS_MIGRAZIONI_1(1.0),A,ITG1,CORE,ALL,TOTAL,9,TOTAL,ITF5,X1033,X1033,2006-01-01,76,,,,,,,,,,,,,,
IT1:28_185_DF_DCIS_MIGRAZIONI_1(1.0),A,ITG1,CORE,ALL,TOTAL,9,TOTAL,ITF6,X1033,X1033,2006-01-01,781,,,,,,,,,,,,,,
IT1:28_185_DF_DCIS_MIGRAZIONI_1(1.0),A,ITG1,CORE,ALL,TOTAL,9,TOTAL,ITFG,X1033,X1033,2006-01-01,61228,,,,,,,,,,,,,,
IT1:28_185_DF_DCIS_MIGRAZIONI_1(1.0),A,ITG1,CORE,ALL,TOTAL,9,TOTAL,ITG,X1033,X1033,2006-01-01,58570,,,,,,,,,,,,,,
IT1:28_185_DF_DCIS_MIGRAZIONI_1(1.0),A,ITG1,CORE,ALL,TOTAL,9,TOTAL,ITG1,X1033,X1033,2006-01-01,58225,,,,,,,,,,,,,,
IT1:28_185_DF_DCIS_MIGRAZIONI_1(1.0),A,ITG1,CORE,ALL,TOTAL,9,TOTAL,ITG2,X1033,X1033,2006-01-01,345,,,,,,,,,,,,,,
IT1:28_185_DF_DCIS_MIGRAZIONI_1(1.0),A,ITG1,CORE,ALL,TOTAL,9,TOTAL,IT,X1033,X1033,2007-01-01,91214,,,,,,,,,,,,,,
IT1:28_185_DF_DCIS_MIGRAZIONI_1(1.0),A,ITG1,CORE,ALL,TOTAL,9,TOTAL,ITC,X1033,X1033,2007-01-01,11800,,,,,,,,,,,,,,
IT1:28_185_DF_DCIS_MIGRAZIONI_1(1.0),A,ITG1,CORE,ALL,TOTAL,9,TOTAL,ITC1,X1033,X1033,2007-01-01,2938,,,,,,,,,,,,,,
IT1:28_185_DF_DCIS_MIGRAZIONI_1(1.0),A,ITG1,CORE,ALL,TOTAL,9,TOTAL,ITC2,X1033,X1033,2007-01-01,62,,,,,,,,,,,,,,
IT1:28_185_DF_DCIS_MIGRAZIONI_1(1.0),A,ITG1,CORE,ALL,TOTAL,9,TOTAL,ITC3,X1033,X1033,2007-01-01,976,,,,,,,,,,,,,,
IT1:28_185_DF_DCIS_MIGRAZIONI_1(1.0),A,ITG1,CORE,ALL,TOTAL,9,TOTAL,ITC4,X1033,X1033,2007-01-01,7824,,,,,,,,,,,,,,
IT1:28_185_DF_DCIS_MIGRAZIONI_1(1.0),A,ITG1,CORE,ALL,TOTAL,9,TOTAL,ITCD,X1033,X1033,2007-01-01,20265,,,,,,,,,,,,,,
IT1:28_185_DF_DCIS_MIGRAZIONI_1(1.0),A,ITG1,CORE,ALL,TOTAL,9,TOTAL,ITD,X1033,X1033,2007-01-01,8465,,,,,,,,,,,,,,
IT1:28_185_DF_DCIS_MIGRAZIONI_1(1.0),A,ITG1,CORE,ALL,TOTAL,9,TOTAL,ITD1,X1033,X1033,2007-01-01,184,,,,,,,,,,,,,,
IT1:28_185_DF_DCIS_MIGRAZIONI_1(1.0),A,ITG1,CORE,ALL,TOTAL,9,TOTAL,ITD2,X1033,X1033,2007-01-01,397,,,,,,,,,,,,,,
IT1:28_185_DF_DCIS_MIGRAZIONI_1(1.0),A,ITG1,CORE,ALL,TOTAL,9,TOTAL,ITD3,X1033,X1033,2007-01-01,2707,,,,,,,,,,,,,,
IT1:28_185_DF_DCIS_MIGRAZIONI_1(1.0),A,ITG1,CORE,ALL,TOTAL,9,TOTAL,ITD4,X1033,X1033,2007-01-01,988,,,,,,,,,,,,,,
IT1:28_185_DF_DCIS_MIGRAZIONI_1(1.0),A,ITG1,CORE,ALL,TOTAL,9,TOTAL,ITD5,X1033,X1033,2007-01-01,4189,,,,,,,,,,,,,,
IT1:28_185_DF_DCIS_MIGRAZIONI_1(1.0),A,ITG1,CORE,ALL,TOTAL,9,TOTAL,ITDA,X1033,X1033,2007-01-01,581,,,,,,,,,,,,,,
IT1:28_185_DF_DCIS_MIGRAZIONI_1(1.0),A,ITG1,CORE,ALL,TOTAL,9,TOTAL,ITE,X1033,X1033,2007-01-01,5895,,,,,,,,,,,,,,
IT1:28_185_DF_DCIS_MIGRAZIONI_1(1.0),A,ITG1,CORE,ALL,TOTAL,9,TOTAL,ITE1,X1033,X1033,2007-01-01,2460,,,,,,,,,,,,,,
IT1:28_185_DF_DCIS_MIGRAZIONI_1(1.0),A,ITG1,CORE,ALL,TOTAL,9,TOTAL,ITE2,X1033,X1033,2007-01-01,337,,,,,,,,,,,,,,
IT1:28_185_DF_DCIS_MIGRAZIONI_1(1.0),A,ITG1,CORE,ALL,TOTAL,9,TOTAL,ITE3,X1033,X1033,2007-01-01,720,,,,,,,,,,,,,,
IT1:28_185_DF_DCIS_MIGRAZIONI_1(1.0),A,ITG1,CORE,ALL,TOTAL,9,TOTAL,ITE4,X1033,X1033,2007-01-01,2378,,,,,,,,,,,,,,
IT1:28_185_DF_DCIS_MIGRAZIONI_1(1.0),A,ITG1,CORE,ALL,TOTAL,9,TOTAL,ITF,X1033,X1033,2007-01-01,2789,,,,,,,,,,,,,,
IT1:28_185_DF_DCIS_MIGRAZIONI_1(1.0),A,ITG1,CORE,ALL,TOTAL,9,TOTAL,ITF1,X1033,X1033,2007-01-01,259,,,,,,,,,,,,,,
IT1:28_185_DF_DCIS_MIGRAZIONI_1(1.0),A,ITG1,CORE,ALL,TOTAL,9,TOTAL,ITF2,X1033,X1033,2007-01-01,68,,,,,,,,,,,,,,
IT1:28_185_DF_DCIS_MIGRAZIONI_1(1.0),A,ITG1,CORE,ALL,TOTAL,9,TOTAL,ITF3,X1033,X1033,2007-01-01,799,,,,,,,,,,,,,,
IT1:28_185_DF_DCIS_MIGRAZIONI_1(1.0),A,ITG1,CORE,ALL,TOTAL,9,TOTAL,ITF4,X1033,X1033,2007-01-01,634,,,,,,,,,,,,,,
IT1:28_185_DF_DCIS_MIGRAZIONI_1(1.0),A,ITG1,CORE,ALL,TOTAL,9,TOTAL,ITF5,X1033,X1033,2007-01-01,90,,,,,,,,,,,,,,
IT1:28_185_DF_DCIS_MIGRAZIONI_1(1.0),A,ITG1,CORE,ALL,TOTAL,9,TOTAL,ITF6,X1033,X1033,2007-01-01,939,,,,,,,,,,,,,,
IT1:28_185_DF_DCIS_MIGRAZIONI_1(1.0),A,ITG1,CORE,ALL,TOTAL,9,TOTAL,ITFG,X1033,X1033,2007-01-01,65054,,,,,,,,,,,,,,
IT1:28_185_DF_DCIS_MIGRAZIONI_1(1.0),A,ITG1,CORE,ALL,TOTAL,9,TOTAL,ITG,X1033,X1033,2007-01-01,62265,,,,,,,,,,,,,,
IT1:28_185_DF_DCIS_MIGRAZIONI_1(1.0),A,ITG1,CORE,ALL,TOTAL,9,TOTAL,ITG1,X1033,X1033,2007-01-01,61978,,,,,,,,,,,,,,
IT1:28_185_DF_DCIS_MIGRAZIONI_1(1.0),A,ITG1,CORE,ALL,TOTAL,9,TOTAL,ITG2,X1033,X1033,2007-01-01,287,,,,,,,,,,,,,,
IT1:28_185_DF_DCIS_MIGRAZIONI_1(1.0),A,ITG1,CORE,ALL,TOTAL,9,TOTAL,IT,X1033,X1033,2008-01-01,93081,,,,,,,,,,,,,,
IT1:28_185_DF_DCIS_MIGRAZIONI_1(1.0),A,ITG1,CORE,ALL,TOTAL,9,TOTAL,ITC,X1033,X1033,2008-01-01,11602,,,,,,,,,,,,,,
IT1:28_185_DF_DCIS_MIGRAZIONI_1(1.0),A,ITG1,CORE,ALL,TOTAL,9,TOTAL,ITC1,X1033,X1033,2008-01-01,2977,,,,,,,,,,,,,,
IT1:28_185_DF_DCIS_MIGRAZIONI_1(1.0),A,ITG1,CORE,ALL,TOTAL,9,TOTAL,ITC2,X1033,X1033,2008-01-01,82,,,,,,,,,,,,,,
IT1:28_185_DF_DCIS_MIGRAZIONI_1(1.0),A,ITG1,CORE,ALL,TOTAL,9,TOTAL,ITC3,X1033,X1033,2008-01-01,926,,,,,,,,,,,,,,
IT1:28_185_DF_DCIS_MIGRAZIONI_1(1.0),A,ITG1,CORE,ALL,TOTAL,9,TOTAL,ITC4,X1033,X1033,2008-01-01,7617,,,,,,,,,,,,,,
IT1:28_185_DF_DCIS_MIGRAZIONI_1(1.0),A,ITG1,CORE,ALL,TOTAL,9,TOTAL,ITCD,X1033,X1033,2008-01-01,20183,,,,,,,,,,,,,,
IT1:28_185_DF_DCIS_MIGRAZIONI_1(1.0),A,ITG1,CORE,ALL,TOTAL,9,TOTAL,ITD,X1033,X1033,2008-01-01,8581,,,,,,,,,,,,,,
IT1:28_185_DF_DCIS_MIGRAZIONI_1(1.0),A,ITG1,CORE,ALL,TOTAL,9,TOTAL,ITD1,X1033,X1033,2008-01-01,227,,,,,,,,,,,,,,
IT1:28_185_DF_DCIS_MIGRAZIONI_1(1.0),A,ITG1,CORE,ALL,TOTAL,9,TOTAL,ITD2,X1033,X1033,2008-01-01,327,,,,,,,,,,,,,,
IT1:28_185_DF_DCIS_MIGRAZIONI_1(1.0),A,ITG1,CORE,ALL,TOTAL,9,TOTAL,ITD3,X1033,X1033,2008-01-01,2711,,,,,,,,,,,,,,
IT1:28_185_DF_DCIS_MIGRAZIONI_1(1.0),A,ITG1,CORE,ALL,TOTAL,9,TOTAL,ITD4,X1033,X1033,2008-01-01,897,,,,,,,,,,,,,,
IT1:28_185_DF_DCIS_MIGRAZIONI_1(1.0),A,ITG1,CORE,ALL,TOTAL,9,TOTAL,ITD5,X1033,X1033,2008-01-01,4419,,,,,,,,,,,,,,
IT1:28_185_DF_DCIS_MIGRAZIONI_1(1.0),A,ITG1,CORE,ALL,TOTAL,9,TOTAL,ITDA,X1033,X1033,2008-01-01,554,,,,,,,,,,,,,,
IT1:28_185_DF_DCIS_MIGRAZIONI_1(1.0),A,ITG1,CORE,ALL,TOTAL,9,TOTAL,ITE,X1033,X1033,2008-01-01,5766,,,,,,,,,,,,,,
IT1:28_185_DF_DCIS_MIGRAZIONI_1(1.0),A,ITG1,CORE,ALL,TOTAL,9,TOTAL,ITE1,X1033,X1033,2008-01-01,2167,,,,,,,,,,,,,,
IT1:28_185_DF_DCIS_MIGRAZIONI_1(1.0),A,ITG1,CORE,ALL,TOTAL,9,TOTAL,ITE2,X1033,X1033,2008-01-01,355,,,,,,,,,,,,,,
IT1:28_185_DF_DCIS_MIGRAZIONI_1(1.0),A,ITG1,CORE,ALL,TOTAL,9,TOTAL,ITE3,X1033,X1033,2008-01-01,676,,,,,,,,,,,,,,
IT1:28_185_DF_DCIS_MIGRAZIONI_1(1.0),A,ITG1,CORE,ALL,TOTAL,9,TOTAL,ITE4,X1033,X1033,2008-01-01,2568,,,,,,,,,,,,,,
IT1:28_185_DF_DCIS_MIGRAZIONI_1(1.0),A,ITG1,CORE,ALL,TOTAL,9,TOTAL,ITF,X1033,X1033,2008-01-01,2590,,,,,,,,,,,,,,
IT1:28_185_DF_DCIS_MIGRAZIONI_1(1.0),A,ITG1,CORE,ALL,TOTAL,9,TOTAL,ITF1,X1033,X1033,2008-01-01,282,,,,,,,,,,,,,,
IT1:28_185_DF_DCIS_MIGRAZIONI_1(1.0),A,ITG1,CORE,ALL,TOTAL,9,TOTAL,ITF2,X1033,X1033,2008-01-01,57,,,,,,,,,,,,,,
IT1:28_185_DF_DCIS_MIGRAZIONI_1(1.0),A,ITG1,CORE,ALL,TOTAL,9,TOTAL,ITF3,X1033,X1033,2008-01-01,796,,,,,,,,,,,,,,
IT1:28_185_DF_DCIS_MIGRAZIONI_1(1.0),A,ITG1,CORE,ALL,TOTAL,9,TOTAL,ITF4,X1033,X1033,2008-01-01,663,,,,,,,,,,,,,,
IT1:28_185_DF_DCIS_MIGRAZIONI_1(1.0),A,ITG1,CORE,ALL,TOTAL,9,TOTAL,ITF5,X1033,X1033,2008-01-01,54,,,,,,,,,,,,,,
IT1:28_185_DF_DCIS_MIGRAZIONI_1(1.0),A,ITG1,CORE,ALL,TOTAL,9,TOTAL,ITF6,X1033,X1033,2008-01-01,738,,,,,,,,,,,,,,
IT1:28_185_DF_DCIS_MIGRAZIONI_1(1.0),A,ITG1,CORE,ALL,TOTAL,9,TOTAL,ITFG,X1033,X1033,2008-01-01,67132,,,,,,,,,,,,,,
IT1:28_185_DF_DCIS_MIGRAZIONI_1(1.0),A,ITG1,CORE,ALL,TOTAL,9,TOTAL,ITG,X1033,X1033,2008-01-01,64542,,,,,,,,,,,,,,
IT1:28_185_DF_DCIS_MIGRAZIONI_1(1.0),A,ITG1,CORE,ALL,TOTAL,9,TOTAL,ITG1,X1033,X1033,2008-01-01,64236,,,,,,,,,,,,,,
IT1:28_185_DF_DCIS_MIGRAZIONI_1(1.0),A,ITG1,CORE,ALL,TOTAL,9,TOTAL,ITG2,X1033,X1033,2008-01-01,306,,,,,,,,,,,,,,
IT1:28_185_DF_DCIS_MIGRAZIONI_1(1.0),A,ITG1,CORE,ALL,TOTAL,9,TOTAL,IT,X1033,X1033,2009-01-01,86566,,,,,,,,,,,,,,
IT1:28_185_DF_DCIS_MIGRAZIONI_1(1.0),A,ITG1,CORE,ALL,TOTAL,9,TOTAL,ITC,X1033,X1033,2009-01-01,10760,,,,,,,,,,,,,,
IT1:28_185_DF_DCIS_MIGRAZIONI_1(1.0),A,ITG1,CORE,ALL,TOTAL,9,TOTAL,ITC1,X1033,X1033,2009-01-01,2771,,,,,,,,,,,,,,
IT1:28_185_DF_DCIS_MIGRAZIONI_1(1.0),A,ITG1,CORE,ALL,TOTAL,9,TOTAL,ITC2,X1033,X1033,2009-01-01,69,,,,,,,,,,,,,,
IT1:28_185_DF_DCIS_MIGRAZIONI_1(1.0),A,ITG1,CORE,ALL,TOTAL,9,TOTAL,ITC3,X1033,X1033,2009-01-01,845,,,,,,,,,,,,,,
IT1:28_185_DF_DCIS_MIGRAZIONI_1(1.0),A,ITG1,CORE,ALL,TOTAL,9,TOTAL,ITC4,X1033,X1033,2009-01-01,7075,,,,,,,,,,,,,,
IT1:28_185_DF_DCIS_MIGRAZIONI_1(1.0),A,ITG1,CORE,ALL,TOTAL,9,TOTAL,ITCD,X1033,X1033,2009-01-01,18025,,,,,,,,,,,,,,
IT1:28_185_DF_DCIS_MIGRAZIONI_1(1.0),A,ITG1,CORE,ALL,TOTAL,9,TOTAL,ITD,X1033,X1033,2009-01-01,7265,,,,,,,,,,,,,,
IT1:28_185_DF_DCIS_MIGRAZIONI_1(1.0),A,ITG1,CORE,ALL,TOTAL,9,TOTAL,ITD1,X1033,X1033,2009-01-01,209,,,,,,,,,,,,,,
IT1:28_185_DF_DCIS_MIGRAZIONI_1(1.0),A,ITG1,CORE,ALL,TOTAL,9,TOTAL,ITD2,X1033,X1033,2009-01-01,313,,,,,,,,,,,,,,
IT1:28_185_DF_DCIS_MIGRAZIONI_1(1.0),A,ITG1,CORE,ALL,TOTAL,9,TOTAL,ITD3,X1033,X1033,2009-01-01,2355,,,,,,,,,,,,,,
IT1:28_185_DF_DCIS_MIGRAZIONI_1(1.0),A,ITG1,CORE,ALL,TOTAL,9,TOTAL,ITD4,X1033,X1033,2009-01-01,871,,,,,,,,,,,,,,
IT1:28_185_DF_DCIS_MIGRAZIONI_1(1.0),A,ITG1,CORE,ALL,TOTAL,9,TOTAL,ITD5,X1033,X1033,2009-01-01,3517,,,,,,,,,,,,,,
IT1:28_185_DF_DCIS_MIGRAZIONI_1(1.0),A,ITG1,CORE,ALL,TOTAL,9,TOTAL,ITDA,X1033,X1033,2009-01-01,522,,,,,,,,,,,,,,
IT1:28_185_DF_DCIS_MIGRAZIONI_1(1.0),A,ITG1,CORE,ALL,TOTAL,9,TOTAL,ITE,X1033,X1033,2009-01-01,5658,,,,,,,,,,,,,,
IT1:28_185_DF_DCIS_MIGRAZIONI_1(1.0),A,ITG1,CORE,ALL,TOTAL,9,TOTAL,ITE1,X1033,X1033,2009-01-01,2394,,,,,,,,,,,,,,
IT1:28_185_DF_DCIS_MIGRAZIONI_1(1.0),A,ITG1,CORE,ALL,TOTAL,9,TOTAL,ITE2,X1033,X1033,2009-01-01,288,,,,,,,,,,,,,,
IT1:28_185_DF_DCIS_MIGRAZIONI_1(1.0),A,ITG1,CORE,ALL,TOTAL,9,TOTAL,ITE3,X1033,X1033,2009-01-01,522,,,,,,,,,,,,,,
IT1:28_185_DF_DCIS_MIGRAZIONI_1(1.0),A,ITG1,CORE,ALL,TOTAL,9,TOTAL,ITE4,X1033,X1033,2009-01-01,2454,,,,,,,,,,,,,,
IT1:28_185_DF_DCIS_MIGRAZIONI_1(1.0),A,ITG1,CORE,ALL,TOTAL,9,TOTAL,ITF,X1033,X1033,2009-01-01,2676,,,,,,,,,,,,,,
IT1:28_185_DF_DCIS_MIGRAZIONI_1(1.0),A,ITG1,CORE,ALL,TOTAL,9,TOTAL,ITF1,X1033,X1033,2009-01-01,194,,,,,,,,,,,,,,
IT1:28_185_DF_DCIS_MIGRAZIONI_1(1.0),A,ITG1,CORE,ALL,TOTAL,9,TOTAL,ITF2,X1033,X1033,2009-01-01,41,,,,,,,,,,,,,,
IT1:28_185_DF_DCIS_MIGRAZIONI_1(1.0),A,ITG1,CORE,ALL,TOTAL,9,TOTAL,ITF3,X1033,X1033,2009-01-01,890,,,,,,,,,,,,,,
IT1:28_185_DF_DCIS_MIGRAZIONI_1(1.0),A,ITG1,CORE,ALL,TOTAL,9,TOTAL,ITF4,X1033,X1033,2009-01-01,598,,,,,,,,,,,,,,
IT1:28_185_DF_DCIS_MIGRAZIONI_1(1.0),A,ITG1,CORE,ALL,TOTAL,9,TOTAL,ITF5,X1033,X1033,2009-01-01,67,,,,,,,,,,,,,,
IT1:28_185_DF_DCIS_MIGRAZIONI_1(1.0),A,ITG1,CORE,ALL,TOTAL,9,TOTAL,ITF6,X1033,X1033,2009-01-01,886,,,,,,,,,,,,,,
IT1:28_185_DF_DCIS_MIGRAZIONI_1(1.0),A,ITG1,CORE,ALL,TOTAL,9,TOTAL,ITFG,X1033,X1033,2009-01-01,62883,,,,,,,,,,,,,,
IT1:28_185_DF_DCIS_MIGRAZIONI_1(1.0),A,ITG1,CORE,ALL,TOTAL,9,TOTAL,ITG,X1033,X1033,2009-01-01,60207,,,,,,,,,,,,,,
IT1:28_185_DF_DCIS_MIGRAZIONI_1(1.0),A,ITG1,CORE,ALL,TOTAL,9,TOTAL,ITG1,X1033,X1033,2009-01-01,59913,,,,,,,,,,,,,,
IT1:28_185_DF_DCIS_MIGRAZIONI_1(1.0),A,ITG1,CORE,ALL,TOTAL,9,TOTAL,ITG2,X1033,X1033,2009-01-01,294,,,,,,,,,,,,,,
IT1:28_185_DF_DCIS_MIGRAZIONI_1(1.0),A,ITG1,CORE,ALL,TOTAL,9,TOTAL,IT,X1033,X1033,2010-01-01,89854,,,,,,,,,,,,,,
IT1:28_185_DF_DCIS_MIGRAZIONI_1(1.0),A,ITG1,CORE,ALL,TOTAL,9,TOTAL,ITC,X1033,X1033,2010-01-01,11436,,,,,,,,,,,,,,
IT1:28_185_DF_DCIS_MIGRAZIONI_1(1.0),A,ITG1,CORE,ALL,TOTAL,9,TOTAL,ITC1,X1033,X1033,2010-01-01,2758,,,,,,,,,,,,,,
IT1:28_185_DF_DCIS_MIGRAZIONI_1(1.0),A,ITG1,CORE,ALL,TOTAL,9,TOTAL,ITC2,X1033,X1033,2010-01-01,76,,,,,,,,,,,,,,
IT1:28_185_DF_DCIS_MIGRAZIONI_1(1.0),A,ITG1,CORE,ALL,TOTAL,9,TOTAL,ITC3,X1033,X1033,2010-01-01,816,,,,,,,,,,,,,,
IT1:28_185_DF_DCIS_MIGRAZIONI_1(1.0),A,ITG1,CORE,ALL,TOTAL,9,TOTAL,ITC4,X1033,X1033,2010-01-01,7786,,,,,,,,,,,,,,
IT1:28_185_DF_DCIS_MIGRAZIONI_1(1.0),A,ITG1,CORE,ALL,TOTAL,9,TOTAL,ITCD,X1033,X1033,2010-01-01,18284,,,,,,,,,,,,,,
IT1:28_185_DF_DCIS_MIGRAZIONI_1(1.0),A,ITG1,CORE,ALL,TOTAL,9,TOTAL,ITD,X1033,X1033,2010-01-01,6848,,,,,,,,,,,,,,
IT1:28_185_DF_DCIS_MIGRAZIONI_1(1.0),A,ITG1,CORE,ALL,TOTAL,9,TOTAL,ITD1,X1033,X1033,2010-01-01,223,,,,,,,,,,,,,,
IT1:28_185_DF_DCIS_MIGRAZIONI_1(1.0),A,ITG1,CORE,ALL,TOTAL,9,TOTAL,ITD2,X1033,X1033,2010-01-01,304,,,,,,,,,,,,,,
IT1:28_185_DF_DCIS_MIGRAZIONI_1(1.0),A,ITG1,CORE,ALL,TOTAL,9,TOTAL,ITD3,X1033,X1033,2010-01-01,2264,,,,,,,,,,,,,,
IT1:28_185_DF_DCIS_MIGRAZIONI_1(1.0),A,ITG1,CORE,ALL,TOTAL,9,TOTAL,ITD4,X1033,X1033,2010-01-01,746,,,,,,,,,,,,,,
IT1:28_185_DF_DCIS_MIGRAZIONI_1(1.0),A,ITG1,CORE,ALL,TOTAL,9,TOTAL,ITD5,X1033,X1033,2010-01-01,3311,,,,,,,,,,,,,,
IT1:28_185_DF_DCIS_MIGRAZIONI_1(1.0),A,ITG1,CORE,ALL,TOTAL,9,TOTAL,ITDA,X1033,X1033,2010-01-01,527,,,,,,,,,,,,,,
IT1:28_185_DF_DCIS_MIGRAZIONI_1(1.0),A,ITG1,CORE,ALL,TOTAL,9,TOTAL,ITE,X1033,X1033,2010-01-01,5590,,,,,,,,,,,,,,
IT1:28_185_DF_DCIS_MIGRAZIONI_1(1.0),A,ITG1,CORE,ALL,TOTAL,9,TOTAL,ITE1,X1033,X1033,2010-01-01,2249,,,,,,,,,,,,,,
IT1:28_185_DF_DCIS_MIGRAZIONI_1(1.0),A,ITG1,CORE,ALL,TOTAL,9,TOTAL,ITE2,X1033,X1033,2010-01-01,306,,,,,,,,,,,,,,
IT1:28_185_DF_DCIS_MIGRAZIONI_1(1.0),A,ITG1,CORE,ALL,TOTAL,9,TOTAL,ITE3,X1033,X1033,2010-01-01,460,,,,,,,,,,,,,,
IT1:28_185_DF_DCIS_MIGRAZIONI_1(1.0),A,ITG1,CORE,ALL,TOTAL,9,TOTAL,ITE4,X1033,X1033,2010-01-01,2575,,,,,,,,,,,,,,
IT1:28_185_DF_DCIS_MIGRAZIONI_1(1.0),A,ITG1,CORE,ALL,TOTAL,9,TOTAL,ITF,X1033,X1033,2010-01-01,2623,,,,,,,,,,,,,,
IT1:28_185_DF_DCIS_MIGRAZIONI_1(1.0),A,ITG1,CORE,ALL,TOTAL,9,TOTAL,ITF1,X1033,X1033,2010-01-01,208,,,,,,,,,,,,,,
IT1:28_185_DF_DCIS_MIGRAZIONI_1(1.0),A,ITG1,CORE,ALL,TOTAL,9,TOTAL,ITF2,X1033,X1033,2010-01-01,41,,,,,,,,,,,,,,
IT1:28_185_DF_DCIS_MIGRAZIONI_1(1.0),A,ITG1,CORE,ALL,TOTAL,9,TOTAL,ITF3,X1033,X1033,2010-01-01,835,,,,,,,,,,,,,,
IT1:28_185_DF_DCIS_MIGRAZIONI_1(1.0),A,ITG1,CORE,ALL,TOTAL,9,TOTAL,ITF4,X1033,X1033,2010-01-01,625,,,,,,,,,,,,,,
IT1:28_185_DF_DCIS_MIGRAZIONI_1(1.0),A,ITG1,CORE,ALL,TOTAL,9,TOTAL,ITF5,X1033,X1033,2010-01-01,75,,,,,,,,,,,,,,
IT1:28_185_DF_DCIS_MIGRAZIONI_1(1.0),A,ITG1,CORE,ALL,TOTAL,9,TOTAL,ITF6,X1033,X1033,2010-01-01,839,,,,,,,,,,,,,,
IT1:28_185_DF_DCIS_MIGRAZIONI_1(1.0),A,ITG1,CORE,ALL,TOTAL,9,TOTAL,ITFG,X1033,X1033,2010-01-01,65980,,,,,,,,,,,,,,
IT1:28_185_DF_DCIS_MIGRAZIONI_1(1.0),A,ITG1,CORE,ALL,TOTAL,9,TOTAL,ITG,X1033,X1033,2010-01-01,63357,,,,,,,,,,,,,,
IT1:28_185_DF_DCIS_MIGRAZIONI_1(1.0),A,ITG1,CORE,ALL,TOTAL,9,TOTAL,ITG1,X1033,X1033,2010-01-01,63059,,,,,,,,,,,,,,
IT1:28_185_DF_DCIS_MIGRAZIONI_1(1.0),A,ITG1,CORE,ALL,TOTAL,9,TOTAL,ITG2,X1033,X1033,2010-01-01,298,,,,,,,,,,,,,,
IT1:28_185_DF_DCIS_MIGRAZIONI_1(1.0),A,ITG1,CORE,ALL,TOTAL,9,TOTAL,IT,X1033,X1033,2011-01-01,87328,,,,,,,,,,,,,,
IT1:28_185_DF_DCIS_MIGRAZIONI_1(1.0),A,ITG1,CORE,ALL,TOTAL,9,TOTAL,ITC,X1033,X1033,2011-01-01,11207,,,,,,,,,,,,,,
IT1:28_185_DF_DCIS_MIGRAZIONI_1(1.0),A,ITG1,CORE,ALL,TOTAL,9,TOTAL,ITC1,X1033,X1033,2011-01-01,2789,,,,,,,,,,,,,,
IT1:28_185_DF_DCIS_MIGRAZIONI_1(1.0),A,ITG1,CORE,ALL,TOTAL,9,TOTAL,ITC2,X1033,X1033,2011-01-01,69,,,,,,,,,,,,,,
IT1:28_185_DF_DCIS_MIGRAZIONI_1(1.0),A,ITG1,CORE,ALL,TOTAL,9,TOTAL,ITC3,X1033,X1033,2011-01-01,832,,,,,,,,,,,,,,
IT1:28_185_DF_DCIS_MIGRAZIONI_1(1.0),A,ITG1,CORE,ALL,TOTAL,9,TOTAL,ITC4,X1033,X1033,2011-01-01,7517,,,,,,,,,,,,,,
IT1:28_185_DF_DCIS_MIGRAZIONI_1(1.0),A,ITG1,CORE,ALL,TOTAL,9,TOTAL,ITCD,X1033,X1033,2011-01-01,18347,,,,,,,,,,,,,,
IT1:28_185_DF_DCIS_MIGRAZIONI_1(1.0),A,ITG1,CORE,ALL,TOTAL,9,TOTAL,ITD,X1033,X1033,2011-01-01,7140,,,,,,,,,,,,,,
IT1:28_185_DF_DCIS_MIGRAZIONI_1(1.0),A,ITG1,CORE,ALL,TOTAL,9,TOTAL,ITD1,X1033,X1033,2011-01-01,234,,,,,,,,,,,,,,
IT1:28_185_DF_DCIS_MIGRAZIONI_1(1.0),A,ITG1,CORE,ALL,TOTAL,9,TOTAL,ITD2,X1033,X1033,2011-01-01,298,,,,,,,,,,,,,,
IT1:28_185_DF_DCIS_MIGRAZIONI_1(1.0),A,ITG1,CORE,ALL,TOTAL,9,TOTAL,ITD3,X1033,X1033,2011-01-01,2268,,,,,,,,,,,,,,
IT1:28_185_DF_DCIS_MIGRAZIONI_1(1.0),A,ITG1,CORE,ALL,TOTAL,9,TOTAL,ITD4,X1033,X1033,2011-01-01,729,,,,,,,,,,,,,,
IT1:28_185_DF_DCIS_MIGRAZIONI_1(1.0),A,ITG1,CORE,ALL,TOTAL,9,TOTAL,ITD5,X1033,X1033,2011-01-01,3611,,,,,,,,,,,,,,
IT1:28_185_DF_DCIS_MIGRAZIONI_1(1.0),A,ITG1,CORE,ALL,TOTAL,9,TOTAL,ITDA,X1033,X1033,2011-01-01,532,,,,,,,,,,,,,,
IT1:28_185_DF_DCIS_MIGRAZIONI_1(1.0),A,ITG1,CORE,ALL,TOTAL,9,TOTAL,ITE,X1033,X1033,2011-01-01,5585,,,,,,,,,,,,,,
IT1:28_185_DF_DCIS_MIGRAZIONI_1(1.0),A,ITG1,CORE,ALL,TOTAL,9,TOTAL,ITE1,X1033,X1033,2011-01-01,2232,,,,,,,,,,,,,,
IT1:28_185_DF_DCIS_MIGRAZIONI_1(1.0),A,ITG1,CORE,ALL,TOTAL,9,TOTAL,ITE2,X1033,X1033,2011-01-01,283,,,,,,,,,,,,,,
IT1:28_185_DF_DCIS_MIGRAZIONI_1(1.0),A,ITG1,CORE,ALL,TOTAL,9,TOTAL,ITE3,X1033,X1033,2011-01-01,407,,,,,,,,,,,,,,
IT1:28_185_DF_DCIS_MIGRAZIONI_1(1.0),A,ITG1,CORE,ALL,TOTAL,9,TOTAL,ITE4,X1033,X1033,2011-01-01,2663,,,,,,,,,,,,,,
IT1:28_185_DF_DCIS_MIGRAZIONI_1(1.0),A,ITG1,CORE,ALL,TOTAL,9,TOTAL,ITF,X1033,X1033,2011-01-01,2673,,,,,,,,,,,,,,
IT1:28_185_DF_DCIS_MIGRAZIONI_1(1.0),A,ITG1,CORE,ALL,TOTAL,9,TOTAL,ITF1,X1033,X1033,2011-01-01,284,,,,,,,,,,,,,,
IT1:28_185_DF_DCIS_MIGRAZIONI_1(1.0),A,ITG1,CORE,ALL,TOTAL,9,TOTAL,ITF2,X1033,X1033,2011-01-01,46,,,,,,,,,,,,,,
IT1:28_185_DF_DCIS_MIGRAZIONI_1(1.0),A,ITG1,CORE,ALL,TOTAL,9,TOTAL,ITF3,X1033,X1033,2011-01-01,827,,,,,,,,,,,,,,
IT1:28_185_DF_DCIS_MIGRAZIONI_1(1.0),A,ITG1,CORE,ALL,TOTAL,9,TOTAL,ITF4,X1033,X1033,2011-01-01,640,,,,,,,,,,,,,,
IT1:28_185_DF_DCIS_MIGRAZIONI_1(1.0),A,ITG1,CORE,ALL,TOTAL,9,TOTAL,ITF5,X1033,X1033,2011-01-01,72,,,,,,,,,,,,,,
IT1:28_185_DF_DCIS_MIGRAZIONI_1(1.0),A,ITG1,CORE,ALL,TOTAL,9,TOTAL,ITF6,X1033,X1033,2011-01-01,804,,,,,,,,,,,,,,
IT1:28_185_DF_DCIS_MIGRAZIONI_1(1.0),A,ITG1,CORE,ALL,TOTAL,9,TOTAL,ITFG,X1033,X1033,2011-01-01,63396,,,,,,,,,,,,,,
IT1:28_185_DF_DCIS_MIGRAZIONI_1(1.0),A,ITG1,CORE,ALL,TOTAL,9,TOTAL,ITG,X1033,X1033,2011-01-01,60723,,,,,,,,,,,,,,
IT1:28_185_DF_DCIS_MIGRAZIONI_1(1.0),A,ITG1,CORE,ALL,TOTAL,9,TOTAL,ITG1,X1033,X1033,2011-01-01,60420,,,,,,,,,,,,,,
IT1:28_185_DF_DCIS_MIGRAZIONI_1(1.0),A,ITG1,CORE,ALL,TOTAL,9,TOTAL,ITG2,X1033,X1033,2011-01-01,303,,,,,,,,,,,,,,
IT1:28_185_DF_DCIS_MIGRAZIONI_1(1.0),A,ITG1,CORE,ALL,TOTAL,9,TOTAL,IT,X1033,X1033,2012-01-01,107848,,,,,,,,,,,,,,
IT1:28_185_DF_DCIS_MIGRAZIONI_1(1.0),A,ITG1,CORE,ALL,TOTAL,9,TOTAL,ITC,X1033,X1033,2012-01-01,12978,,,,,,,,,,,,,,
IT1:28_185_DF_DCIS_MIGRAZIONI_1(1.0),A,ITG1,CORE,ALL,TOTAL,9,TOTAL,ITC1,X1033,X1033,2012-01-01,3342,,,,,,,,,,,,,,
IT1:28_185_DF_DCIS_MIGRAZIONI_1(1.0),A,ITG1,CORE,ALL,TOTAL,9,TOTAL,ITC2,X1033,X1033,2012-01-01,89,,,,,,,,,,,,,,
IT1:28_185_DF_DCIS_MIGRAZIONI_1(1.0),A,ITG1,CORE,ALL,TOTAL,9,TOTAL,ITC3,X1033,X1033,2012-01-01,967,,,,,,,,,,,,,,
IT1:28_185_DF_DCIS_MIGRAZIONI_1(1.0),A,ITG1,CORE,ALL,TOTAL,9,TOTAL,ITC4,X1033,X1033,2012-01-01,8580,,,,,,,,,,,,,,
IT1:28_185_DF_DCIS_MIGRAZIONI_1(1.0),A,ITG1,CORE,ALL,TOTAL,9,TOTAL,ITCD,X1033,X1033,2012-01-01,20573,,,,,,,,,,,,,,
IT1:28_185_DF_DCIS_MIGRAZIONI_1(1.0),A,ITG1,CORE,ALL,TOTAL,9,TOTAL,ITD,X1033,X1033,2012-01-01,7595,,,,,,,,,,,,,,
IT1:28_185_DF_DCIS_MIGRAZIONI_1(1.0),A,ITG1,CORE,ALL,TOTAL,9,TOTAL,ITD1,X1033,X1033,2012-01-01,222,,,,,,,,,,,,,,
IT1:28_185_DF_DCIS_MIGRAZIONI_1(1.0),A,ITG1,CORE,ALL,TOTAL,9,TOTAL,ITD2,X1033,X1033,2012-01-01,327,,,,,,,,,,,,,,
IT1:28_185_DF_DCIS_MIGRAZIONI_1(1.0),A,ITG1,CORE,ALL,TOTAL,9,TOTAL,ITD3,X1033,X1033,2012-01-01,2414,,,,,,,,,,,,,,
IT1:28_185_DF_DCIS_MIGRAZIONI_1(1.0),A,ITG1,CORE,ALL,TOTAL,9,TOTAL,ITD4,X1033,X1033,2012-01-01,924,,,,,,,,,,,,,,
IT1:28_185_DF_DCIS_MIGRAZIONI_1(1.0),A,ITG1,CORE,ALL,TOTAL,9,TOTAL,ITD5,X1033,X1033,2012-01-01,3708,,,,,,,,,,,,,,
IT1:28_185_DF_DCIS_MIGRAZIONI_1(1.0),A,ITG1,CORE,ALL,TOTAL,9,TOTAL,ITDA,X1033,X1033,2012-01-01,549,,,,,,,,,,,,,,
IT1:28_185_DF_DCIS_MIGRAZIONI_1(1.0),A,ITG1,CORE,ALL,TOTAL,9,TOTAL,ITE,X1033,X1033,2012-01-01,6947,,,,,,,,,,,,,,
IT1:28_185_DF_DCIS_MIGRAZIONI_1(1.0),A,ITG1,CORE,ALL,TOTAL,9,TOTAL,ITE1,X1033,X1033,2012-01-01,2420,,,,,,,,,,,,,,
IT1:28_185_DF_DCIS_MIGRAZIONI_1(1.0),A,ITG1,CORE,ALL,TOTAL,9,TOTAL,ITE2,X1033,X1033,2012-01-01,355,,,,,,,,,,,,,,
IT1:28_185_DF_DCIS_MIGRAZIONI_1(1.0),A,ITG1,CORE,ALL,TOTAL,9,TOTAL,ITE3,X1033,X1033,2012-01-01,492,,,,,,,,,,,,,,
IT1:28_185_DF_DCIS_MIGRAZIONI_1(1.0),A,ITG1,CORE,ALL,TOTAL,9,TOTAL,ITE4,X1033,X1033,2012-01-01,3680,,,,,,,,,,,,,,
IT1:28_185_DF_DCIS_MIGRAZIONI_1(1.0),A,ITG1,CORE,ALL,TOTAL,9,TOTAL,ITF,X1033,X1033,2012-01-01,3004,,,,,,,,,,,,,,
IT1:28_185_DF_DCIS_MIGRAZIONI_1(1.0),A,ITG1,CORE,ALL,TOTAL,9,TOTAL,ITF1,X1033,X1033,2012-01-01,281,,,,,,,,,,,,,,
IT1:28_185_DF_DCIS_MIGRAZIONI_1(1.0),A,ITG1,CORE,ALL,TOTAL,9,TOTAL,ITF2,X1033,X1033,2012-01-01,46,,,,,,,,,,,,,,
IT1:28_185_DF_DCIS_MIGRAZIONI_1(1.0),A,ITG1,CORE,ALL,TOTAL,9,TOTAL,ITF3,X1033,X1033,2012-01-01,951,,,,,,,,,,,,,,
IT1:28_185_DF_DCIS_MIGRAZIONI_1(1.0),A,ITG1,CORE,ALL,TOTAL,9,TOTAL,ITF4,X1033,X1033,2012-01-01,715,,,,,,,,,,,,,,
IT1:28_185_DF_DCIS_MIGRAZIONI_1(1.0),A,ITG1,CORE,ALL,TOTAL,9,TOTAL,ITF5,X1033,X1033,2012-01-01,75,,,,,,,,,,,,,,
IT1:28_185_DF_DCIS_MIGRAZIONI_1(1.0),A,ITG1,CORE,ALL,TOTAL,9,TOTAL,ITF6,X1033,X1033,2012-01-01,936,,,,,,,,,,,,,,
IT1:28_185_DF_DCIS_MIGRAZIONI_1(1.0),A,ITG1,CORE,ALL,TOTAL,9,TOTAL,ITFG,X1033,X1033,2012-01-01,80328,,,,,,,,,,,,,,
IT1:28_185_DF_DCIS_MIGRAZIONI_1(1.0),A,ITG1,CORE,ALL,TOTAL,9,TOTAL,ITG,X1033,X1033,2012-01-01,77324,,,,,,,,,,,,,,
IT1:28_185_DF_DCIS_MIGRAZIONI_1(1.0),A,ITG1,CORE,ALL,TOTAL,9,TOTAL,ITG1,X1033,X1033,2012-01-01,76978,,,,,,,,,,,,,,
IT1:28_185_DF_DCIS_MIGRAZIONI_1(1.0),A,ITG1,CORE,ALL,TOTAL,9,TOTAL,ITG2,X1033,X1033,2012-01-01,346,,,,,,,,,,,,,,
IT1:28_185_DF_DCIS_MIGRAZIONI_1(1.0),A,ITG1,CORE,ALL,TOTAL,9,TOTAL,IT,X1033,X1033,2013-01-01,92755,,,,,,,,,,,,,,
IT1:28_185_DF_DCIS_MIGRAZIONI_1(1.0),A,ITG1,CORE,ALL,TOTAL,9,TOTAL,ITC,X1033,X1033,2013-01-01,11337,,,,,,,,,,,,,,
IT1:28_185_DF_DCIS_MIGRAZIONI_1(1.0),A,ITG1,CORE,ALL,TOTAL,9,TOTAL,ITC1,X1033,X1033,2013-01-01,2845,,,,,,,,,,,,,,
IT1:28_185_DF_DCIS_MIGRAZIONI_1(1.0),A,ITG1,CORE,ALL,TOTAL,9,TOTAL,ITC2,X1033,X1033,2013-01-01,81,,,,,,,,,,,,,,
IT1:28_185_DF_DCIS_MIGRAZIONI_1(1.0),A,ITG1,CORE,ALL,TOTAL,9,TOTAL,ITC3,X1033,X1033,2013-01-01,865,,,,,,,,,,,,,,
IT1:28_185_DF_DCIS_MIGRAZIONI_1(1.0),A,ITG1,CORE,ALL,TOTAL,9,TOTAL,ITC4,X1033,X1033,2013-01-01,7546,,,,,,,,,,,,,,
IT1:28_185_DF_DCIS_MIGRAZIONI_1(1.0),A,ITG1,CORE,ALL,TOTAL,9,TOTAL,ITCD,X1033,X1033,2013-01-01,17797,,,,,,,,,,,,,,
IT1:28_185_DF_DCIS_MIGRAZIONI_1(1.0),A,ITG1,CORE,ALL,TOTAL,9,TOTAL,ITD,X1033,X1033,2013-01-01,6460,,,,,,,,,,,,,,
IT1:28_185_DF_DCIS_MIGRAZIONI_1(1.0),A,ITG1,CORE,ALL,TOTAL,9,TOTAL,ITD1,X1033,X1033,2013-01-01,284,,,,,,,,,,,,,,
IT1:28_185_DF_DCIS_MIGRAZIONI_1(1.0),A,ITG1,CORE,ALL,TOTAL,9,TOTAL,ITD2,X1033,X1033,2013-01-01,294,,,,,,,,,,,,,,
IT1:28_185_DF_DCIS_MIGRAZIONI_1(1.0),A,ITG1,CORE,ALL,TOTAL,9,TOTAL,ITD3,X1033,X1033,2013-01-01,1824,,,,,,,,,,,,,,
IT1:28_185_DF_DCIS_MIGRAZIONI_1(1.0),A,ITG1,CORE,ALL,TOTAL,9,TOTAL,ITD4,X1033,X1033,2013-01-01,799,,,,,,,,,,,,,,
IT1:28_185_DF_DCIS_MIGRAZIONI_1(1.0),A,ITG1,CORE,ALL,TOTAL,9,TOTAL,ITD5,X1033,X1033,2013-01-01,3259,,,,,,,,,,,,,,
IT1:28_185_DF_DCIS_MIGRAZIONI_1(1.0),A,ITG1,CORE,ALL,TOTAL,9,TOTAL,ITDA,X1033,X1033,2013-01-01,578,,,,,,,,,,,,,,
IT1:28_185_DF_DCIS_MIGRAZIONI_1(1.0),A,ITG1,CORE,ALL,TOTAL,9,TOTAL,ITE,X1033,X1033,2013-01-01,5763,,,,,,,,,,,,,,
IT1:28_185_DF_DCIS_MIGRAZIONI_1(1.0),A,ITG1,CORE,ALL,TOTAL,9,TOTAL,ITE1,X1033,X1033,2013-01-01,2066,,,,,,,,,,,,,,
IT1:28_185_DF_DCIS_MIGRAZIONI_1(1.0),A,ITG1,CORE,ALL,TOTAL,9,TOTAL,ITE2,X1033,X1033,2013-01-01,233,,,,,,,,,,,,,,
IT1:28_185_DF_DCIS_MIGRAZIONI_1(1.0),A,ITG1,CORE,ALL,TOTAL,9,TOTAL,ITE3,X1033,X1033,2013-01-01,405,,,,,,,,,,,,,,
IT1:28_185_DF_DCIS_MIGRAZIONI_1(1.0),A,ITG1,CORE,ALL,TOTAL,9,TOTAL,ITE4,X1033,X1033,2013-01-01,3059,,,,,,,,,,,,,,
IT1:28_185_DF_DCIS_MIGRAZIONI_1(1.0),A,ITG1,CORE,ALL,TOTAL,9,TOTAL,ITF,X1033,X1033,2013-01-01,2836,,,,,,,,,,,,,,
IT1:28_185_DF_DCIS_MIGRAZIONI_1(1.0),A,ITG1,CORE,ALL,TOTAL,9,TOTAL,ITF1,X1033,X1033,2013-01-01,293,,,,,,,,,,,,,,
IT1:28_185_DF_DCIS_MIGRAZIONI_1(1.0),A,ITG1,CORE,ALL,TOTAL,9,TOTAL,ITF2,X1033,X1033,2013-01-01,56,,,,,,,,,,,,,,
IT1:28_185_DF_DCIS_MIGRAZIONI_1(1.0),A,ITG1,CORE,ALL,TOTAL,9,TOTAL,ITF3,X1033,X1033,2013-01-01,920,,,,,,,,,,,,,,
IT1:28_185_DF_DCIS_MIGRAZIONI_1(1.0),A,ITG1,CORE,ALL,TOTAL,9,TOTAL,ITF4,X1033,X1033,2013-01-01,645,,,,,,,,,,,,,,
IT1:28_185_DF_DCIS_MIGRAZIONI_1(1.0),A,ITG1,CORE,ALL,TOTAL,9,TOTAL,ITF5,X1033,X1033,2013-01-01,74,,,,,,,,,,,,,,
IT1:28_185_DF_DCIS_MIGRAZIONI_1(1.0),A,ITG1,CORE,ALL,TOTAL,9,TOTAL,ITF6,X1033,X1033,2013-01-01,848,,,,,,,,,,,,,,
IT1:28_185_DF_DCIS_MIGRAZIONI_1(1.0),A,ITG1,CORE,ALL,TOTAL,9,TOTAL,ITFG,X1033,X1033,2013-01-01,69195,,,,,,,,,,,,,,
IT1:28_185_DF_DCIS_MIGRAZIONI_1(1.0),A,ITG1,CORE,ALL,TOTAL,9,TOTAL,ITG,X1033,X1033,2013-01-01,66359,,,,,,,,,,,,,,
IT1:28_185_DF_DCIS_MIGRAZIONI_1(1.0),A,ITG1,CORE,ALL,TOTAL,9,TOTAL,ITG1,X1033,X1033,2013-01-01,66002,,,,,,,,,,,,,,
IT1:28_185_DF_DCIS_MIGRAZIONI_1(1.0),A,ITG1,CORE,ALL,TOTAL,9,TOTAL,ITG2,X1033,X1033,2013-01-01,357,,,,,,,,,,,,,,
IT1:28_185_DF_DCIS_MIGRAZIONI_1(1.0),A,ITG1,CORE,ALL,TOTAL,9,TOTAL,IT,X1033,X1033,2014-01-01,88823,,,,,,,,,,,,,,
IT1:28_185_DF_DCIS_MIGRAZIONI_1(1.0),A,ITG1,CORE,ALL,TOTAL,9,TOTAL,ITC,X1033,X1033,2014-01-01,11133,,,,,,,,,,,,,,
IT1:28_185_DF_DCIS_MIGRAZIONI_1(1.0),A,ITG1,CORE,ALL,TOTAL,9,TOTAL,ITC1,X1033,X1033,2014-01-01,2696,,,,,,,,,,,,,,
IT1:28_185_DF_DCIS_MIGRAZIONI_1(1.0),A,ITG1,CORE,ALL,TOTAL,9,TOTAL,ITC2,X1033,X1033,2014-01-01,60,,,,,,,,,,,,,,
IT1:28_185_DF_DCIS_MIGRAZIONI_1(1.0),A,ITG1,CORE,ALL,TOTAL,9,TOTAL,ITC3,X1033,X1033,2014-01-01,816,,,,,,,,,,,,,,
IT1:28_185_DF_DCIS_MIGRAZIONI_1(1.0),A,ITG1,CORE,ALL,TOTAL,9,TOTAL,ITC4,X1033,X1033,2014-01-01,7561,,,,,,,,,,,,,,
IT1:28_185_DF_DCIS_MIGRAZIONI_1(1.0),A,ITG1,CORE,ALL,TOTAL,9,TOTAL,ITCD,X1033,X1033,2014-01-01,17339,,,,,,,,,,,,,,
IT1:28_185_DF_DCIS_MIGRAZIONI_1(1.0),A,ITG1,CORE,ALL,TOTAL,9,TOTAL,ITD,X1033,X1033,2014-01-01,6206,,,,,,,,,,,,,,
IT1:28_185_DF_DCIS_MIGRAZIONI_1(1.0),A,ITG1,CORE,ALL,TOTAL,9,TOTAL,ITD1,X1033,X1033,2014-01-01,211,,,,,,,,,,,,,,
IT1:28_185_DF_DCIS_MIGRAZIONI_1(1.0),A,ITG1,CORE,ALL,TOTAL,9,TOTAL,ITD2,X1033,X1033,2014-01-01,268,,,,,,,,,,,,,,
IT1:28_185_DF_DCIS_MIGRAZIONI_1(1.0),A,ITG1,CORE,ALL,TOTAL,9,TOTAL,ITD3,X1033,X1033,2014-01-01,2018,,,,,,,,,,,,,,
IT1:28_185_DF_DCIS_MIGRAZIONI_1(1.0),A,ITG1,CORE,ALL,TOTAL,9,TOTAL,ITD4,X1033,X1033,2014-01-01,748,,,,,,,,,,,,,,
IT1:28_185_DF_DCIS_MIGRAZIONI_1(1.0),A,ITG1,CORE,ALL,TOTAL,9,TOTAL,ITD5,X1033,X1033,2014-01-01,2961,,,,,,,,,,,,,,
IT1:28_185_DF_DCIS_MIGRAZIONI_1(1.0),A,ITG1,CORE,ALL,TOTAL,9,TOTAL,ITDA,X1033,X1033,2014-01-01,479,,,,,,,,,,,,,,
IT1:28_185_DF_DCIS_MIGRAZIONI_1(1.0),A,ITG1,CORE,ALL,TOTAL,9,TOTAL,ITE,X1033,X1033,2014-01-01,5543,,,,,,,,,,,,,,
IT1:28_185_DF_DCIS_MIGRAZIONI_1(1.0),A,ITG1,CORE,ALL,TOTAL,9,TOTAL,ITE1,X1033,X1033,2014-01-01,1942,,,,,,,,,,,,,,
IT1:28_185_DF_DCIS_MIGRAZIONI_1(1.0),A,ITG1,CORE,ALL,TOTAL,9,TOTAL,ITE2,X1033,X1033,2014-01-01,256,,,,,,,,,,,,,,
IT1:28_185_DF_DCIS_MIGRAZIONI_1(1.0),A,ITG1,CORE,ALL,TOTAL,9,TOTAL,ITE3,X1033,X1033,2014-01-01,351,,,,,,,,,,,,,,
IT1:28_185_DF_DCIS_MIGRAZIONI_1(1.0),A,ITG1,CORE,ALL,TOTAL,9,TOTAL,ITE4,X1033,X1033,2014-01-01,2994,,,,,,,,,,,,,,
IT1:28_185_DF_DCIS_MIGRAZIONI_1(1.0),A,ITG1,CORE,ALL,TOTAL,9,TOTAL,ITF,X1033,X1033,2014-01-01,2670,,,,,,,,,,,,,,
IT1:28_185_DF_DCIS_MIGRAZIONI_1(1.0),A,ITG1,CORE,ALL,TOTAL,9,TOTAL,ITF1,X1033,X1033,2014-01-01,276,,,,,,,,,,,,,,
IT1:28_185_DF_DCIS_MIGRAZIONI_1(1.0),A,ITG1,CORE,ALL,TOTAL,9,TOTAL,ITF2,X1033,X1033,2014-01-01,42,,,,,,,,,,,,,,
IT1:28_185_DF_DCIS_MIGRAZIONI_1(1.0),A,ITG1,CORE,ALL,TOTAL,9,TOTAL,ITF3,X1033,X1033,2014-01-01,899,,,,,,,,,,,,,,
IT1:28_185_DF_DCIS_MIGRAZIONI_1(1.0),A,ITG1,CORE,ALL,TOTAL,9,TOTAL,ITF4,X1033,X1033,2014-01-01,589,,,,,,,,,,,,,,
IT1:28_185_DF_DCIS_MIGRAZIONI_1(1.0),A,ITG1,CORE,ALL,TOTAL,9,TOTAL,ITF5,X1033,X1033,2014-01-01,60,,,,,,,,,,,,,,
IT1:28_185_DF_DCIS_MIGRAZIONI_1(1.0),A,ITG1,CORE,ALL,TOTAL,9,TOTAL,ITF6,X1033,X1033,2014-01-01,804,,,,,,,,,,,,,,
IT1:28_185_DF_DCIS_MIGRAZIONI_1(1.0),A,ITG1,CORE,ALL,TOTAL,9,TOTAL,ITFG,X1033,X1033,2014-01-01,65941,,,,,,,,,,,,,,
IT1:28_185_DF_DCIS_MIGRAZIONI_1(1.0),A,ITG1,CORE,ALL,TOTAL,9,TOTAL,ITG,X1033,X1033,2014-01-01,63271,,,,,,,,,,,,,,
IT1:28_185_DF_DCIS_MIGRAZIONI_1(1.0),A,ITG1,CORE,ALL,TOTAL,9,TOTAL,ITG1,X1033,X1033,2014-01-01,62926,,,,,,,,,,,,,,
IT1:28_185_DF_DCIS_MIGRAZIONI_1(1.0),A,ITG1,CORE,ALL,TOTAL,9,TOTAL,ITG2,X1033,X1033,2014-01-01,345,,,,,,,,,,,,,,
IT1:28_185_DF_DCIS_MIGRAZIONI_1(1.0),A,ITG1,CORE,ALL,TOTAL,9,TOTAL,IT,X1033,X1033,2015-01-01,85613,,,,,,,,,,,,,,
IT1:28_185_DF_DCIS_MIGRAZIONI_1(1.0),A,ITG1,CORE,ALL,TOTAL,9,TOTAL,ITC,X1033,X1033,2015-01-01,11211,,,,,,,,,,,,,,
IT1:28_185_DF_DCIS_MIGRAZIONI_1(1.0),A,ITG1,CORE,ALL,TOTAL,9,TOTAL,ITC1,X1033,X1033,2015-01-01,2861,,,,,,,,,,,,,,
IT1:28_185_DF_DCIS_MIGRAZIONI_1(1.0),A,ITG1,CORE,ALL,TOTAL,9,TOTAL,ITC2,X1033,X1033,2015-01-01,78,,,,,,,,,,,,,,
IT1:28_185_DF_DCIS_MIGRAZIONI_1(1.0),A,ITG1,CORE,ALL,TOTAL,9,TOTAL,ITC3,X1033,X1033,2015-01-01,858,,,,,,,,,,,,,,
IT1:28_185_DF_DCIS_MIGRAZIONI_1(1.0),A,ITG1,CORE,ALL,TOTAL,9,TOTAL,ITC4,X1033,X1033,2015-01-01,7414,,,,,,,,,,,,,,
IT1:28_185_DF_DCIS_MIGRAZIONI_1(1.0),A,ITG1,CORE,ALL,TOTAL,9,TOTAL,ITCD,X1033,X1033,2015-01-01,17622,,,,,,,,,,,,,,
IT1:28_185_DF_DCIS_MIGRAZIONI_1(1.0),A,ITG1,CORE,ALL,TOTAL,9,TOTAL,ITD,X1033,X1033,2015-01-01,6411,,,,,,,,,,,,,,
IT1:28_185_DF_DCIS_MIGRAZIONI_1(1.0),A,ITG1,CORE,ALL,TOTAL,9,TOTAL,ITD1,X1033,X1033,2015-01-01,236,,,,,,,,,,,,,,
IT1:28_185_DF_DCIS_MIGRAZIONI_1(1.0),A,ITG1,CORE,ALL,TOTAL,9,TOTAL,ITD2,X1033,X1033,2015-01-01,271,,,,,,,,,,,,,,
IT1:28_185_DF_DCIS_MIGRAZIONI_1(1.0),A,ITG1,CORE,ALL,TOTAL,9,TOTAL,ITD3,X1033,X1033,2015-01-01,2032,,,,,,,,,,,,,,
IT1:28_185_DF_DCIS_MIGRAZIONI_1(1.0),A,ITG1,CORE,ALL,TOTAL,9,TOTAL,ITD4,X1033,X1033,2015-01-01,748,,,,,,,,,,,,,,
IT1:28_185_DF_DCIS_MIGRAZIONI_1(1.0),A,ITG1,CORE,ALL,TOTAL,9,TOTAL,ITD5,X1033,X1033,2015-01-01,3124,,,,,,,,,,,,,,
IT1:28_185_DF_DCIS_MIGRAZIONI_1(1.0),A,ITG1,CORE,ALL,TOTAL,9,TOTAL,ITDA,X1033,X1033,2015-01-01,507,,,,,,,,,,,,,,
IT1:28_185_DF_DCIS_MIGRAZIONI_1(1.0),A,ITG1,CORE,ALL,TOTAL,9,TOTAL,ITE,X1033,X1033,2015-01-01,5678,,,,,,,,,,,,,,
IT1:28_185_DF_DCIS_MIGRAZIONI_1(1.0),A,ITG1,CORE,ALL,TOTAL,9,TOTAL,ITE1,X1033,X1033,2015-01-01,2081,,,,,,,,,,,,,,
IT1:28_185_DF_DCIS_MIGRAZIONI_1(1.0),A,ITG1,CORE,ALL,TOTAL,9,TOTAL,ITE2,X1033,X1033,2015-01-01,261,,,,,,,,,,,,,,
IT1:28_185_DF_DCIS_MIGRAZIONI_1(1.0),A,ITG1,CORE,ALL,TOTAL,9,TOTAL,ITE3,X1033,X1033,2015-01-01,410,,,,,,,,,,,,,,
IT1:28_185_DF_DCIS_MIGRAZIONI_1(1.0),A,ITG1,CORE,ALL,TOTAL,9,TOTAL,ITE4,X1033,X1033,2015-01-01,2926,,,,,,,,,,,,,,
IT1:28_185_DF_DCIS_MIGRAZIONI_1(1.0),A,ITG1,CORE,ALL,TOTAL,9,TOTAL,ITF,X1033,X1033,2015-01-01,2713,,,,,,,,,,,,,,
IT1:28_185_DF_DCIS_MIGRAZIONI_1(1.0),A,ITG1,CORE,ALL,TOTAL,9,TOTAL,ITF1,X1033,X1033,2015-01-01,241,,,,,,,,,,,,,,
IT1:28_185_DF_DCIS_MIGRAZIONI_1(1.0),A,ITG1,CORE,ALL,TOTAL,9,TOTAL,ITF2,X1033,X1033,2015-01-01,34,,,,,,,,,,,,,,
IT1:28_185_DF_DCIS_MIGRAZIONI_1(1.0),A,ITG1,CORE,ALL,TOTAL,9,TOTAL,ITF3,X1033,X1033,2015-01-01,908,,,,,,,,,,,,,,
IT1:28_185_DF_DCIS_MIGRAZIONI_1(1.0),A,ITG1,CORE,ALL,TOTAL,9,TOTAL,ITF4,X1033,X1033,2015-01-01,661,,,,,,,,,,,,,,
IT1:28_185_DF_DCIS_MIGRAZIONI_1(1.0),A,ITG1,CORE,ALL,TOTAL,9,TOTAL,ITF5,X1033,X1033,2015-01-01,70,,,,,,,,,,,,,,
IT1:28_185_DF_DCIS_MIGRAZIONI_1(1.0),A,ITG1,CORE,ALL,TOTAL,9,TOTAL,ITF6,X1033,X1033,2015-01-01,799,,,,,,,,,,,,,,
IT1:28_185_DF_DCIS_MIGRAZIONI_1(1.0),A,ITG1,CORE,ALL,TOTAL,9,TOTAL,ITFG,X1033,X1033,2015-01-01,62313,,,,,,,,,,,,,,
IT1:28_185_DF_DCIS_MIGRAZIONI_1(1.0),A,ITG1,CORE,ALL,TOTAL,9,TOTAL,ITG,X1033,X1033,2015-01-01,59600,,,,,,,,,,,,,,
IT1:28_185_DF_DCIS_MIGRAZIONI_1(1.0),A,ITG1,CORE,ALL,TOTAL,9,TOTAL,ITG1,X1033,X1033,2015-01-01,59306,,,,,,,,,,,,,,
IT1:28_185_DF_DCIS_MIGRAZIONI_1(1.0),A,ITG1,CORE,ALL,TOTAL,9,TOTAL,ITG2,X1033,X1033,2015-01-01,294,,,,,,,,,,,,,,
IT1:28_185_DF_DCIS_MIGRAZIONI_1(1.0),A,ITG1,CORE,ALL,TOTAL,9,TOTAL,IT,X1033,X1033,2016-01-01,90463,,,,,,,,,,,,,,
IT1:28_185_DF_DCIS_MIGRAZIONI_1(1.0),A,ITG1,CORE,ALL,TOTAL,9,TOTAL,ITC,X1033,X1033,2016-01-01,11967,,,,,,,,,,,,,,
IT1:28_185_DF_DCIS_MIGRAZIONI_1(1.0),A,ITG1,CORE,ALL,TOTAL,9,TOTAL,ITC1,X1033,X1033,2016-01-01,2970,,,,,,,,,,,,,,
IT1:28_185_DF_DCIS_MIGRAZIONI_1(1.0),A,ITG1,CORE,ALL,TOTAL,9,TOTAL,ITC2,X1033,X1033,2016-01-01,62,,,,,,,,,,,,,,
IT1:28_185_DF_DCIS_MIGRAZIONI_1(1.0),A,ITG1,CORE,ALL,TOTAL,9,TOTAL,ITC3,X1033,X1033,2016-01-01,913,,,,,,,,,,,,,,
IT1:28_185_DF_DCIS_MIGRAZIONI_1(1.0),A,ITG1,CORE,ALL,TOTAL,9,TOTAL,ITC4,X1033,X1033,2016-01-01,8022,,,,,,,,,,,,,,
IT1:28_185_DF_DCIS_MIGRAZIONI_1(1.0),A,ITG1,CORE,ALL,TOTAL,9,TOTAL,ITCD,X1033,X1033,2016-01-01,19118,,,,,,,,,,,,,,
IT1:28_185_DF_DCIS_MIGRAZIONI_1(1.0),A,ITG1,CORE,ALL,TOTAL,9,TOTAL,ITD,X1033,X1033,2016-01-01,7151,,,,,,,,,,,,,,
IT1:28_185_DF_DCIS_MIGRAZIONI_1(1.0),A,ITG1,CORE,ALL,TOTAL,9,TOTAL,ITD1,X1033,X1033,2016-01-01,245,,,,,,,,,,,,,,
IT1:28_185_DF_DCIS_MIGRAZIONI_1(1.0),A,ITG1,CORE,ALL,TOTAL,9,TOTAL,ITD2,X1033,X1033,2016-01-01,266,,,,,,,,,,,,,,
IT1:28_185_DF_DCIS_MIGRAZIONI_1(1.0),A,ITG1,CORE,ALL,TOTAL,9,TOTAL,ITD3,X1033,X1033,2016-01-01,2326,,,,,,,,,,,,,,
IT1:28_185_DF_DCIS_MIGRAZIONI_1(1.0),A,ITG1,CORE,ALL,TOTAL,9,TOTAL,ITD4,X1033,X1033,2016-01-01,733,,,,,,,,,,,,,,
IT1:28_185_DF_DCIS_MIGRAZIONI_1(1.0),A,ITG1,CORE,ALL,TOTAL,9,TOTAL,ITD5,X1033,X1033,2016-01-01,3581,,,,,,,,,,,,,,
IT1:28_185_DF_DCIS_MIGRAZIONI_1(1.0),A,ITG1,CORE,ALL,TOTAL,9,TOTAL,ITDA,X1033,X1033,2016-01-01,511,,,,,,,,,,,,,,
IT1:28_185_DF_DCIS_MIGRAZIONI_1(1.0),A,ITG1,CORE,ALL,TOTAL,9,TOTAL,ITE,X1033,X1033,2016-01-01,6000,,,,,,,,,,,,,,
IT1:28_185_DF_DCIS_MIGRAZIONI_1(1.0),A,ITG1,CORE,ALL,TOTAL,9,TOTAL,ITE1,X1033,X1033,2016-01-01,2189,,,,,,,,,,,,,,
IT1:28_185_DF_DCIS_MIGRAZIONI_1(1.0),A,ITG1,CORE,ALL,TOTAL,9,TOTAL,ITE2,X1033,X1033,2016-01-01,301,,,,,,,,,,,,,,
IT1:28_185_DF_DCIS_MIGRAZIONI_1(1.0),A,ITG1,CORE,ALL,TOTAL,9,TOTAL,ITE3,X1033,X1033,2016-01-01,448,,,,,,,,,,,,,,
IT1:28_185_DF_DCIS_MIGRAZIONI_1(1.0),A,ITG1,CORE,ALL,TOTAL,9,TOTAL,ITE4,X1033,X1033,2016-01-01,3062,,,,,,,,,,,,,,
IT1:28_185_DF_DCIS_MIGRAZIONI_1(1.0),A,ITG1,CORE,ALL,TOTAL,9,TOTAL,ITF,X1033,X1033,2016-01-01,2800,,,,,,,,,,,,,,
IT1:28_185_DF_DCIS_MIGRAZIONI_1(1.0),A,ITG1,CORE,ALL,TOTAL,9,TOTAL,ITF1,X1033,X1033,2016-01-01,245,,,,,,,,,,,,,,
IT1:28_185_DF_DCIS_MIGRAZIONI_1(1.0),A,ITG1,CORE,ALL,TOTAL,9,TOTAL,ITF2,X1033,X1033,2016-01-01,62,,,,,,,,,,,,,,
IT1:28_185_DF_DCIS_MIGRAZIONI_1(1.0),A,ITG1,CORE,ALL,TOTAL,9,TOTAL,ITF3,X1033,X1033,2016-01-01,947,,,,,,,,,,,,,,
IT1:28_185_DF_DCIS_MIGRAZIONI_1(1.0),A,ITG1,CORE,ALL,TOTAL,9,TOTAL,ITF4,X1033,X1033,2016-01-01,671,,,,,,,,,,,,,,
IT1:28_185_DF_DCIS_MIGRAZIONI_1(1.0),A,ITG1,CORE,ALL,TOTAL,9,TOTAL,ITF5,X1033,X1033,2016-01-01,99,,,,,,,,,,,,,,
IT1:28_185_DF_DCIS_MIGRAZIONI_1(1.0),A,ITG1,CORE,ALL,TOTAL,9,TOTAL,ITF6,X1033,X1033,2016-01-01,776,,,,,,,,,,,,,,
IT1:28_185_DF_DCIS_MIGRAZIONI_1(1.0),A,ITG1,CORE,ALL,TOTAL,9,TOTAL,ITFG,X1033,X1033,2016-01-01,65345,,,,,,,,,,,,,,
IT1:28_185_DF_DCIS_MIGRAZIONI_1(1.0),A,ITG1,CORE,ALL,TOTAL,9,TOTAL,ITG,X1033,X1033,2016-01-01,62545,,,,,,,,,,,,,,
IT1:28_185_DF_DCIS_MIGRAZIONI_1(1.0),A,ITG1,CORE,ALL,TOTAL,9,TOTAL,ITG1,X1033,X1033,2016-01-01,62167,,,,,,,,,,,,,,
IT1:28_185_DF_DCIS_MIGRAZIONI_1(1.0),A,ITG1,CORE,ALL,TOTAL,9,TOTAL,ITG2,X1033,X1033,2016-01-01,378,,,,,,,,,,,,,,
IT1:28_185_DF_DCIS_MIGRAZIONI_1(1.0),A,ITG1,CORE,ALL,TOTAL,9,TOTAL,IT,X1033,X1033,2017-01-01,90622,,,,,,,,,,,,,,
IT1:28_185_DF_DCIS_MIGRAZIONI_1(1.0),A,ITG1,CORE,ALL,TOTAL,9,TOTAL,ITC,X1033,X1033,2017-01-01,12631,,,,,,,,,,,,,,
IT1:28_185_DF_DCIS_MIGRAZIONI_1(1.0),A,ITG1,CORE,ALL,TOTAL,9,TOTAL,ITC1,X1033,X1033,2017-01-01,3121,,,,,,,,,,,,,,
IT1:28_185_DF_DCIS_MIGRAZIONI_1(1.0),A,ITG1,CORE,ALL,TOTAL,9,TOTAL,ITC2,X1033,X1033,2017-01-01,68,,,,,,,,,,,,,,
IT1:28_185_DF_DCIS_MIGRAZIONI_1(1.0),A,ITG1,CORE,ALL,TOTAL,9,TOTAL,ITC3,X1033,X1033,2017-01-01,955,,,,,,,,,,,,,,
IT1:28_185_DF_DCIS_MIGRAZIONI_1(1.0),A,ITG1,CORE,ALL,TOTAL,9,TOTAL,ITC4,X1033,X1033,2017-01-01,8487,,,,,,,,,,,,,,
IT1:28_185_DF_DCIS_MIGRAZIONI_1(1.0),A,ITG1,CORE,ALL,TOTAL,9,TOTAL,ITCD,X1033,X1033,2017-01-01,20595,,,,,,,,,,,,,,
IT1:28_185_DF_DCIS_MIGRAZIONI_1(1.0),A,ITG1,CORE,ALL,TOTAL,9,TOTAL,ITD,X1033,X1033,2017-01-01,7964,,,,,,,,,,,,,,
IT1:28_185_DF_DCIS_MIGRAZIONI_1(1.0),A,ITG1,CORE,ALL,TOTAL,9,TOTAL,ITD1,X1033,X1033,2017-01-01,208,,,,,,,,,,,,,,
IT1:28_185_DF_DCIS_MIGRAZIONI_1(1.0),A,ITG1,CORE,ALL,TOTAL,9,TOTAL,ITD2,X1033,X1033,2017-01-01,284,,,,,,,,,,,,,,
IT1:28_185_DF_DCIS_MIGRAZIONI_1(1.0),A,ITG1,CORE,ALL,TOTAL,9,TOTAL,ITD3,X1033,X1033,2017-01-01,2626,,,,,,,,,,,,,,
IT1:28_185_DF_DCIS_MIGRAZIONI_1(1.0),A,ITG1,CORE,ALL,TOTAL,9,TOTAL,ITD4,X1033,X1033,2017-01-01,887,,,,,,,,,,,,,,
IT1:28_185_DF_DCIS_MIGRAZIONI_1(1.0),A,ITG1,CORE,ALL,TOTAL,9,TOTAL,ITD5,X1033,X1033,2017-01-01,3959,,,,,,,,,,,,,,
IT1:28_185_DF_DCIS_MIGRAZIONI_1(1.0),A,ITG1,CORE,ALL,TOTAL,9,TOTAL,ITDA,X1033,X1033,2017-01-01,492,,,,,,,,,,,,,,
IT1:28_185_DF_DCIS_MIGRAZIONI_1(1.0),A,ITG1,CORE,ALL,TOTAL,9,TOTAL,ITE,X1033,X1033,2017-01-01,5815,,,,,,,,,,,,,,
IT1:28_185_DF_DCIS_MIGRAZIONI_1(1.0),A,ITG1,CORE,ALL,TOTAL,9,TOTAL,ITE1,X1033,X1033,2017-01-01,2113,,,,,,,,,,,,,,
IT1:28_185_DF_DCIS_MIGRAZIONI_1(1.0),A,ITG1,CORE,ALL,TOTAL,9,TOTAL,ITE2,X1033,X1033,2017-01-01,261,,,,,,,,,,,,,,
IT1:28_185_DF_DCIS_MIGRAZIONI_1(1.0),A,ITG1,CORE,ALL,TOTAL,9,TOTAL,ITE3,X1033,X1033,2017-01-01,456,,,,,,,,,,,,,,
IT1:28_185_DF_DCIS_MIGRAZIONI_1(1.0),A,ITG1,CORE,ALL,TOTAL,9,TOTAL,ITE4,X1033,X1033,2017-01-01,2985,,,,,,,,,,,,,,
IT1:28_185_DF_DCIS_MIGRAZIONI_1(1.0),A,ITG1,CORE,ALL,TOTAL,9,TOTAL,ITF,X1033,X1033,2017-01-01,2698,,,,,,,,,,,,,,
IT1:28_185_DF_DCIS_MIGRAZIONI_1(1.0),A,ITG1,CORE,ALL,TOTAL,9,TOTAL,ITF1,X1033,X1033,2017-01-01,206,,,,,,,,,,,,,,
IT1:28_185_DF_DCIS_MIGRAZIONI_1(1.0),A,ITG1,CORE,ALL,TOTAL,9,TOTAL,ITF2,X1033,X1033,2017-01-01,28,,,,,,,,,,,,,,
IT1:28_185_DF_DCIS_MIGRAZIONI_1(1.0),A,ITG1,CORE,ALL,TOTAL,9,TOTAL,ITF3,X1033,X1033,2017-01-01,885,,,,,,,,,,,,,,
IT1:28_185_DF_DCIS_MIGRAZIONI_1(1.0),A,ITG1,CORE,ALL,TOTAL,9,TOTAL,ITF4,X1033,X1033,2017-01-01,682,,,,,,,,,,,,,,
IT1:28_185_DF_DCIS_MIGRAZIONI_1(1.0),A,ITG1,CORE,ALL,TOTAL,9,TOTAL,ITF5,X1033,X1033,2017-01-01,118,,,,,,,,,,,,,,
IT1:28_185_DF_DCIS_MIGRAZIONI_1(1.0),A,ITG1,CORE,ALL,TOTAL,9,TOTAL,ITF6,X1033,X1033,2017-01-01,779,,,,,,,,,,,,,,
IT1:28_185_DF_DCIS_MIGRAZIONI_1(1.0),A,ITG1,CORE,ALL,TOTAL,9,TOTAL,ITFG,X1033,X1033,2017-01-01,64212,,,,,,,,,,,,,,
IT1:28_185_DF_DCIS_MIGRAZIONI_1(1.0),A,ITG1,CORE,ALL,TOTAL,9,TOTAL,ITG,X1033,X1033,2017-01-01,61514,,,,,,,,,,,,,,
IT1:28_185_DF_DCIS_MIGRAZIONI_1(1.0),A,ITG1,CORE,ALL,TOTAL,9,TOTAL,ITG1,X1033,X1033,2017-01-01,61248,,,,,,,,,,,,,,
IT1:28_185_DF_DCIS_MIGRAZIONI_1(1.0),A,ITG1,CORE,ALL,TOTAL,9,TOTAL,ITG2,X1033,X1033,2017-01-01,266,,,,,,,,,,,,,,
IT1:28_185_DF_DCIS_MIGRAZIONI_1(1.0),A,ITG1,CORE,ALL,TOTAL,9,TOTAL,IT,X1033,X1033,2018-01-01,94549,,,,,,,,,,,,,,
IT1:28_185_DF_DCIS_MIGRAZIONI_1(1.0),A,ITG1,CORE,ALL,TOTAL,9,TOTAL,ITC,X1033,X1033,2018-01-01,13614,,,,,,,,,,,,,,
IT1:28_185_DF_DCIS_MIGRAZIONI_1(1.0),A,ITG1,CORE,ALL,TOTAL,9,TOTAL,ITC1,X1033,X1033,2018-01-01,3220,,,,,,,,,,,,,,
IT1:28_185_DF_DCIS_MIGRAZIONI_1(1.0),A,ITG1,CORE,ALL,TOTAL,9,TOTAL,ITC2,X1033,X1033,2018-01-01,53,,,,,,,,,,,,,,
IT1:28_185_DF_DCIS_MIGRAZIONI_1(1.0),A,ITG1,CORE,ALL,TOTAL,9,TOTAL,ITC3,X1033,X1033,2018-01-01,989,,,,,,,,,,,,,,
IT1:28_185_DF_DCIS_MIGRAZIONI_1(1.0),A,ITG1,CORE,ALL,TOTAL,9,TOTAL,ITC4,X1033,X1033,2018-01-01,9352,,,,,,,,,,,,,,
IT1:28_185_DF_DCIS_MIGRAZIONI_1(1.0),A,ITG1,CORE,ALL,TOTAL,9,TOTAL,ITCD,X1033,X1033,2018-01-01,22798,,,,,,,,,,,,,,
IT1:28_185_DF_DCIS_MIGRAZIONI_1(1.0),A,ITG1,CORE,ALL,TOTAL,9,TOTAL,ITD,X1033,X1033,2018-01-01,9184,,,,,,,,,,,,,,
IT1:28_185_DF_DCIS_MIGRAZIONI_1(1.0),A,ITG1,CORE,ALL,TOTAL,9,TOTAL,ITD1,X1033,X1033,2018-01-01,353,,,,,,,,,,,,,,
IT1:28_185_DF_DCIS_MIGRAZIONI_1(1.0),A,ITG1,CORE,ALL,TOTAL,9,TOTAL,ITD2,X1033,X1033,2018-01-01,375,,,,,,,,,,,,,,
IT1:28_185_DF_DCIS_MIGRAZIONI_1(1.0),A,ITG1,CORE,ALL,TOTAL,9,TOTAL,ITD3,X1033,X1033,2018-01-01,3109,,,,,,,,,,,,,,
IT1:28_185_DF_DCIS_MIGRAZIONI_1(1.0),A,ITG1,CORE,ALL,TOTAL,9,TOTAL,ITD4,X1033,X1033,2018-01-01,1051,,,,,,,,,,,,,,
IT1:28_185_DF_DCIS_MIGRAZIONI_1(1.0),A,ITG1,CORE,ALL,TOTAL,9,TOTAL,ITD5,X1033,X1033,2018-01-01,4296,,,,,,,,,,,,,,
IT1:28_185_DF_DCIS_MIGRAZIONI_1(1.0),A,ITG1,CORE,ALL,TOTAL,9,TOTAL,ITDA,X1033,X1033,2018-01-01,728,,,,,,,,,,,,,,
IT1:28_185_DF_DCIS_MIGRAZIONI_1(1.0),A,ITG1,CORE,ALL,TOTAL,9,TOTAL,ITE,X1033,X1033,2018-01-01,5885,,,,,,,,,,,,,,
IT1:28_185_DF_DCIS_MIGRAZIONI_1(1.0),A,ITG1,CORE,ALL,TOTAL,9,TOTAL,ITE1,X1033,X1033,2018-01-01,2169,,,,,,,,,,,,,,
IT1:28_185_DF_DCIS_MIGRAZIONI_1(1.0),A,ITG1,CORE,ALL,TOTAL,9,TOTAL,ITE2,X1033,X1033,2018-01-01,290,,,,,,,,,,,,,,
IT1:28_185_DF_DCIS_MIGRAZIONI_1(1.0),A,ITG1,CORE,ALL,TOTAL,9,TOTAL,ITE3,X1033,X1033,2018-01-01,466,,,,,,,,,,,,,,
IT1:28_185_DF_DCIS_MIGRAZIONI_1(1.0),A,ITG1,CORE,ALL,TOTAL,9,TOTAL,ITE4,X1033,X1033,2018-01-01,2960,,,,,,,,,,,,,,
IT1:28_185_DF_DCIS_MIGRAZIONI_1(1.0),A,ITG1,CORE,ALL,TOTAL,9,TOTAL,ITF,X1033,X1033,2018-01-01,2518,,,,,,,,,,,,,,
IT1:28_185_DF_DCIS_MIGRAZIONI_1(1.0),A,ITG1,CORE,ALL,TOTAL,9,TOTAL,ITF1,X1033,X1033,2018-01-01,236,,,,,,,,,,,,,,
IT1:28_185_DF_DCIS_MIGRAZIONI_1(1.0),A,ITG1,CORE,ALL,TOTAL,9,TOTAL,ITF2,X1033,X1033,2018-01-01,43,,,,,,,,,,,,,,
IT1:28_185_DF_DCIS_MIGRAZIONI_1(1.0),A,ITG1,CORE,ALL,TOTAL,9,TOTAL,ITF3,X1033,X1033,2018-01-01,806,,,,,,,,,,,,,,
IT1:28_185_DF_DCIS_MIGRAZIONI_1(1.0),A,ITG1,CORE,ALL,TOTAL,9,TOTAL,ITF4,X1033,X1033,2018-01-01,704,,,,,,,,,,,,,,
IT1:28_185_DF_DCIS_MIGRAZIONI_1(1.0),A,ITG1,CORE,ALL,TOTAL,9,TOTAL,ITF5,X1033,X1033,2018-01-01,70,,,,,,,,,,,,,,
IT1:28_185_DF_DCIS_MIGRAZIONI_1(1.0),A,ITG1,CORE,ALL,TOTAL,9,TOTAL,ITF6,X1033,X1033,2018-01-01,659,,,,,,,,,,,,,,
IT1:28_185_DF_DCIS_MIGRAZIONI_1(1.0),A,ITG1,CORE,ALL,TOTAL,9,TOTAL,ITFG,X1033,X1033,2018-01-01,65866,,,,,,,,,,,,,,
IT1:28_185_DF_DCIS_MIGRAZIONI_1(1.0),A,ITG1,CORE,ALL,TOTAL,9,TOTAL,ITG,X1033,X1033,2018-01-01,63348,,,,,,,,,,,,,,
IT1:28_185_DF_DCIS_MIGRAZIONI_1(1.0),A,ITG1,CORE,ALL,TOTAL,9,TOTAL,ITG1,X1033,X1033,2018-01-01,63038,,,,,,,,,,,,,,
IT1:28_185_DF_DCIS_MIGRAZIONI_1(1.0),A,ITG1,CORE,ALL,TOTAL,9,TOTAL,ITG2,X1033,X1033,2018-01-01,310,,,,,,,,,,,,,,
IT1:28_185_DF_DCIS_MIGRAZIONI_1(1.0),A,ITG1,CORE,ALL,TOTAL,9,TOTAL,IT,X1033,X1033,2019-01-01,102001,,,,,,,,,,,,,,
IT1:28_185_DF_DCIS_MIGRAZIONI_1(1.0),A,ITG1,CORE,ALL,TOTAL,9,TOTAL,ITC,X1033,X1033,2019-01-01,16027,,,,,,,,,,,,,,
IT1:28_185_DF_DCIS_MIGRAZIONI_1(1.0),A,ITG1,CORE,ALL,TOTAL,9,TOTAL,ITC1,X1033,X1033,2019-01-01,3984,,,,,,,,,,,,,,
IT1:28_185_DF_DCIS_MIGRAZIONI_1(1.0),A,ITG1,CORE,ALL,TOTAL,9,TOTAL,ITC2,X1033,X1033,2019-01-01,84,,,,,,,,,,,,,,
IT1:28_185_DF_DCIS_MIGRAZIONI_1(1.0),A,ITG1,CORE,ALL,TOTAL,9,TOTAL,ITC3,X1033,X1033,2019-01-01,1057,,,,,,,,,,,,,,
IT1:28_185_DF_DCIS_MIGRAZIONI_1(1.0),A,ITG1,CORE,ALL,TOTAL,9,TOTAL,ITC4,X1033,X1033,2019-01-01,10902,,,,,,,,,,,,,,
IT1:28_185_DF_DCIS_MIGRAZIONI_1(1.0),A,ITG1,CORE,ALL,TOTAL,9,TOTAL,ITCD,X1033,X1033,2019-01-01,26466,,,,,,,,,,,,,,
IT1:28_185_DF_DCIS_MIGRAZIONI_1(1.0),A,ITG1,CORE,ALL,TOTAL,9,TOTAL,ITD,X1033,X1033,2019-01-01,10439,,,,,,,,,,,,,,
IT1:28_185_DF_DCIS_MIGRAZIONI_1(1.0),A,ITG1,CORE,ALL,TOTAL,9,TOTAL,ITD1,X1033,X1033,2019-01-01,314,,,,,,,,,,,,,,
IT1:28_185_DF_DCIS_MIGRAZIONI_1(1.0),A,ITG1,CORE,ALL,TOTAL,9,TOTAL,ITD2,X1033,X1033,2019-01-01,329,,,,,,,,,,,,,,
IT1:28_185_DF_DCIS_MIGRAZIONI_1(1.0),A,ITG1,CORE,ALL,TOTAL,9,TOTAL,ITD3,X1033,X1033,2019-01-01,3619,,,,,,,,,,,,,,
IT1:28_185_DF_DCIS_MIGRAZIONI_1(1.0),A,ITG1,CORE,ALL,TOTAL,9,TOTAL,ITD4,X1033,X1033,2019-01-01,1083,,,,,,,,,,,,,,
IT1:28_185_DF_DCIS_MIGRAZIONI_1(1.0),A,ITG1,CORE,ALL,TOTAL,9,TOTAL,ITD5,X1033,X1033,2019-01-01,5094,,,,,,,,,,,,,,
IT1:28_185_DF_DCIS_MIGRAZIONI_1(1.0),A,ITG1,CORE,ALL,TOTAL,9,TOTAL,ITDA,X1033,X1033,2019-01-01,643,,,,,,,,,,,,,,
IT1:28_185_DF_DCIS_MIGRAZIONI_1(1.0),A,ITG1,CORE,ALL,TOTAL,9,TOTAL,ITE,X1033,X1033,2019-01-01,6587,,,,,,,,,,,,,,
IT1:28_185_DF_DCIS_MIGRAZIONI_1(1.0),A,ITG1,CORE,ALL,TOTAL,9,TOTAL,ITE1,X1033,X1033,2019-01-01,2504,,,,,,,,,,,,,,
IT1:28_185_DF_DCIS_MIGRAZIONI_1(1.0),A,ITG1,CORE,ALL,TOTAL,9,TOTAL,ITE2,X1033,X1033,2019-01-01,349,,,,,,,,,,,,,,
IT1:28_185_DF_DCIS_MIGRAZIONI_1(1.0),A,ITG1,CORE,ALL,TOTAL,9,TOTAL,ITE3,X1033,X1033,2019-01-01,552,,,,,,,,,,,,,,
IT1:28_185_DF_DCIS_MIGRAZIONI_1(1.0),A,ITG1,CORE,ALL,TOTAL,9,TOTAL,ITE4,X1033,X1033,2019-01-01,3182,,,,,,,,,,,,,,
IT1:28_185_DF_DCIS_MIGRAZIONI_1(1.0),A,ITG1,CORE,ALL,TOTAL,9,TOTAL,ITF,X1033,X1033,2019-01-01,3097,,,,,,,,,,,,,,
IT1:28_185_DF_DCIS_MIGRAZIONI_1(1.0),A,ITG1,CORE,ALL,TOTAL,9,TOTAL,ITF1,X1033,X1033,2019-01-01,288,,,,,,,,,,,,,,
IT1:28_185_DF_DCIS_MIGRAZIONI_1(1.0),A,ITG1,CORE,ALL,TOTAL,9,TOTAL,ITF2,X1033,X1033,2019-01-01,62,,,,,,,,,,,,,,
IT1:28_185_DF_DCIS_MIGRAZIONI_1(1.0),A,ITG1,CORE,ALL,TOTAL,9,TOTAL,ITF3,X1033,X1033,2019-01-01,966,,,,,,,,,,,,,,
IT1:28_185_DF_DCIS_MIGRAZIONI_1(1.0),A,ITG1,CORE,ALL,TOTAL,9,TOTAL,ITF4,X1033,X1033,2019-01-01,884,,,,,,,,,,,,,,
IT1:28_185_DF_DCIS_MIGRAZIONI_1(1.0),A,ITG1,CORE,ALL,TOTAL,9,TOTAL,ITF5,X1033,X1033,2019-01-01,91,,,,,,,,,,,,,,
IT1:28_185_DF_DCIS_MIGRAZIONI_1(1.0),A,ITG1,CORE,ALL,TOTAL,9,TOTAL,ITF6,X1033,X1033,2019-01-01,806,,,,,,,,,,,,,,
IT1:28_185_DF_DCIS_MIGRAZIONI_1(1.0),A,ITG1,CORE,ALL,TOTAL,9,TOTAL,ITFG,X1033,X1033,2019-01-01,68948,,,,,,,,,,,,,,
IT1:28_185_DF_DCIS_MIGRAZIONI_1(1.0),A,ITG1,CORE,ALL,TOTAL,9,TOTAL,ITG,X1033,X1033,2019-01-01,65851,,,,,,,,,,,,,,
IT1:28_185_DF_DCIS_MIGRAZIONI_1(1.0),A,ITG1,CORE,ALL,TOTAL,9,TOTAL,ITG1,X1033,X1033,2019-01-01,65538,,,,,,,,,,,,,,
IT1:28_185_DF_DCIS_MIGRAZIONI_1(1.0),A,ITG1,CORE,ALL,TOTAL,9,TOTAL,ITG2,X1033,X1033,2019-01-01,313,,,,,,,,,,,,,,
IT1:28_185_DF_DCIS_MIGRAZIONI_1(1.0),A,ITG1,CORE,ALL,TOTAL,9,TOTAL,IT,X1033,X1033,2020-01-01,90132,,,,,,,,,,,,,,
IT1:28_185_DF_DCIS_MIGRAZIONI_1(1.0),A,ITG1,CORE,ALL,TOTAL,9,TOTAL,ITC,X1033,X1033,2020-01-01,11949,,,,,,,,,,,,,,
IT1:28_185_DF_DCIS_MIGRAZIONI_1(1.0),A,ITG1,CORE,ALL,TOTAL,9,TOTAL,ITC1,X1033,X1033,2020-01-01,3108,,,,,,,,,,,,,,
IT1:28_185_DF_DCIS_MIGRAZIONI_1(1.0),A,ITG1,CORE,ALL,TOTAL,9,TOTAL,ITC2,X1033,X1033,2020-01-01,48,,,,,,,,,,,,,,
IT1:28_185_DF_DCIS_MIGRAZIONI_1(1.0),A,ITG1,CORE,ALL,TOTAL,9,TOTAL,ITC3,X1033,X1033,2020-01-01,795,,,,,,,,,,,,,,
IT1:28_185_DF_DCIS_MIGRAZIONI_1(1.0),A,ITG1,CORE,ALL,TOTAL,9,TOTAL,ITC4,X1033,X1033,2020-01-01,7998,,,,,,,,,,,,,,
IT1:28_185_DF_DCIS_MIGRAZIONI_1(1.0),A,ITG1,CORE,ALL,TOTAL,9,TOTAL,ITCD,X1033,X1033,2020-01-01,20357,,,,,,,,,,,,,,
IT1:28_185_DF_DCIS_MIGRAZIONI_1(1.0),A,ITG1,CORE,ALL,TOTAL,9,TOTAL,ITD,X1033,X1033,2020-01-01,8408,,,,,,,,,,,,,,
IT1:28_185_DF_DCIS_MIGRAZIONI_1(1.0),A,ITG1,CORE,ALL,TOTAL,9,TOTAL,ITD1,X1033,X1033,2020-01-01,260,,,,,,,,,,,,,,
IT1:28_185_DF_DCIS_MIGRAZIONI_1(1.0),A,ITG1,CORE,ALL,TOTAL,9,TOTAL,ITD2,X1033,X1033,2020-01-01,286,,,,,,,,,,,,,,
IT1:28_185_DF_DCIS_MIGRAZIONI_1(1.0),A,ITG1,CORE,ALL,TOTAL,9,TOTAL,ITD3,X1033,X1033,2020-01-01,2831,,,,,,,,,,,,,,
IT1:28_185_DF_DCIS_MIGRAZIONI_1(1.0),A,ITG1,CORE,ALL,TOTAL,9,TOTAL,ITD4,X1033,X1033,2020-01-01,934,,,,,,,,,,,,,,
IT1:28_185_DF_DCIS_MIGRAZIONI_1(1.0),A,ITG1,CORE,ALL,TOTAL,9,TOTAL,ITD5,X1033,X1033,2020-01-01,4097,,,,,,,,,,,,,,
IT1:28_185_DF_DCIS_MIGRAZIONI_1(1.0),A,ITG1,CORE,ALL,TOTAL,9,TOTAL,ITDA,X1033,X1033,2020-01-01,546,,,,,,,,,,,,,,
IT1:28_185_DF_DCIS_MIGRAZIONI_1(1.0),A,ITG1,CORE,ALL,TOTAL,9,TOTAL,ITE,X1033,X1033,2020-01-01,5474,,,,,,,,,,,,,,
IT1:28_185_DF_DCIS_MIGRAZIONI_1(1.0),A,ITG1,CORE,ALL,TOTAL,9,TOTAL,ITE1,X1033,X1033,2020-01-01,2100,,,,,,,,,,,,,,
IT1:28_185_DF_DCIS_MIGRAZIONI_1(1.0),A,ITG1,CORE,ALL,TOTAL,9,TOTAL,ITE2,X1033,X1033,2020-01-01,265,,,,,,,,,,,,,,
IT1:28_185_DF_DCIS_MIGRAZIONI_1(1.0),A,ITG1,CORE,ALL,TOTAL,9,TOTAL,ITE3,X1033,X1033,2020-01-01,427,,,,,,,,,,,,,,
IT1:28_185_DF_DCIS_MIGRAZIONI_1(1.0),A,ITG1,CORE,ALL,TOTAL,9,TOTAL,ITE4,X1033,X1033,2020-01-01,2682,,,,,,,,,,,,,,
IT1:28_185_DF_DCIS_MIGRAZIONI_1(1.0),A,ITG1,CORE,ALL,TOTAL,9,TOTAL,ITF,X1033,X1033,2020-01-01,2768,,,,,,,,,,,,,,
IT1:28_185_DF_DCIS_MIGRAZIONI_1(1.0),A,ITG1,CORE,ALL,TOTAL,9,TOTAL,ITF1,X1033,X1033,2020-01-01,238,,,,,,,,,,,,,,
IT1:28_185_DF_DCIS_MIGRAZIONI_1(1.0),A,ITG1,CORE,ALL,TOTAL,9,TOTAL,ITF2,X1033,X1033,2020-01-01,40,,,,,,,,,,,,,,
IT1:28_185_DF_DCIS_MIGRAZIONI_1(1.0),A,ITG1,CORE,ALL,TOTAL,9,TOTAL,ITF3,X1033,X1033,2020-01-01,936,,,,,,,,,,,,,,
IT1:28_185_DF_DCIS_MIGRAZIONI_1(1.0),A,ITG1,CORE,ALL,TOTAL,9,TOTAL,ITF4,X1033,X1033,2020-01-01,766,,,,,,,,,,,,,,
IT1:28_185_DF_DCIS_MIGRAZIONI_1(1.0),A,ITG1,CORE,ALL,TOTAL,9,TOTAL,ITF5,X1033,X1033,2020-01-01,95,,,,,,,,,,,,,,
IT1:28_185_DF_DCIS_MIGRAZIONI_1(1.0),A,ITG1,CORE,ALL,TOTAL,9,TOTAL,ITF6,X1033,X1033,2020-01-01,693,,,,,,,,,,,,,,
IT1:28_185_DF_DCIS_MIGRAZIONI_1(1.0),A,ITG1,CORE,ALL,TOTAL,9,TOTAL,ITFG,X1033,X1033,2020-01-01,64301,,,,,,,,,,,,,,
IT1:28_185_DF_DCIS_MIGRAZIONI_1(1.0),A,ITG1,CORE,ALL,TOTAL,9,TOTAL,ITG,X1033,X1033,2020-01-01,61533,,,,,,,,,,,,,,
IT1:28_185_DF_DCIS_MIGRAZIONI_1(1.0),A,ITG1,CORE,ALL,TOTAL,9,TOTAL,ITG1,X1033,X1033,2020-01-01,61253,,,,,,,,,,,,,,
IT1:28_185_DF_DCIS_MIGRAZIONI_1(1.0),A,ITG1,CORE,ALL,TOTAL,9,TOTAL,ITG2,X1033,X1033,2020-01-01,280,,,,,,,,,,,,,,
IT1:28_185_DF_DCIS_MIGRAZIONI_1(1.0),A,ITG1,CORE,ALL,TOTAL,9,TOTAL,IT,X1033,X1033,2021-01-01,91274,,,,,,,,,,,,,,
IT1:28_185_DF_DCIS_MIGRAZIONI_1(1.0),A,ITG1,CORE,ALL,TOTAL,9,TOTAL,ITC,X1033,X1033,2021-01-01,12033,,,,,,,,,,,,,,
IT1:28_185_DF_DCIS_MIGRAZIONI_1(1.0),A,ITG1,CORE,ALL,TOTAL,9,TOTAL,ITC1,X1033,X1033,2021-01-01,2898,,,,,,,,,,,,,,
IT1:28_185_DF_DCIS_MIGRAZIONI_1(1.0),A,ITG1,CORE,ALL,TOTAL,9,TOTAL,ITC2,X1033,X1033,2021-01-01,61,,,,,,,,,,,,,,
IT1:28_185_DF_DCIS_MIGRAZIONI_1(1.0),A,ITG1,CORE,ALL,TOTAL,9,TOTAL,ITC3,X1033,X1033,2021-01-01,861,,,,,,,,,,,,,,
IT1:28_185_DF_DCIS_MIGRAZIONI_1(1.0),A,ITG1,CORE,ALL,TOTAL,9,TOTAL,ITC4,X1033,X1033,2021-01-01,8213,,,,,,,,,,,,,,
IT1:28_185_DF_DCIS_MIGRAZIONI_1(1.0),A,ITG1,CORE,ALL,TOTAL,9,TOTAL,ITCD,X1033,X1033,2021-01-01,20188,,,,,,,,,,,,,,
IT1:28_185_DF_DCIS_MIGRAZIONI_1(1.0),A,ITG1,CORE,ALL,TOTAL,9,TOTAL,ITD,X1033,X1033,2021-01-01,8155,,,,,,,,,,,,,,
IT1:28_185_DF_DCIS_MIGRAZIONI_1(1.0),A,ITG1,CORE,ALL,TOTAL,9,TOTAL,ITD1,X1033,X1033,2021-01-01,234,,,,,,,,,,,,,,
IT1:28_185_DF_DCIS_MIGRAZIONI_1(1.0),A,ITG1,CORE,ALL,TOTAL,9,TOTAL,ITD2,X1033,X1033,2021-01-01,265,,,,,,,,,,,,,,
IT1:28_185_DF_DCIS_MIGRAZIONI_1(1.0),A,ITG1,CORE,ALL,TOTAL,9,TOTAL,ITD3,X1033,X1033,2021-01-01,2741,,,,,,,,,,,,,,
IT1:28_185_DF_DCIS_MIGRAZIONI_1(1.0),A,ITG1,CORE,ALL,TOTAL,9,TOTAL,ITD4,X1033,X1033,2021-01-01,945,,,,,,,,,,,,,,
IT1:28_185_DF_DCIS_MIGRAZIONI_1(1.0),A,ITG1,CORE,ALL,TOTAL,9,TOTAL,ITD5,X1033,X1033,2021-01-01,3970,,,,,,,,,,,,,,
IT1:28_185_DF_DCIS_MIGRAZIONI_1(1.0),A,ITG1,CORE,ALL,TOTAL,9,TOTAL,ITDA,X1033,X1033,2021-01-01,499,,,,,,,,,,,,,,
IT1:28_185_DF_DCIS_MIGRAZIONI_1(1.0),A,ITG1,CORE,ALL,TOTAL,9,TOTAL,ITE,X1033,X1033,2021-01-01,5528,,,,,,,,,,,,,,
IT1:28_185_DF_DCIS_MIGRAZIONI_1(1.0),A,ITG1,CORE,ALL,TOTAL,9,TOTAL,ITE1,X1033,X1033,2021-01-01,2086,,,,,,,,,,,,,,
IT1:28_185_DF_DCIS_MIGRAZIONI_1(1.0),A,ITG1,CORE,ALL,TOTAL,9,TOTAL,ITE2,X1033,X1033,2021-01-01,287,,,,,,,,,,,,,,
IT1:28_185_DF_DCIS_MIGRAZIONI_1(1.0),A,ITG1,CORE,ALL,TOTAL,9,TOTAL,ITE3,X1033,X1033,2021-01-01,454,,,,,,,,,,,,,,
IT1:28_185_DF_DCIS_MIGRAZIONI_1(1.0),A,ITG1,CORE,ALL,TOTAL,9,TOTAL,ITE4,X1033,X1033,2021-01-01,2701,,,,,,,,,,,,,,
IT1:28_185_DF_DCIS_MIGRAZIONI_1(1.0),A,ITG1,CORE,ALL,TOTAL,9,TOTAL,ITF,X1033,X1033,2021-01-01,2813,,,,,,,,,,,,,,
IT1:28_185_DF_DCIS_MIGRAZIONI_1(1.0),A,ITG1,CORE,ALL,TOTAL,9,TOTAL,ITF1,X1033,X1033,2021-01-01,274,,,,,,,,,,,,,,
IT1:28_185_DF_DCIS_MIGRAZIONI_1(1.0),A,ITG1,CORE,ALL,TOTAL,9,TOTAL,ITF2,X1033,X1033,2021-01-01,51,,,,,,,,,,,,,,
IT1:28_185_DF_DCIS_MIGRAZIONI_1(1.0),A,ITG1,CORE,ALL,TOTAL,9,TOTAL,ITF3,X1033,X1033,2021-01-01,827,,,,,,,,,,,,,,
IT1:28_185_DF_DCIS_MIGRAZIONI_1(1.0),A,ITG1,CORE,ALL,TOTAL,9,TOTAL,ITF4,X1033,X1033,2021-01-01,831,,,,,,,,,,,,,,
IT1:28_185_DF_DCIS_MIGRAZIONI_1(1.0),A,ITG1,CORE,ALL,TOTAL,9,TOTAL,ITF5,X1033,X1033,2021-01-01,69,,,,,,,,,,,,,,
IT1:28_185_DF_DCIS_MIGRAZIONI_1(1.0),A,ITG1,CORE,ALL,TOTAL,9,TOTAL,ITF6,X1033,X1033,2021-01-01,761,,,,,,,,,,,,,,
IT1:28_185_DF_DCIS_MIGRAZIONI_1(1.0),A,ITG1,CORE,ALL,TOTAL,9,TOTAL,ITFG,X1033,X1033,2021-01-01,65558,,,,,,,,,,,,,,
IT1:28_185_DF_DCIS_MIGRAZIONI_1(1.0),A,ITG1,CORE,ALL,TOTAL,9,TOTAL,ITG,X1033,X1033,2021-01-01,62745,,,,,,,,,,,,,,
IT1:28_185_DF_DCIS_MIGRAZIONI_1(1.0),A,ITG1,CORE,ALL,TOTAL,9,TOTAL,ITG1,X1033,X1033,2021-01-01,62474,,,,,,,,,,,,,,
IT1:28_185_DF_DCIS_MIGRAZIONI_1(1.0),A,ITG1,CORE,ALL,TOTAL,9,TOTAL,ITG2,X1033,X1033,2021-01-01,271,,,,,,,,,,,,,,
IT1:28_185_DF_DCIS_MIGRAZIONI_1(1.0),A,ITG1,CORE,ALL,TOTAL,9,TOTAL,IT,X1033,X1033,2022-01-01,100200,,,,,,,,,,,,,,
IT1:28_185_DF_DCIS_MIGRAZIONI_1(1.0),A,ITG1,CORE,ALL,TOTAL,9,TOTAL,ITC,X1033,X1033,2022-01-01,14427,,,,,,,,,,,,,,
IT1:28_185_DF_DCIS_MIGRAZIONI_1(1.0),A,ITG1,CORE,ALL,TOTAL,9,TOTAL,ITC1,X1033,X1033,2022-01-01,3494,,,,,,,,,,,,,,
IT1:28_185_DF_DCIS_MIGRAZIONI_1(1.0),A,ITG1,CORE,ALL,TOTAL,9,TOTAL,ITC2,X1033,X1033,2022-01-01,81,,,,,,,,,,,,,,
IT1:28_185_DF_DCIS_MIGRAZIONI_1(1.0),A,ITG1,CORE,ALL,TOTAL,9,TOTAL,ITC3,X1033,X1033,2022-01-01,976,,,,,,,,,,,,,,
IT1:28_185_DF_DCIS_MIGRAZIONI_1(1.0),A,ITG1,CORE,ALL,TOTAL,9,TOTAL,ITC4,X1033,X1033,2022-01-01,9876,,,,,,,,,,,,,,
IT1:28_185_DF_DCIS_MIGRAZIONI_1(1.0),A,ITG1,CORE,ALL,TOTAL,9,TOTAL,ITCD,X1033,X1033,2022-01-01,24336,,,,,,,,,,,,,,
IT1:28_185_DF_DCIS_MIGRAZIONI_1(1.0),A,ITG1,CORE,ALL,TOTAL,9,TOTAL,ITD,X1033,X1033,2022-01-01,9909,,,,,,,,,,,,,,
IT1:28_185_DF_DCIS_MIGRAZIONI_1(1.0),A,ITG1,CORE,ALL,TOTAL,9,TOTAL,ITD1,X1033,X1033,2022-01-01,258,,,,,,,,,,,,,,
IT1:28_185_DF_DCIS_MIGRAZIONI_1(1.0),A,ITG1,CORE,ALL,TOTAL,9,TOTAL,ITD2,X1033,X1033,2022-01-01,375,,,,,,,,,,,,,,
IT1:28_185_DF_DCIS_MIGRAZIONI_1(1.0),A,ITG1,CORE,ALL,TOTAL,9,TOTAL,ITD3,X1033,X1033,2022-01-01,3335,,,,,,,,,,,,,,
IT1:28_185_DF_DCIS_MIGRAZIONI_1(1.0),A,ITG1,CORE,ALL,TOTAL,9,TOTAL,ITD4,X1033,X1033,2022-01-01,1116,,,,,,,,,,,,,,
IT1:28_185_DF_DCIS_MIGRAZIONI_1(1.0),A,ITG1,CORE,ALL,TOTAL,9,TOTAL,ITD5,X1033,X1033,2022-01-01,4825,,,,,,,,,,,,,,
IT1:28_185_DF_DCIS_MIGRAZIONI_1(1.0),A,ITG1,CORE,ALL,TOTAL,9,TOTAL,ITDA,X1033,X1033,2022-01-01,633,,,,,,,,,,,,,,
IT1:28_185_DF_DCIS_MIGRAZIONI_1(1.0),A,ITG1,CORE,ALL,TOTAL,9,TOTAL,ITE,X1033,X1033,2022-01-01,6479,,,,,,,,,,,,,,
IT1:28_185_DF_DCIS_MIGRAZIONI_1(1.0),A,ITG1,CORE,ALL,TOTAL,9,TOTAL,ITE1,X1033,X1033,2022-01-01,2376,,,,,,,,,,,,,,
IT1:28_185_DF_DCIS_MIGRAZIONI_1(1.0),A,ITG1,CORE,ALL,TOTAL,9,TOTAL,ITE2,X1033,X1033,2022-01-01,310,,,,,,,,,,,,,,
IT1:28_185_DF_DCIS_MIGRAZIONI_1(1.0),A,ITG1,CORE,ALL,TOTAL,9,TOTAL,ITE3,X1033,X1033,2022-01-01,542,,,,,,,,,,,,,,
IT1:28_185_DF_DCIS_MIGRAZIONI_1(1.0),A,ITG1,CORE,ALL,TOTAL,9,TOTAL,ITE4,X1033,X1033,2022-01-01,3251,,,,,,,,,,,,,,
IT1:28_185_DF_DCIS_MIGRAZIONI_1(1.0),A,ITG1,CORE,ALL,TOTAL,9,TOTAL,ITF,X1033,X1033,2022-01-01,2820,,,,,,,,,,,,,,
IT1:28_185_DF_DCIS_MIGRAZIONI_1(1.0),A,ITG1,CORE,ALL,TOTAL,9,TOTAL,ITF1,X1033,X1033,2022-01-01,299,,,,,,,,,,,,,,
IT1:28_185_DF_DCIS_MIGRAZIONI_1(1.0),A,ITG1,CORE,ALL,TOTAL,9,TOTAL,ITF2,X1033,X1033,2022-01-01,44,,,,,,,,,,,,,,
IT1:28_185_DF_DCIS_MIGRAZIONI_1(1.0),A,ITG1,CORE,ALL,TOTAL,9,TOTAL,ITF3,X1033,X1033,2022-01-01,848,,,,,,,,,,,,,,
IT1:28_185_DF_DCIS_MIGRAZIONI_1(1.0),A,ITG1,CORE,ALL,TOTAL,9,TOTAL,ITF4,X1033,X1033,2022-01-01,774,,,,,,,,,,,,,,
IT1:28_185_DF_DCIS_MIGRAZIONI_1(1.0),A,ITG1,CORE,ALL,TOTAL,9,TOTAL,ITF5,X1033,X1033,2022-01-01,112,,,,,,,,,,,,,,
IT1:28_185_DF_DCIS_MIGRAZIONI_1(1.0),A,ITG1,CORE,ALL,TOTAL,9,TOTAL,ITF6,X1033,X1033,2022-01-01,743,,,,,,,,,,,,,,
IT1:28_185_DF_DCIS_MIGRAZIONI_1(1.0),A,ITG1,CORE,ALL,TOTAL,9,TOTAL,ITFG,X1033,X1033,2022-01-01,69385,,,,,,,,,,,,,,
IT1:28_185_DF_DCIS_MIGRAZIONI_1(1.0),A,ITG1,CORE,ALL,TOTAL,9,TOTAL,ITG,X1033,X1033,2022-01-01,66565,,,,,,,,,,,,,,
IT1:28_185_DF_DCIS_MIGRAZIONI_1(1.0),A,ITG1,CORE,ALL,TOTAL,9,TOTAL,ITG1,X1033,X1033,2022-01-01,66224,,,,,,,,,,,,,,
IT1:28_185_DF_DCIS_MIGRAZIONI_1(1.0),A,ITG1,CORE,ALL,TOTAL,9,TOTAL,ITG2,X1033,X1033,2022-01-01,341,,,,,,,,,,,,,,
IT1:28_185_DF_DCIS_MIGRAZIONI_1(1.0),A,ITG1,CORE,ALL,TOTAL,9,TOTAL,IT,X1033,X1033,2023-01-01,97695,,,,,,,,,,,,,,
IT1:28_185_DF_DCIS_MIGRAZIONI_1(1.0),A,ITG1,CORE,ALL,TOTAL,9,TOTAL,ITC,X1033,X1033,2023-01-01,14884,,,,,,,,,,,,,,
IT1:28_185_DF_DCIS_MIGRAZIONI_1(1.0),A,ITG1,CORE,ALL,TOTAL,9,TOTAL,ITC1,X1033,X1033,2023-01-01,4348,,,,,,,,,,,,,,
IT1:28_185_DF_DCIS_MIGRAZIONI_1(1.0),A,ITG1,CORE,ALL,TOTAL,9,TOTAL,ITC2,X1033,X1033,2023-01-01,55,,,,,,,,,,,,,,
IT1:28_185_DF_DCIS_MIGRAZIONI_1(1.0),A,ITG1,CORE,ALL,TOTAL,9,TOTAL,ITC3,X1033,X1033,2023-01-01,952,,,,,,,,,,,,,,
IT1:28_185_DF_DCIS_MIGRAZIONI_1(1.0),A,ITG1,CORE,ALL,TOTAL,9,TOTAL,ITC4,X1033,X1033,2023-01-01,9529,,,,,,,,,,,,,,
IT1:28_185_DF_DCIS_MIGRAZIONI_1(1.0),A,ITG1,CORE,ALL,TOTAL,9,TOTAL,ITCD,X1033,X1033,2023-01-01,24188,,,,,,,,,,,,,,
IT1:28_185_DF_DCIS_MIGRAZIONI_1(1.0),A,ITG1,CORE,ALL,TOTAL,9,TOTAL,ITD,X1033,X1033,2023-01-01,9304,,,,,,,,,,,,,,
IT1:28_185_DF_DCIS_MIGRAZIONI_1(1.0),A,ITG1,CORE,ALL,TOTAL,9,TOTAL,ITD1,X1033,X1033,2023-01-01,271,,,,,,,,,,,,,,
IT1:28_185_DF_DCIS_MIGRAZIONI_1(1.0),A,ITG1,CORE,ALL,TOTAL,9,TOTAL,ITD2,X1033,X1033,2023-01-01,333,,,,,,,,,,,,,,
IT1:28_185_DF_DCIS_MIGRAZIONI_1(1.0),A,ITG1,CORE,ALL,TOTAL,9,TOTAL,ITD3,X1033,X1033,2023-01-01,3253,,,,,,,,,,,,,,
IT1:28_185_DF_DCIS_MIGRAZIONI_1(1.0),A,ITG1,CORE,ALL,TOTAL,9,TOTAL,ITD4,X1033,X1033,2023-01-01,1008,,,,,,,,,,,,,,
IT1:28_185_DF_DCIS_MIGRAZIONI_1(1.0),A,ITG1,CORE,ALL,TOTAL,9,TOTAL,ITD5,X1033,X1033,2023-01-01,4439,,,,,,,,,,,,,,
IT1:28_185_DF_DCIS_MIGRAZIONI_1(1.0),A,ITG1,CORE,ALL,TOTAL,9,TOTAL,ITDA,X1033,X1033,2023-01-01,604,,,,,,,,,,,,,,
IT1:28_185_DF_DCIS_MIGRAZIONI_1(1.0),A,ITG1,CORE,ALL,TOTAL,9,TOTAL,ITE,X1033,X1033,2023-01-01,6268,,,,,,,,,,,,,,
IT1:28_185_DF_DCIS_MIGRAZIONI_1(1.0),A,ITG1,CORE,ALL,TOTAL,9,TOTAL,ITE1,X1033,X1033,2023-01-01,2262,,,,,,,,,,,,,,
IT1:28_185_DF_DCIS_MIGRAZIONI_1(1.0),A,ITG1,CORE,ALL,TOTAL,9,TOTAL,ITE2,X1033,X1033,2023-01-01,336,,,,,,,,,,,,,,
IT1:28_185_DF_DCIS_MIGRAZIONI_1(1.0),A,ITG1,CORE,ALL,TOTAL,9,TOTAL,ITE3,X1033,X1033,2023-01-01,490,,,,,,,,,,,,,,
IT1:28_185_DF_DCIS_MIGRAZIONI_1(1.0),A,ITG1,CORE,ALL,TOTAL,9,TOTAL,ITE4,X1033,X1033,2023-01-01,3180,,,,,,,,,,,,,,
IT1:28_185_DF_DCIS_MIGRAZIONI_1(1.0),A,ITG1,CORE,ALL,TOTAL,9,TOTAL,ITF,X1033,X1033,2023-01-01,2744,,,,,,,,,,,,,,
IT1:28_185_DF_DCIS_MIGRAZIONI_1(1.0),A,ITG1,CORE,ALL,TOTAL,9,TOTAL,ITF1,X1033,X1033,2023-01-01,249,,,,,,,,,,,,,,
IT1:28_185_DF_DCIS_MIGRAZIONI_1(1.0),A,ITG1,CORE,ALL,TOTAL,9,TOTAL,ITF2,X1033,X1033,2023-01-01,45,,,,,,,,,,,,,,
IT1:28_185_DF_DCIS_MIGRAZIONI_1(1.0),A,ITG1,CORE,ALL,TOTAL,9,TOTAL,ITF3,X1033,X1033,2023-01-01,905,,,,,,,,,,,,,,
IT1:28_185_DF_DCIS_MIGRAZIONI_1(1.0),A,ITG1,CORE,ALL,TOTAL,9,TOTAL,ITF4,X1033,X1033,2023-01-01,708,,,,,,,,,,,,,,
IT1:28_185_DF_DCIS_MIGRAZIONI_1(1.0),A,ITG1,CORE,ALL,TOTAL,9,TOTAL,ITF5,X1033,X1033,2023-01-01,76,,,,,,,,,,,,,,
IT1:28_185_DF_DCIS_MIGRAZIONI_1(1.0),A,ITG1,CORE,ALL,TOTAL,9,TOTAL,ITF6,X1033,X1033,2023-01-01,761,,,,,,,,,,,,,,
IT1:28_185_DF_DCIS_MIGRAZIONI_1(1.0),A,ITG1,CORE,ALL,TOTAL,9,TOTAL,ITFG,X1033,X1033,2023-01-01,67239,,,,,,,,,,,,,,
IT1:28_185_DF_DCIS_MIGRAZIONI_1(1.0),A,ITG1,CORE,ALL,TOTAL,9,TOTAL,ITG,X1033,X1033,2023-01-01,64495,,,,,,,,,,,,,,
IT1:28_185_DF_DCIS_MIGRAZIONI_1(1.0),A,ITG1,CORE,ALL,TOTAL,9,TOTAL,ITG1,X1033,X1033,2023-01-01,64137,,,,,,,,,,,,,,
IT1:28_185_DF_DCIS_MIGRAZIONI_1(1.0),A,ITG1,CORE,ALL,TOTAL,9,TOTAL,ITG2,X1033,X1033,2023-01-01,358,,,,,,,,,,,,,,
IT1:28_185_DF_DCIS_MIGRAZIONI_1(1.0),A,ITG1,CORE,ALL,TOTAL,9,TOTAL,IT,X1033,X1033,2024-01-01,93797,,,,,,,,,,,,,,
IT1:28_185_DF_DCIS_MIGRAZIONI_1(1.0),A,ITG1,CORE,ALL,TOTAL,9,TOTAL,ITC,X1033,X1033,2024-01-01,13096,,,,,,,,,,,,,,
IT1:28_185_DF_DCIS_MIGRAZIONI_1(1.0),A,ITG1,CORE,ALL,TOTAL,9,TOTAL,ITC1,X1033,X1033,2024-01-01,3795,,,,,,,,,,,,,,
IT1:28_185_DF_DCIS_MIGRAZIONI_1(1.0),A,ITG1,CORE,ALL,TOTAL,9,TOTAL,ITC2,X1033,X1033,2024-01-01,66,,,,,,,,,,,,,,
IT1:28_185_DF_DCIS_MIGRAZIONI_1(1.0),A,ITG1,CORE,ALL,TOTAL,9,TOTAL,ITC3,X1033,X1033,2024-01-01,959,,,,,,,,,,,,,,
IT1:28_185_DF_DCIS_MIGRAZIONI_1(1.0),A,ITG1,CORE,ALL,TOTAL,9,TOTAL,ITC4,X1033,X1033,2024-01-01,8276,,,,,,,,,,,,,,
IT1:28_185_DF_DCIS_MIGRAZIONI_1(1.0),A,ITG1,CORE,ALL,TOTAL,9,TOTAL,ITCD,X1033,X1033,2024-01-01,21615,,,,,,,,,,,,,,
IT1:28_185_DF_DCIS_MIGRAZIONI_1(1.0),A,ITG1,CORE,ALL,TOTAL,9,TOTAL,ITD,X1033,X1033,2024-01-01,8519,,,,,,,,,,,,,,
IT1:28_185_DF_DCIS_MIGRAZIONI_1(1.0),A,ITG1,CORE,ALL,TOTAL,9,TOTAL,ITD1,X1033,X1033,2024-01-01,280,,,,,,,,,,,,,,
IT1:28_185_DF_DCIS_MIGRAZIONI_1(1.0),A,ITG1,CORE,ALL,TOTAL,9,TOTAL,ITD2,X1033,X1033,2024-01-01,272,,,,,,,,,,,,,,
IT1:28_185_DF_DCIS_MIGRAZIONI_1(1.0),A,ITG1,CORE,ALL,TOTAL,9,TOTAL,ITD3,X1033,X1033,2024-01-01,3049,,,,,,,,,,,,,,
IT1:28_185_DF_DCIS_MIGRAZIONI_1(1.0),A,ITG1,CORE,ALL,TOTAL,9,TOTAL,ITD4,X1033,X1033,2024-01-01,932,,,,,,,,,,,,,,
IT1:28_185_DF_DCIS_MIGRAZIONI_1(1.0),A,ITG1,CORE,ALL,TOTAL,9,TOTAL,ITD5,X1033,X1033,2024-01-01,3986,,,,,,,,,,,,,,
IT1:28_185_DF_DCIS_MIGRAZIONI_1(1.0),A,ITG1,CORE,ALL,TOTAL,9,TOTAL,ITDA,X1033,X1033,2024-01-01,552,,,,,,,,,,,,,,
IT1:28_185_DF_DCIS_MIGRAZIONI_1(1.0),A,ITG1,CORE,ALL,TOTAL,9,TOTAL,ITE,X1033,X1033,2024-01-01,5574,,,,,,,,,,,,,,
IT1:28_185_DF_DCIS_MIGRAZIONI_1(1.0),A,ITG1,CORE,ALL,TOTAL,9,TOTAL,ITE1,X1033,X1033,2024-01-01,2017,,,,,,,,,,,,,,
IT1:28_185_DF_DCIS_MIGRAZIONI_1(1.0),A,ITG1,CORE,ALL,TOTAL,9,TOTAL,ITE2,X1033,X1033,2024-01-01,270,,,,,,,,,,,,,,
IT1:28_185_DF_DCIS_MIGRAZIONI_1(1.0),A,ITG1,CORE,ALL,TOTAL,9,TOTAL,ITE3,X1033,X1033,2024-01-01,515,,,,,,,,,,,,,,
IT1:28_185_DF_DCIS_MIGRAZIONI_1(1.0),A,ITG1,CORE,ALL,TOTAL,9,TOTAL,ITE4,X1033,X1033,2024-01-01,2772,,,,,,,,,,,,,,
IT1:28_185_DF_DCIS_MIGRAZIONI_1(1.0),A,ITG1,CORE,ALL,TOTAL,9,TOTAL,ITF,X1033,X1033,2024-01-01,2818,,,,,,,,,,,,,,
IT1:28_185_DF_DCIS_MIGRAZIONI_1(1.0),A,ITG1,CORE,ALL,TOTAL,9,TOTAL,ITF1,X1033,X1033,2024-01-01,317,,,,,,,,,,,,,,
IT1:28_185_DF_DCIS_MIGRAZIONI_1(1.0),A,ITG1,CORE,ALL,TOTAL,9,TOTAL,ITF2,X1033,X1033,2024-01-01,56,,,,,,,,,,,,,,
IT1:28_185_DF_DCIS_MIGRAZIONI_1(1.0),A,ITG1,CORE,ALL,TOTAL,9,TOTAL,ITF3,X1033,X1033,2024-01-01,865,,,,,,,,,,,,,,
IT1:28_185_DF_DCIS_MIGRAZIONI_1(1.0),A,ITG1,CORE,ALL,TOTAL,9,TOTAL,ITF4,X1033,X1033,2024-01-01,780,,,,,,,,,,,,,,
IT1:28_185_DF_DCIS_MIGRAZIONI_1(1.0),A,ITG1,CORE,ALL,TOTAL,9,TOTAL,ITF5,X1033,X1033,2024-01-01,71,,,,,,,,,,,,,,
IT1:28_185_DF_DCIS_MIGRAZIONI_1(1.0),A,ITG1,CORE,ALL,TOTAL,9,TOTAL,ITF6,X1033,X1033,2024-01-01,729,,,,,,,,,,,,,,
IT1:28_185_DF_DCIS_MIGRAZIONI_1(1.0),A,ITG1,CORE,ALL,TOTAL,9,TOTAL,ITFG,X1033,X1033,2024-01-01,66608,,,,,,,,,,,,,,
IT1:28_185_DF_DCIS_MIGRAZIONI_1(1.0),A,ITG1,CORE,ALL,TOTAL,9,TOTAL,ITG,X1033,X1033,2024-01-01,63790,,,,,,,,,,,,,,
IT1:28_185_DF_DCIS_MIGRAZIONI_1(1.0),A,ITG1,CORE,ALL,TOTAL,9,TOTAL,ITG1,X1033,X1033,2024-01-01,63443,,,,,,,,,,,,,,
IT1:28_185_DF_DCIS_MIGRAZIONI_1(1.0),A,ITG1,CORE,ALL,TOTAL,9,TOTAL,ITG2,X1033,X1033,2024-01-01,347,,,,,,,,,,,,,,
IT1:28_185_DF_DCIS_MIGRAZIONI_1(1.0),A,ITG1,CORE,ALL,TOTAL,9,TOTAL,IT,X1033,X1033,2025-01-01,95654,p,,,,,,,,,,,,,
IT1:28_185_DF_DCIS_MIGRAZIONI_1(1.0),A,ITG1,CORE,ALL,TOTAL,9,TOTAL,ITC,X1033,X1033,2025-01-01,12223,p,,,,,,,,,,,,,
IT1:28_185_DF_DCIS_MIGRAZIONI_1(1.0),A,ITG1,CORE,ALL,TOTAL,9,TOTAL,ITC1,X1033,X1033,2025-01-01,3482,p,,,,,,,,,,,,,
IT1:28_185_DF_DCIS_MIGRAZIONI_1(1.0),A,ITG1,CORE,ALL,TOTAL,9,TOTAL,ITC2,X1033,X1033,2025-01-01,80,p,,,,,,,,,,,,,
IT1:28_185_DF_DCIS_MIGRAZIONI_1(1.0),A,ITG1,CORE,ALL,TOTAL,9,TOTAL,ITC3,X1033,X1033,2025-01-01,902,p,,,,,,,,,,,,,
IT1:28_185_DF_DCIS_MIGRAZIONI_1(1.0),A,ITG1,CORE,ALL,TOTAL,9,TOTAL,ITC4,X1033,X1033,2025-01-01,7759,p,,,,,,,,,,,,,
IT1:28_185_DF_DCIS_MIGRAZIONI_1(1.0),A,ITG1,CORE,ALL,TOTAL,9,TOTAL,ITCD,X1033,X1033,2025-01-01,20479,p,,,,,,,,,,,,,
IT1:28_185_DF_DCIS_MIGRAZIONI_1(1.0),A,ITG1,CORE,ALL,TOTAL,9,TOTAL,ITD,X1033,X1033,2025-01-01,8256,p,,,,,,,,,,,,,
IT1:28_185_DF_DCIS_MIGRAZIONI_1(1.0),A,ITG1,CORE,ALL,TOTAL,9,TOTAL,ITD1,X1033,X1033,2025-01-01,266,p,,,,,,,,,,,,,
IT1:28_185_DF_DCIS_MIGRAZIONI_1(1.0),A,ITG1,CORE,ALL,TOTAL,9,TOTAL,ITD2,X1033,X1033,2025-01-01,269,p,,,,,,,,,,,,,
IT1:28_185_DF_DCIS_MIGRAZIONI_1(1.0),A,ITG1,CORE,ALL,TOTAL,9,TOTAL,ITD3,X1033,X1033,2025-01-01,2936,p,,,,,,,,,,,,,
IT1:28_185_DF_DCIS_MIGRAZIONI_1(1.0),A,ITG1,CORE,ALL,TOTAL,9,TOTAL,ITD4,X1033,X1033,2025-01-01,930,p,,,,,,,,,,,,,
IT1:28_185_DF_DCIS_MIGRAZIONI_1(1.0),A,ITG1,CORE,ALL,TOTAL,9,TOTAL,ITD5,X1033,X1033,2025-01-01,3855,p,,,,,,,,,,,,,
IT1:28_185_DF_DCIS_MIGRAZIONI_1(1.0),A,ITG1,CORE,ALL,TOTAL,9,TOTAL,ITDA,X1033,X1033,2025-01-01,535,p,,,,,,,,,,,,,
IT1:28_185_DF_DCIS_MIGRAZIONI_1(1.0),A,ITG1,CORE,ALL,TOTAL,9,TOTAL,ITE,X1033,X1033,2025-01-01,5898,p,,,,,,,,,,,,,
IT1:28_185_DF_DCIS_MIGRAZIONI_1(1.0),A,ITG1,CORE,ALL,TOTAL,9,TOTAL,ITE1,X1033,X1033,2025-01-01,2168,p,,,,,,,,,,,,,
IT1:28_185_DF_DCIS_MIGRAZIONI_1(1.0),A,ITG1,CORE,ALL,TOTAL,9,TOTAL,ITE2,X1033,X1033,2025-01-01,296,p,,,,,,,,,,,,,
IT1:28_185_DF_DCIS_MIGRAZIONI_1(1.0),A,ITG1,CORE,ALL,TOTAL,9,TOTAL,ITE3,X1033,X1033,2025-01-01,488,p,,,,,,,,,,,,,
IT1:28_185_DF_DCIS_MIGRAZIONI_1(1.0),A,ITG1,CORE,ALL,TOTAL,9,TOTAL,ITE4,X1033,X1033,2025-01-01,2946,p,,,,,,,,,,,,,
IT1:28_185_DF_DCIS_MIGRAZIONI_1(1.0),A,ITG1,CORE,ALL,TOTAL,9,TOTAL,ITF,X1033,X1033,2025-01-01,2992,p,,,,,,,,,,,,,
IT1:28_185_DF_DCIS_MIGRAZIONI_1(1.0),A,ITG1,CORE,ALL,TOTAL,9,TOTAL,ITF1,X1033,X1033,2025-01-01,324,p,,,,,,,,,,,,,
IT1:28_185_DF_DCIS_MIGRAZIONI_1(1.0),A,ITG1,CORE,ALL,TOTAL,9,TOTAL,ITF2,X1033,X1033,2025-01-01,91,p,,,,,,,,,,,,,
IT1:28_185_DF_DCIS_MIGRAZIONI_1(1.0),A,ITG1,CORE,ALL,TOTAL,9,TOTAL,ITF3,X1033,X1033,2025-01-01,931,p,,,,,,,,,,,,,
IT1:28_185_DF_DCIS_MIGRAZIONI_1(1.0),A,ITG1,CORE,ALL,TOTAL,9,TOTAL,ITF4,X1033,X1033,2025-01-01,735,p,,,,,,,,,,,,,
IT1:28_185_DF_DCIS_MIGRAZIONI_1(1.0),A,ITG1,CORE,ALL,TOTAL,9,TOTAL,ITF5,X1033,X1033,2025-01-01,99,p,,,,,,,,,,,,,
IT1:28_185_DF_DCIS_MIGRAZIONI_1(1.0),A,ITG1,CORE,ALL,TOTAL,9,TOTAL,ITF6,X1033,X1033,2025-01-01,812,p,,,,,,,,,,,,,
IT1:28_185_DF_DCIS_MIGRAZIONI_1(1.0),A,ITG1,CORE,ALL,TOTAL,9,TOTAL,ITFG,X1033,X1033,2025-01-01,69277,p,,,,,,,,,,,,,
IT1:28_185_DF_DCIS_MIGRAZIONI_1(1.0),A,ITG1,CORE,ALL,TOTAL,9,TOTAL,ITG,X1033,X1033,2025-01-01,66285,p,,,,,,,,,,,,,
IT1:28_185_DF_DCIS_MIGRAZIONI_1(1.0),A,ITG1,CORE,ALL,TOTAL,9,TOTAL,ITG1,X1033,X1033,2025-01-01,65887,p,,,,,,,,,,,,,
IT1:28_185_DF_DCIS_MIGRAZIONI_1(1.0),A,ITG1,CORE,ALL,TOTAL,9,TOTAL,ITG2,X1033,X1033,2025-01-01,398,p,,,,,,,,,,,,,
