DATAFLOW,LAST UPDATE,freq,sector,currency,nace_r2,geo,TIME_PERIOD,OBS_VALUE,OBS_FLAG,CONF_STATUS
ESTAT:NAMA_10R_2GFCF(1.0),26/03/26 23:00:00,A,S1,MIO_EUR,A,ITG1,2000-01-01,287.7,,
ESTAT:NAMA_10R_2GFCF(1.0),26/03/26 23:00:00,A,S1,MIO_EUR,B-E,ITG1,2000-01-01,3869.9,,
ESTAT:NAMA_10R_2GFCF(1.0),26/03/26 23:00:00,A,S1,MIO_EUR,C,ITG1,2000-01-01,2171.5,,
ESTAT:NAMA_10R_2GFCF(1.0),26/03/26 23:00:00,A,S1,MIO_EUR,F,ITG1,2000-01-01,591.5,,
ESTAT:NAMA_10R_2GFCF(1.0),26/03/26 23:00:00,A,S1,MIO_EUR,G-I,ITG1,2000-01-01,2609.7,,
ESTAT:NAMA_10R_2GFCF(1.0),26/03/26 23:00:00,A,S1,MIO_EUR,G-J,ITG1,2000-01-01,2766.6,,
ESTAT:NAMA_10R_2GFCF(1.0),26/03/26 23:00:00,A,S1,MIO_EUR,J,ITG1,2000-01-01,156.8,,
ESTAT:NAMA_10R_2GFCF(1.0),26/03/26 23:00:00,A,S1,MIO_EUR,K,ITG1,2000-01-01,177.2,,
ESTAT:NAMA_10R_2GFCF(1.0),26/03/26 23:00:00,A,S1,MIO_EUR,K-N,ITG1,2000-01-01,4932.4,,
ESTAT:NAMA_10R_2GFCF(1.0),26/03/26 23:00:00,A,S1,MIO_EUR,L,ITG1,2000-01-01,4153.6,,
ESTAT:NAMA_10R_2GFCF(1.0),26/03/26 23:00:00,A,S1,MIO_EUR,M_N,ITG1,2000-01-01,601.6,,
ESTAT:NAMA_10R_2GFCF(1.0),26/03/26 23:00:00,A,S1,MIO_EUR,O-Q,ITG1,2000-01-01,2471.4,,
ESTAT:NAMA_10R_2GFCF(1.0),26/03/26 23:00:00,A,S1,MIO_EUR,O-U,ITG1,2000-01-01,2826.6,,
ESTAT:NAMA_10R_2GFCF(1.0),26/03/26 23:00:00,A,S1,MIO_EUR,R-U,ITG1,2000-01-01,355.2,,
ESTAT:NAMA_10R_2GFCF(1.0),26/03/26 23:00:00,A,S1,MIO_EUR,TOTAL,ITG1,2000-01-01,15274.7,,
ESTAT:NAMA_10R_2GFCF(1.0),26/03/26 23:00:00,A,S1,MIO_EUR,A,ITG1,2001-01-01,240.2,,
ESTAT:NAMA_10R_2GFCF(1.0),26/03/26 23:00:00,A,S1,MIO_EUR,B-E,ITG1,2001-01-01,3500.7,,
ESTAT:NAMA_10R_2GFCF(1.0),26/03/26 23:00:00,A,S1,MIO_EUR,C,ITG1,2001-01-01,1812.0,,
ESTAT:NAMA_10R_2GFCF(1.0),26/03/26 23:00:00,A,S1,MIO_EUR,F,ITG1,2001-01-01,465.7,,
ESTAT:NAMA_10R_2GFCF(1.0),26/03/26 23:00:00,A,S1,MIO_EUR,G-I,ITG1,2001-01-01,3114.0,,
ESTAT:NAMA_10R_2GFCF(1.0),26/03/26 23:00:00,A,S1,MIO_EUR,G-J,ITG1,2001-01-01,3256.9,,
ESTAT:NAMA_10R_2GFCF(1.0),26/03/26 23:00:00,A,S1,MIO_EUR,J,ITG1,2001-01-01,142.9,,
ESTAT:NAMA_10R_2GFCF(1.0),26/03/26 23:00:00,A,S1,MIO_EUR,K,ITG1,2001-01-01,203.1,,
ESTAT:NAMA_10R_2GFCF(1.0),26/03/26 23:00:00,A,S1,MIO_EUR,K-N,ITG1,2001-01-01,4885.9,,
ESTAT:NAMA_10R_2GFCF(1.0),26/03/26 23:00:00,A,S1,MIO_EUR,L,ITG1,2001-01-01,4068.4,,
ESTAT:NAMA_10R_2GFCF(1.0),26/03/26 23:00:00,A,S1,MIO_EUR,M_N,ITG1,2001-01-01,614.5,,
ESTAT:NAMA_10R_2GFCF(1.0),26/03/26 23:00:00,A,S1,MIO_EUR,O-Q,ITG1,2001-01-01,2822.0,,
ESTAT:NAMA_10R_2GFCF(1.0),26/03/26 23:00:00,A,S1,MIO_EUR,O-U,ITG1,2001-01-01,3189.1,,
ESTAT:NAMA_10R_2GFCF(1.0),26/03/26 23:00:00,A,S1,MIO_EUR,R-U,ITG1,2001-01-01,367.1,,
ESTAT:NAMA_10R_2GFCF(1.0),26/03/26 23:00:00,A,S1,MIO_EUR,TOTAL,ITG1,2001-01-01,15538.5,,
ESTAT:NAMA_10R_2GFCF(1.0),26/03/26 23:00:00,A,S1,MIO_EUR,A,ITG1,2002-01-01,280.0,,
ESTAT:NAMA_10R_2GFCF(1.0),26/03/26 23:00:00,A,S1,MIO_EUR,B-E,ITG1,2002-01-01,3856.3,,
ESTAT:NAMA_10R_2GFCF(1.0),26/03/26 23:00:00,A,S1,MIO_EUR,C,ITG1,2002-01-01,1765.2,,
ESTAT:NAMA_10R_2GFCF(1.0),26/03/26 23:00:00,A,S1,MIO_EUR,F,ITG1,2002-01-01,472.3,,
ESTAT:NAMA_10R_2GFCF(1.0),26/03/26 23:00:00,A,S1,MIO_EUR,G-I,ITG1,2002-01-01,2546.0,,
ESTAT:NAMA_10R_2GFCF(1.0),26/03/26 23:00:00,A,S1,MIO_EUR,G-J,ITG1,2002-01-01,2671.5,,
ESTAT:NAMA_10R_2GFCF(1.0),26/03/26 23:00:00,A,S1,MIO_EUR,J,ITG1,2002-01-01,125.5,,
ESTAT:NAMA_10R_2GFCF(1.0),26/03/26 23:00:00,A,S1,MIO_EUR,K,ITG1,2002-01-01,223.4,,
ESTAT:NAMA_10R_2GFCF(1.0),26/03/26 23:00:00,A,S1,MIO_EUR,K-N,ITG1,2002-01-01,5366.2,,
ESTAT:NAMA_10R_2GFCF(1.0),26/03/26 23:00:00,A,S1,MIO_EUR,L,ITG1,2002-01-01,4538.0,,
ESTAT:NAMA_10R_2GFCF(1.0),26/03/26 23:00:00,A,S1,MIO_EUR,M_N,ITG1,2002-01-01,604.9,,
ESTAT:NAMA_10R_2GFCF(1.0),26/03/26 23:00:00,A,S1,MIO_EUR,O-Q,ITG1,2002-01-01,2850.2,,
ESTAT:NAMA_10R_2GFCF(1.0),26/03/26 23:00:00,A,S1,MIO_EUR,O-U,ITG1,2002-01-01,3190.1,,
ESTAT:NAMA_10R_2GFCF(1.0),26/03/26 23:00:00,A,S1,MIO_EUR,R-U,ITG1,2002-01-01,339.9,,
ESTAT:NAMA_10R_2GFCF(1.0),26/03/26 23:00:00,A,S1,MIO_EUR,TOTAL,ITG1,2002-01-01,15836.4,,
ESTAT:NAMA_10R_2GFCF(1.0),26/03/26 23:00:00,A,S1,MIO_EUR,A,ITG1,2003-01-01,307.1,,
ESTAT:NAMA_10R_2GFCF(1.0),26/03/26 23:00:00,A,S1,MIO_EUR,B-E,ITG1,2003-01-01,3343.0,,
ESTAT:NAMA_10R_2GFCF(1.0),26/03/26 23:00:00,A,S1,MIO_EUR,C,ITG1,2003-01-01,1596.3,,
ESTAT:NAMA_10R_2GFCF(1.0),26/03/26 23:00:00,A,S1,MIO_EUR,F,ITG1,2003-01-01,727.3,,
ESTAT:NAMA_10R_2GFCF(1.0),26/03/26 23:00:00,A,S1,MIO_EUR,G-I,ITG1,2003-01-01,2685.2,,
ESTAT:NAMA_10R_2GFCF(1.0),26/03/26 23:00:00,A,S1,MIO_EUR,G-J,ITG1,2003-01-01,2832.5,,
ESTAT:NAMA_10R_2GFCF(1.0),26/03/26 23:00:00,A,S1,MIO_EUR,J,ITG1,2003-01-01,147.3,,
ESTAT:NAMA_10R_2GFCF(1.0),26/03/26 23:00:00,A,S1,MIO_EUR,K,ITG1,2003-01-01,191.4,,
ESTAT:NAMA_10R_2GFCF(1.0),26/03/26 23:00:00,A,S1,MIO_EUR,K-N,ITG1,2003-01-01,5656.8,,
ESTAT:NAMA_10R_2GFCF(1.0),26/03/26 23:00:00,A,S1,MIO_EUR,L,ITG1,2003-01-01,4775.6,,
ESTAT:NAMA_10R_2GFCF(1.0),26/03/26 23:00:00,A,S1,MIO_EUR,M_N,ITG1,2003-01-01,689.8,,
ESTAT:NAMA_10R_2GFCF(1.0),26/03/26 23:00:00,A,S1,MIO_EUR,O-Q,ITG1,2003-01-01,3076.3,,
ESTAT:NAMA_10R_2GFCF(1.0),26/03/26 23:00:00,A,S1,MIO_EUR,O-U,ITG1,2003-01-01,3520.3,,
ESTAT:NAMA_10R_2GFCF(1.0),26/03/26 23:00:00,A,S1,MIO_EUR,R-U,ITG1,2003-01-01,444.0,,
ESTAT:NAMA_10R_2GFCF(1.0),26/03/26 23:00:00,A,S1,MIO_EUR,TOTAL,ITG1,2003-01-01,16387.0,,
ESTAT:NAMA_10R_2GFCF(1.0),26/03/26 23:00:00,A,S1,MIO_EUR,A,ITG1,2004-01-01,345.1,,
ESTAT:NAMA_10R_2GFCF(1.0),26/03/26 23:00:00,A,S1,MIO_EUR,B-E,ITG1,2004-01-01,3864.0,,
ESTAT:NAMA_10R_2GFCF(1.0),26/03/26 23:00:00,A,S1,MIO_EUR,C,ITG1,2004-01-01,1948.6,,
ESTAT:NAMA_10R_2GFCF(1.0),26/03/26 23:00:00,A,S1,MIO_EUR,F,ITG1,2004-01-01,363.4,,
ESTAT:NAMA_10R_2GFCF(1.0),26/03/26 23:00:00,A,S1,MIO_EUR,G-I,ITG1,2004-01-01,2954.6,,
ESTAT:NAMA_10R_2GFCF(1.0),26/03/26 23:00:00,A,S1,MIO_EUR,G-J,ITG1,2004-01-01,3163.4,,
ESTAT:NAMA_10R_2GFCF(1.0),26/03/26 23:00:00,A,S1,MIO_EUR,J,ITG1,2004-01-01,208.8,,
ESTAT:NAMA_10R_2GFCF(1.0),26/03/26 23:00:00,A,S1,MIO_EUR,K,ITG1,2004-01-01,239.9,,
ESTAT:NAMA_10R_2GFCF(1.0),26/03/26 23:00:00,A,S1,MIO_EUR,K-N,ITG1,2004-01-01,6080.5,,
ESTAT:NAMA_10R_2GFCF(1.0),26/03/26 23:00:00,A,S1,MIO_EUR,L,ITG1,2004-01-01,4965.4,,
ESTAT:NAMA_10R_2GFCF(1.0),26/03/26 23:00:00,A,S1,MIO_EUR,M_N,ITG1,2004-01-01,875.2,,
ESTAT:NAMA_10R_2GFCF(1.0),26/03/26 23:00:00,A,S1,MIO_EUR,O-Q,ITG1,2004-01-01,3219.6,,
ESTAT:NAMA_10R_2GFCF(1.0),26/03/26 23:00:00,A,S1,MIO_EUR,O-U,ITG1,2004-01-01,3654.4,,
ESTAT:NAMA_10R_2GFCF(1.0),26/03/26 23:00:00,A,S1,MIO_EUR,R-U,ITG1,2004-01-01,434.8,,
ESTAT:NAMA_10R_2GFCF(1.0),26/03/26 23:00:00,A,S1,MIO_EUR,TOTAL,ITG1,2004-01-01,17470.8,,
ESTAT:NAMA_10R_2GFCF(1.0),26/03/26 23:00:00,A,S1,MIO_EUR,A,ITG1,2005-01-01,337.0,,
ESTAT:NAMA_10R_2GFCF(1.0),26/03/26 23:00:00,A,S1,MIO_EUR,B-E,ITG1,2005-01-01,3381.4,,
ESTAT:NAMA_10R_2GFCF(1.0),26/03/26 23:00:00,A,S1,MIO_EUR,C,ITG1,2005-01-01,1777.2,,
ESTAT:NAMA_10R_2GFCF(1.0),26/03/26 23:00:00,A,S1,MIO_EUR,F,ITG1,2005-01-01,323.7,,
ESTAT:NAMA_10R_2GFCF(1.0),26/03/26 23:00:00,A,S1,MIO_EUR,G-I,ITG1,2005-01-01,3579.8,,
ESTAT:NAMA_10R_2GFCF(1.0),26/03/26 23:00:00,A,S1,MIO_EUR,G-J,ITG1,2005-01-01,3770.5,,
ESTAT:NAMA_10R_2GFCF(1.0),26/03/26 23:00:00,A,S1,MIO_EUR,J,ITG1,2005-01-01,190.7,,
ESTAT:NAMA_10R_2GFCF(1.0),26/03/26 23:00:00,A,S1,MIO_EUR,K,ITG1,2005-01-01,176.1,,
ESTAT:NAMA_10R_2GFCF(1.0),26/03/26 23:00:00,A,S1,MIO_EUR,K-N,ITG1,2005-01-01,6541.1,,
ESTAT:NAMA_10R_2GFCF(1.0),26/03/26 23:00:00,A,S1,MIO_EUR,L,ITG1,2005-01-01,5586.0,,
ESTAT:NAMA_10R_2GFCF(1.0),26/03/26 23:00:00,A,S1,MIO_EUR,M_N,ITG1,2005-01-01,778.9,,
ESTAT:NAMA_10R_2GFCF(1.0),26/03/26 23:00:00,A,S1,MIO_EUR,O-Q,ITG1,2005-01-01,3437.0,,
ESTAT:NAMA_10R_2GFCF(1.0),26/03/26 23:00:00,A,S1,MIO_EUR,O-U,ITG1,2005-01-01,3907.5,,
ESTAT:NAMA_10R_2GFCF(1.0),26/03/26 23:00:00,A,S1,MIO_EUR,R-U,ITG1,2005-01-01,470.5,,
ESTAT:NAMA_10R_2GFCF(1.0),26/03/26 23:00:00,A,S1,MIO_EUR,TOTAL,ITG1,2005-01-01,18261.1,,
ESTAT:NAMA_10R_2GFCF(1.0),26/03/26 23:00:00,A,S1,MIO_EUR,A,ITG1,2006-01-01,385.7,,
ESTAT:NAMA_10R_2GFCF(1.0),26/03/26 23:00:00,A,S1,MIO_EUR,B-E,ITG1,2006-01-01,3475.2,,
ESTAT:NAMA_10R_2GFCF(1.0),26/03/26 23:00:00,A,S1,MIO_EUR,C,ITG1,2006-01-01,1918.3,,
ESTAT:NAMA_10R_2GFCF(1.0),26/03/26 23:00:00,A,S1,MIO_EUR,F,ITG1,2006-01-01,574.4,,
ESTAT:NAMA_10R_2GFCF(1.0),26/03/26 23:00:00,A,S1,MIO_EUR,G-I,ITG1,2006-01-01,3955.9,,
ESTAT:NAMA_10R_2GFCF(1.0),26/03/26 23:00:00,A,S1,MIO_EUR,G-J,ITG1,2006-01-01,4115.3,,
ESTAT:NAMA_10R_2GFCF(1.0),26/03/26 23:00:00,A,S1,MIO_EUR,J,ITG1,2006-01-01,159.4,,
ESTAT:NAMA_10R_2GFCF(1.0),26/03/26 23:00:00,A,S1,MIO_EUR,K,ITG1,2006-01-01,182.7,,
ESTAT:NAMA_10R_2GFCF(1.0),26/03/26 23:00:00,A,S1,MIO_EUR,K-N,ITG1,2006-01-01,7163.1,,
ESTAT:NAMA_10R_2GFCF(1.0),26/03/26 23:00:00,A,S1,MIO_EUR,L,ITG1,2006-01-01,6047.3,,
ESTAT:NAMA_10R_2GFCF(1.0),26/03/26 23:00:00,A,S1,MIO_EUR,M_N,ITG1,2006-01-01,933.0,,
ESTAT:NAMA_10R_2GFCF(1.0),26/03/26 23:00:00,A,S1,MIO_EUR,O-Q,ITG1,2006-01-01,4130.1,,
ESTAT:NAMA_10R_2GFCF(1.0),26/03/26 23:00:00,A,S1,MIO_EUR,O-U,ITG1,2006-01-01,4718.4,,
ESTAT:NAMA_10R_2GFCF(1.0),26/03/26 23:00:00,A,S1,MIO_EUR,R-U,ITG1,2006-01-01,588.3,,
ESTAT:NAMA_10R_2GFCF(1.0),26/03/26 23:00:00,A,S1,MIO_EUR,TOTAL,ITG1,2006-01-01,20432.1,,
ESTAT:NAMA_10R_2GFCF(1.0),26/03/26 23:00:00,A,S1,MIO_EUR,A,ITG1,2007-01-01,395.4,,
ESTAT:NAMA_10R_2GFCF(1.0),26/03/26 23:00:00,A,S1,MIO_EUR,B-E,ITG1,2007-01-01,4091.2,,
ESTAT:NAMA_10R_2GFCF(1.0),26/03/26 23:00:00,A,S1,MIO_EUR,C,ITG1,2007-01-01,1966.8,,
ESTAT:NAMA_10R_2GFCF(1.0),26/03/26 23:00:00,A,S1,MIO_EUR,F,ITG1,2007-01-01,425.2,,
ESTAT:NAMA_10R_2GFCF(1.0),26/03/26 23:00:00,A,S1,MIO_EUR,G-I,ITG1,2007-01-01,3351.5,,
ESTAT:NAMA_10R_2GFCF(1.0),26/03/26 23:00:00,A,S1,MIO_EUR,G-J,ITG1,2007-01-01,3495.7,,
ESTAT:NAMA_10R_2GFCF(1.0),26/03/26 23:00:00,A,S1,MIO_EUR,J,ITG1,2007-01-01,144.3,,
ESTAT:NAMA_10R_2GFCF(1.0),26/03/26 23:00:00,A,S1,MIO_EUR,K,ITG1,2007-01-01,184.1,,
ESTAT:NAMA_10R_2GFCF(1.0),26/03/26 23:00:00,A,S1,MIO_EUR,K-N,ITG1,2007-01-01,7194.5,,
ESTAT:NAMA_10R_2GFCF(1.0),26/03/26 23:00:00,A,S1,MIO_EUR,L,ITG1,2007-01-01,6390.8,,
ESTAT:NAMA_10R_2GFCF(1.0),26/03/26 23:00:00,A,S1,MIO_EUR,M_N,ITG1,2007-01-01,619.5,,
ESTAT:NAMA_10R_2GFCF(1.0),26/03/26 23:00:00,A,S1,MIO_EUR,O-Q,ITG1,2007-01-01,3095.0,,
ESTAT:NAMA_10R_2GFCF(1.0),26/03/26 23:00:00,A,S1,MIO_EUR,O-U,ITG1,2007-01-01,3469.8,,
ESTAT:NAMA_10R_2GFCF(1.0),26/03/26 23:00:00,A,S1,MIO_EUR,R-U,ITG1,2007-01-01,374.7,,
ESTAT:NAMA_10R_2GFCF(1.0),26/03/26 23:00:00,A,S1,MIO_EUR,TOTAL,ITG1,2007-01-01,19071.8,,
ESTAT:NAMA_10R_2GFCF(1.0),26/03/26 23:00:00,A,S1,MIO_EUR,A,ITG1,2008-01-01,471.7,,
ESTAT:NAMA_10R_2GFCF(1.0),26/03/26 23:00:00,A,S1,MIO_EUR,B-E,ITG1,2008-01-01,3522.9,,
ESTAT:NAMA_10R_2GFCF(1.0),26/03/26 23:00:00,A,S1,MIO_EUR,C,ITG1,2008-01-01,2233.8,,
ESTAT:NAMA_10R_2GFCF(1.0),26/03/26 23:00:00,A,S1,MIO_EUR,F,ITG1,2008-01-01,539.9,,
ESTAT:NAMA_10R_2GFCF(1.0),26/03/26 23:00:00,A,S1,MIO_EUR,G-I,ITG1,2008-01-01,3475.5,,
ESTAT:NAMA_10R_2GFCF(1.0),26/03/26 23:00:00,A,S1,MIO_EUR,G-J,ITG1,2008-01-01,3567.1,,
ESTAT:NAMA_10R_2GFCF(1.0),26/03/26 23:00:00,A,S1,MIO_EUR,J,ITG1,2008-01-01,91.6,,
ESTAT:NAMA_10R_2GFCF(1.0),26/03/26 23:00:00,A,S1,MIO_EUR,K,ITG1,2008-01-01,221.6,,
ESTAT:NAMA_10R_2GFCF(1.0),26/03/26 23:00:00,A,S1,MIO_EUR,K-N,ITG1,2008-01-01,6212.3,,
ESTAT:NAMA_10R_2GFCF(1.0),26/03/26 23:00:00,A,S1,MIO_EUR,L,ITG1,2008-01-01,5028.9,,
ESTAT:NAMA_10R_2GFCF(1.0),26/03/26 23:00:00,A,S1,MIO_EUR,M_N,ITG1,2008-01-01,961.8,,
ESTAT:NAMA_10R_2GFCF(1.0),26/03/26 23:00:00,A,S1,MIO_EUR,O-Q,ITG1,2008-01-01,3599.1,,
ESTAT:NAMA_10R_2GFCF(1.0),26/03/26 23:00:00,A,S1,MIO_EUR,O-U,ITG1,2008-01-01,4030.6,,
ESTAT:NAMA_10R_2GFCF(1.0),26/03/26 23:00:00,A,S1,MIO_EUR,R-U,ITG1,2008-01-01,431.6,,
ESTAT:NAMA_10R_2GFCF(1.0),26/03/26 23:00:00,A,S1,MIO_EUR,TOTAL,ITG1,2008-01-01,18344.5,,
ESTAT:NAMA_10R_2GFCF(1.0),26/03/26 23:00:00,A,S1,MIO_EUR,A,ITG1,2009-01-01,331.8,,
ESTAT:NAMA_10R_2GFCF(1.0),26/03/26 23:00:00,A,S1,MIO_EUR,B-E,ITG1,2009-01-01,2939.1,,
ESTAT:NAMA_10R_2GFCF(1.0),26/03/26 23:00:00,A,S1,MIO_EUR,C,ITG1,2009-01-01,1512.4,,
ESTAT:NAMA_10R_2GFCF(1.0),26/03/26 23:00:00,A,S1,MIO_EUR,F,ITG1,2009-01-01,331.7,,
ESTAT:NAMA_10R_2GFCF(1.0),26/03/26 23:00:00,A,S1,MIO_EUR,G-I,ITG1,2009-01-01,3326.7,,
ESTAT:NAMA_10R_2GFCF(1.0),26/03/26 23:00:00,A,S1,MIO_EUR,G-J,ITG1,2009-01-01,3424.7,,
ESTAT:NAMA_10R_2GFCF(1.0),26/03/26 23:00:00,A,S1,MIO_EUR,J,ITG1,2009-01-01,98.0,,
ESTAT:NAMA_10R_2GFCF(1.0),26/03/26 23:00:00,A,S1,MIO_EUR,K,ITG1,2009-01-01,158.8,,
ESTAT:NAMA_10R_2GFCF(1.0),26/03/26 23:00:00,A,S1,MIO_EUR,K-N,ITG1,2009-01-01,6156.7,,
ESTAT:NAMA_10R_2GFCF(1.0),26/03/26 23:00:00,A,S1,MIO_EUR,L,ITG1,2009-01-01,5167.0,,
ESTAT:NAMA_10R_2GFCF(1.0),26/03/26 23:00:00,A,S1,MIO_EUR,M_N,ITG1,2009-01-01,831.0,,
ESTAT:NAMA_10R_2GFCF(1.0),26/03/26 23:00:00,A,S1,MIO_EUR,O-Q,ITG1,2009-01-01,3623.7,,
ESTAT:NAMA_10R_2GFCF(1.0),26/03/26 23:00:00,A,S1,MIO_EUR,O-U,ITG1,2009-01-01,3885.3,,
ESTAT:NAMA_10R_2GFCF(1.0),26/03/26 23:00:00,A,S1,MIO_EUR,R-U,ITG1,2009-01-01,261.6,,
ESTAT:NAMA_10R_2GFCF(1.0),26/03/26 23:00:00,A,S1,MIO_EUR,TOTAL,ITG1,2009-01-01,17069.4,,
ESTAT:NAMA_10R_2GFCF(1.0),26/03/26 23:00:00,A,S1,MIO_EUR,A,ITG1,2010-01-01,330.4,,
ESTAT:NAMA_10R_2GFCF(1.0),26/03/26 23:00:00,A,S1,MIO_EUR,B-E,ITG1,2010-01-01,3322.4,,
ESTAT:NAMA_10R_2GFCF(1.0),26/03/26 23:00:00,A,S1,MIO_EUR,C,ITG1,2010-01-01,1690.9,,
ESTAT:NAMA_10R_2GFCF(1.0),26/03/26 23:00:00,A,S1,MIO_EUR,F,ITG1,2010-01-01,311.8,,
ESTAT:NAMA_10R_2GFCF(1.0),26/03/26 23:00:00,A,S1,MIO_EUR,G-I,ITG1,2010-01-01,3752.4,,
ESTAT:NAMA_10R_2GFCF(1.0),26/03/26 23:00:00,A,S1,MIO_EUR,G-J,ITG1,2010-01-01,3828.2,,
ESTAT:NAMA_10R_2GFCF(1.0),26/03/26 23:00:00,A,S1,MIO_EUR,J,ITG1,2010-01-01,75.8,,
ESTAT:NAMA_10R_2GFCF(1.0),26/03/26 23:00:00,A,S1,MIO_EUR,K,ITG1,2010-01-01,204.7,,
ESTAT:NAMA_10R_2GFCF(1.0),26/03/26 23:00:00,A,S1,MIO_EUR,K-N,ITG1,2010-01-01,6094.6,,
ESTAT:NAMA_10R_2GFCF(1.0),26/03/26 23:00:00,A,S1,MIO_EUR,L,ITG1,2010-01-01,5027.8,,
ESTAT:NAMA_10R_2GFCF(1.0),26/03/26 23:00:00,A,S1,MIO_EUR,M_N,ITG1,2010-01-01,862.1,,
ESTAT:NAMA_10R_2GFCF(1.0),26/03/26 23:00:00,A,S1,MIO_EUR,O-Q,ITG1,2010-01-01,3275.5,,
ESTAT:NAMA_10R_2GFCF(1.0),26/03/26 23:00:00,A,S1,MIO_EUR,O-U,ITG1,2010-01-01,3651.9,,
ESTAT:NAMA_10R_2GFCF(1.0),26/03/26 23:00:00,A,S1,MIO_EUR,R-U,ITG1,2010-01-01,376.4,,
ESTAT:NAMA_10R_2GFCF(1.0),26/03/26 23:00:00,A,S1,MIO_EUR,TOTAL,ITG1,2010-01-01,17539.2,,
ESTAT:NAMA_10R_2GFCF(1.0),26/03/26 23:00:00,A,S1,MIO_EUR,A,ITG1,2011-01-01,350.0,,
ESTAT:NAMA_10R_2GFCF(1.0),26/03/26 23:00:00,A,S1,MIO_EUR,B-E,ITG1,2011-01-01,2808.0,,
ESTAT:NAMA_10R_2GFCF(1.0),26/03/26 23:00:00,A,S1,MIO_EUR,C,ITG1,2011-01-01,1391.3,,
ESTAT:NAMA_10R_2GFCF(1.0),26/03/26 23:00:00,A,S1,MIO_EUR,F,ITG1,2011-01-01,394.8,,
ESTAT:NAMA_10R_2GFCF(1.0),26/03/26 23:00:00,A,S1,MIO_EUR,G-I,ITG1,2011-01-01,4315.7,,
ESTAT:NAMA_10R_2GFCF(1.0),26/03/26 23:00:00,A,S1,MIO_EUR,G-J,ITG1,2011-01-01,4379.8,,
ESTAT:NAMA_10R_2GFCF(1.0),26/03/26 23:00:00,A,S1,MIO_EUR,J,ITG1,2011-01-01,64.2,,
ESTAT:NAMA_10R_2GFCF(1.0),26/03/26 23:00:00,A,S1,MIO_EUR,K,ITG1,2011-01-01,182.0,,
ESTAT:NAMA_10R_2GFCF(1.0),26/03/26 23:00:00,A,S1,MIO_EUR,K-N,ITG1,2011-01-01,5537.7,,
ESTAT:NAMA_10R_2GFCF(1.0),26/03/26 23:00:00,A,S1,MIO_EUR,L,ITG1,2011-01-01,4535.0,,
ESTAT:NAMA_10R_2GFCF(1.0),26/03/26 23:00:00,A,S1,MIO_EUR,M_N,ITG1,2011-01-01,820.8,,
ESTAT:NAMA_10R_2GFCF(1.0),26/03/26 23:00:00,A,S1,MIO_EUR,O-Q,ITG1,2011-01-01,3108.7,,
ESTAT:NAMA_10R_2GFCF(1.0),26/03/26 23:00:00,A,S1,MIO_EUR,O-U,ITG1,2011-01-01,3464.9,,
ESTAT:NAMA_10R_2GFCF(1.0),26/03/26 23:00:00,A,S1,MIO_EUR,R-U,ITG1,2011-01-01,356.2,,
ESTAT:NAMA_10R_2GFCF(1.0),26/03/26 23:00:00,A,S1,MIO_EUR,TOTAL,ITG1,2011-01-01,16935.2,,
ESTAT:NAMA_10R_2GFCF(1.0),26/03/26 23:00:00,A,S1,MIO_EUR,A,ITG1,2012-01-01,508.9,,
ESTAT:NAMA_10R_2GFCF(1.0),26/03/26 23:00:00,A,S1,MIO_EUR,B-E,ITG1,2012-01-01,2674.6,,
ESTAT:NAMA_10R_2GFCF(1.0),26/03/26 23:00:00,A,S1,MIO_EUR,C,ITG1,2012-01-01,1530.2,,
ESTAT:NAMA_10R_2GFCF(1.0),26/03/26 23:00:00,A,S1,MIO_EUR,F,ITG1,2012-01-01,413.9,,
ESTAT:NAMA_10R_2GFCF(1.0),26/03/26 23:00:00,A,S1,MIO_EUR,G-I,ITG1,2012-01-01,2995.8,,
ESTAT:NAMA_10R_2GFCF(1.0),26/03/26 23:00:00,A,S1,MIO_EUR,G-J,ITG1,2012-01-01,3076.2,,
ESTAT:NAMA_10R_2GFCF(1.0),26/03/26 23:00:00,A,S1,MIO_EUR,J,ITG1,2012-01-01,80.4,,
ESTAT:NAMA_10R_2GFCF(1.0),26/03/26 23:00:00,A,S1,MIO_EUR,K,ITG1,2012-01-01,205.3,,
ESTAT:NAMA_10R_2GFCF(1.0),26/03/26 23:00:00,A,S1,MIO_EUR,K-N,ITG1,2012-01-01,5376.2,,
ESTAT:NAMA_10R_2GFCF(1.0),26/03/26 23:00:00,A,S1,MIO_EUR,L,ITG1,2012-01-01,4322.4,,
ESTAT:NAMA_10R_2GFCF(1.0),26/03/26 23:00:00,A,S1,MIO_EUR,M_N,ITG1,2012-01-01,848.5,,
ESTAT:NAMA_10R_2GFCF(1.0),26/03/26 23:00:00,A,S1,MIO_EUR,O-Q,ITG1,2012-01-01,2306.7,,
ESTAT:NAMA_10R_2GFCF(1.0),26/03/26 23:00:00,A,S1,MIO_EUR,O-U,ITG1,2012-01-01,2570.0,,
ESTAT:NAMA_10R_2GFCF(1.0),26/03/26 23:00:00,A,S1,MIO_EUR,R-U,ITG1,2012-01-01,263.3,,
ESTAT:NAMA_10R_2GFCF(1.0),26/03/26 23:00:00,A,S1,MIO_EUR,TOTAL,ITG1,2012-01-01,14619.8,,
ESTAT:NAMA_10R_2GFCF(1.0),26/03/26 23:00:00,A,S1,MIO_EUR,A,ITG1,2013-01-01,405.1,,
ESTAT:NAMA_10R_2GFCF(1.0),26/03/26 23:00:00,A,S1,MIO_EUR,B-E,ITG1,2013-01-01,2236.8,,
ESTAT:NAMA_10R_2GFCF(1.0),26/03/26 23:00:00,A,S1,MIO_EUR,C,ITG1,2013-01-01,1178.5,,
ESTAT:NAMA_10R_2GFCF(1.0),26/03/26 23:00:00,A,S1,MIO_EUR,F,ITG1,2013-01-01,342.0,,
ESTAT:NAMA_10R_2GFCF(1.0),26/03/26 23:00:00,A,S1,MIO_EUR,G-I,ITG1,2013-01-01,2980.7,,
ESTAT:NAMA_10R_2GFCF(1.0),26/03/26 23:00:00,A,S1,MIO_EUR,G-J,ITG1,2013-01-01,3048.5,,
ESTAT:NAMA_10R_2GFCF(1.0),26/03/26 23:00:00,A,S1,MIO_EUR,J,ITG1,2013-01-01,67.8,,
ESTAT:NAMA_10R_2GFCF(1.0),26/03/26 23:00:00,A,S1,MIO_EUR,K,ITG1,2013-01-01,176.6,,
ESTAT:NAMA_10R_2GFCF(1.0),26/03/26 23:00:00,A,S1,MIO_EUR,K-N,ITG1,2013-01-01,4999.3,,
ESTAT:NAMA_10R_2GFCF(1.0),26/03/26 23:00:00,A,S1,MIO_EUR,L,ITG1,2013-01-01,4020.3,,
ESTAT:NAMA_10R_2GFCF(1.0),26/03/26 23:00:00,A,S1,MIO_EUR,M_N,ITG1,2013-01-01,802.4,,
ESTAT:NAMA_10R_2GFCF(1.0),26/03/26 23:00:00,A,S1,MIO_EUR,O-Q,ITG1,2013-01-01,1912.8,,
ESTAT:NAMA_10R_2GFCF(1.0),26/03/26 23:00:00,A,S1,MIO_EUR,O-U,ITG1,2013-01-01,2112.5,,
ESTAT:NAMA_10R_2GFCF(1.0),26/03/26 23:00:00,A,S1,MIO_EUR,R-U,ITG1,2013-01-01,199.6,,
ESTAT:NAMA_10R_2GFCF(1.0),26/03/26 23:00:00,A,S1,MIO_EUR,TOTAL,ITG1,2013-01-01,13144.2,,
ESTAT:NAMA_10R_2GFCF(1.0),26/03/26 23:00:00,A,S1,MIO_EUR,A,ITG1,2014-01-01,324.2,,
ESTAT:NAMA_10R_2GFCF(1.0),26/03/26 23:00:00,A,S1,MIO_EUR,B-E,ITG1,2014-01-01,2781.6,,
ESTAT:NAMA_10R_2GFCF(1.0),26/03/26 23:00:00,A,S1,MIO_EUR,C,ITG1,2014-01-01,1188.3,,
ESTAT:NAMA_10R_2GFCF(1.0),26/03/26 23:00:00,A,S1,MIO_EUR,F,ITG1,2014-01-01,238.6,,
ESTAT:NAMA_10R_2GFCF(1.0),26/03/26 23:00:00,A,S1,MIO_EUR,G-I,ITG1,2014-01-01,2683.6,,
ESTAT:NAMA_10R_2GFCF(1.0),26/03/26 23:00:00,A,S1,MIO_EUR,G-J,ITG1,2014-01-01,2774.4,,
ESTAT:NAMA_10R_2GFCF(1.0),26/03/26 23:00:00,A,S1,MIO_EUR,J,ITG1,2014-01-01,90.9,,
ESTAT:NAMA_10R_2GFCF(1.0),26/03/26 23:00:00,A,S1,MIO_EUR,K,ITG1,2014-01-01,177.1,,
ESTAT:NAMA_10R_2GFCF(1.0),26/03/26 23:00:00,A,S1,MIO_EUR,K-N,ITG1,2014-01-01,4777.3,,
ESTAT:NAMA_10R_2GFCF(1.0),26/03/26 23:00:00,A,S1,MIO_EUR,L,ITG1,2014-01-01,3821.1,,
ESTAT:NAMA_10R_2GFCF(1.0),26/03/26 23:00:00,A,S1,MIO_EUR,M_N,ITG1,2014-01-01,779.1,,
ESTAT:NAMA_10R_2GFCF(1.0),26/03/26 23:00:00,A,S1,MIO_EUR,O-Q,ITG1,2014-01-01,1726.8,,
ESTAT:NAMA_10R_2GFCF(1.0),26/03/26 23:00:00,A,S1,MIO_EUR,O-U,ITG1,2014-01-01,1875.7,,
ESTAT:NAMA_10R_2GFCF(1.0),26/03/26 23:00:00,A,S1,MIO_EUR,R-U,ITG1,2014-01-01,148.9,,
ESTAT:NAMA_10R_2GFCF(1.0),26/03/26 23:00:00,A,S1,MIO_EUR,TOTAL,ITG1,2014-01-01,12771.8,,
ESTAT:NAMA_10R_2GFCF(1.0),26/03/26 23:00:00,A,S1,MIO_EUR,A,ITG1,2015-01-01,385.1,,
ESTAT:NAMA_10R_2GFCF(1.0),26/03/26 23:00:00,A,S1,MIO_EUR,B-E,ITG1,2015-01-01,2709.9,,
ESTAT:NAMA_10R_2GFCF(1.0),26/03/26 23:00:00,A,S1,MIO_EUR,C,ITG1,2015-01-01,1001.3,,
ESTAT:NAMA_10R_2GFCF(1.0),26/03/26 23:00:00,A,S1,MIO_EUR,F,ITG1,2015-01-01,246.0,,
ESTAT:NAMA_10R_2GFCF(1.0),26/03/26 23:00:00,A,S1,MIO_EUR,G-I,ITG1,2015-01-01,2875.6,,
ESTAT:NAMA_10R_2GFCF(1.0),26/03/26 23:00:00,A,S1,MIO_EUR,G-J,ITG1,2015-01-01,2995.7,,
ESTAT:NAMA_10R_2GFCF(1.0),26/03/26 23:00:00,A,S1,MIO_EUR,J,ITG1,2015-01-01,120.1,,
ESTAT:NAMA_10R_2GFCF(1.0),26/03/26 23:00:00,A,S1,MIO_EUR,K,ITG1,2015-01-01,204.0,,
ESTAT:NAMA_10R_2GFCF(1.0),26/03/26 23:00:00,A,S1,MIO_EUR,K-N,ITG1,2015-01-01,4706.8,,
ESTAT:NAMA_10R_2GFCF(1.0),26/03/26 23:00:00,A,S1,MIO_EUR,L,ITG1,2015-01-01,3722.1,,
ESTAT:NAMA_10R_2GFCF(1.0),26/03/26 23:00:00,A,S1,MIO_EUR,M_N,ITG1,2015-01-01,780.6,,
ESTAT:NAMA_10R_2GFCF(1.0),26/03/26 23:00:00,A,S1,MIO_EUR,O-Q,ITG1,2015-01-01,2087.9,,
ESTAT:NAMA_10R_2GFCF(1.0),26/03/26 23:00:00,A,S1,MIO_EUR,O-U,ITG1,2015-01-01,2248.1,,
ESTAT:NAMA_10R_2GFCF(1.0),26/03/26 23:00:00,A,S1,MIO_EUR,R-U,ITG1,2015-01-01,160.2,,
ESTAT:NAMA_10R_2GFCF(1.0),26/03/26 23:00:00,A,S1,MIO_EUR,TOTAL,ITG1,2015-01-01,13291.6,,
ESTAT:NAMA_10R_2GFCF(1.0),26/03/26 23:00:00,A,S1,MIO_EUR,A,ITG1,2016-01-01,452.3,,
ESTAT:NAMA_10R_2GFCF(1.0),26/03/26 23:00:00,A,S1,MIO_EUR,B-E,ITG1,2016-01-01,2920.9,,
ESTAT:NAMA_10R_2GFCF(1.0),26/03/26 23:00:00,A,S1,MIO_EUR,C,ITG1,2016-01-01,1217.5,,
ESTAT:NAMA_10R_2GFCF(1.0),26/03/26 23:00:00,A,S1,MIO_EUR,F,ITG1,2016-01-01,241.1,,
ESTAT:NAMA_10R_2GFCF(1.0),26/03/26 23:00:00,A,S1,MIO_EUR,G-I,ITG1,2016-01-01,2779.6,,
ESTAT:NAMA_10R_2GFCF(1.0),26/03/26 23:00:00,A,S1,MIO_EUR,G-J,ITG1,2016-01-01,2874.1,,
ESTAT:NAMA_10R_2GFCF(1.0),26/03/26 23:00:00,A,S1,MIO_EUR,J,ITG1,2016-01-01,94.5,,
ESTAT:NAMA_10R_2GFCF(1.0),26/03/26 23:00:00,A,S1,MIO_EUR,K,ITG1,2016-01-01,292.1,,
ESTAT:NAMA_10R_2GFCF(1.0),26/03/26 23:00:00,A,S1,MIO_EUR,K-N,ITG1,2016-01-01,4686.0,,
ESTAT:NAMA_10R_2GFCF(1.0),26/03/26 23:00:00,A,S1,MIO_EUR,L,ITG1,2016-01-01,3593.2,,
ESTAT:NAMA_10R_2GFCF(1.0),26/03/26 23:00:00,A,S1,MIO_EUR,M_N,ITG1,2016-01-01,800.7,,
ESTAT:NAMA_10R_2GFCF(1.0),26/03/26 23:00:00,A,S1,MIO_EUR,O-Q,ITG1,2016-01-01,1780.7,,
ESTAT:NAMA_10R_2GFCF(1.0),26/03/26 23:00:00,A,S1,MIO_EUR,O-U,ITG1,2016-01-01,1967.3,,
ESTAT:NAMA_10R_2GFCF(1.0),26/03/26 23:00:00,A,S1,MIO_EUR,R-U,ITG1,2016-01-01,186.6,,
ESTAT:NAMA_10R_2GFCF(1.0),26/03/26 23:00:00,A,S1,MIO_EUR,TOTAL,ITG1,2016-01-01,13141.7,,
ESTAT:NAMA_10R_2GFCF(1.0),26/03/26 23:00:00,A,S1,MIO_EUR,A,ITG1,2017-01-01,358.8,,
ESTAT:NAMA_10R_2GFCF(1.0),26/03/26 23:00:00,A,S1,MIO_EUR,B-E,ITG1,2017-01-01,2805.1,,
ESTAT:NAMA_10R_2GFCF(1.0),26/03/26 23:00:00,A,S1,MIO_EUR,C,ITG1,2017-01-01,1264.2,,
ESTAT:NAMA_10R_2GFCF(1.0),26/03/26 23:00:00,A,S1,MIO_EUR,F,ITG1,2017-01-01,318.1,,
ESTAT:NAMA_10R_2GFCF(1.0),26/03/26 23:00:00,A,S1,MIO_EUR,G-I,ITG1,2017-01-01,2830.1,,
ESTAT:NAMA_10R_2GFCF(1.0),26/03/26 23:00:00,A,S1,MIO_EUR,G-J,ITG1,2017-01-01,2929.3,,
ESTAT:NAMA_10R_2GFCF(1.0),26/03/26 23:00:00,A,S1,MIO_EUR,J,ITG1,2017-01-01,99.2,,
ESTAT:NAMA_10R_2GFCF(1.0),26/03/26 23:00:00,A,S1,MIO_EUR,K,ITG1,2017-01-01,343.0,,
ESTAT:NAMA_10R_2GFCF(1.0),26/03/26 23:00:00,A,S1,MIO_EUR,K-N,ITG1,2017-01-01,4929.5,,
ESTAT:NAMA_10R_2GFCF(1.0),26/03/26 23:00:00,A,S1,MIO_EUR,L,ITG1,2017-01-01,3732.6,,
ESTAT:NAMA_10R_2GFCF(1.0),26/03/26 23:00:00,A,S1,MIO_EUR,M_N,ITG1,2017-01-01,853.9,,
ESTAT:NAMA_10R_2GFCF(1.0),26/03/26 23:00:00,A,S1,MIO_EUR,O-Q,ITG1,2017-01-01,1691.9,,
ESTAT:NAMA_10R_2GFCF(1.0),26/03/26 23:00:00,A,S1,MIO_EUR,O-U,ITG1,2017-01-01,1840.1,,
ESTAT:NAMA_10R_2GFCF(1.0),26/03/26 23:00:00,A,S1,MIO_EUR,R-U,ITG1,2017-01-01,148.3,,
ESTAT:NAMA_10R_2GFCF(1.0),26/03/26 23:00:00,A,S1,MIO_EUR,TOTAL,ITG1,2017-01-01,13181.0,,
ESTAT:NAMA_10R_2GFCF(1.0),26/03/26 23:00:00,A,S1,MIO_EUR,A,ITG1,2018-01-01,507.2,,
ESTAT:NAMA_10R_2GFCF(1.0),26/03/26 23:00:00,A,S1,MIO_EUR,B-E,ITG1,2018-01-01,2881.7,,
ESTAT:NAMA_10R_2GFCF(1.0),26/03/26 23:00:00,A,S1,MIO_EUR,C,ITG1,2018-01-01,1405.2,,
ESTAT:NAMA_10R_2GFCF(1.0),26/03/26 23:00:00,A,S1,MIO_EUR,F,ITG1,2018-01-01,236.2,,
ESTAT:NAMA_10R_2GFCF(1.0),26/03/26 23:00:00,A,S1,MIO_EUR,G-I,ITG1,2018-01-01,2935.8,,
ESTAT:NAMA_10R_2GFCF(1.0),26/03/26 23:00:00,A,S1,MIO_EUR,G-J,ITG1,2018-01-01,3050.3,,
ESTAT:NAMA_10R_2GFCF(1.0),26/03/26 23:00:00,A,S1,MIO_EUR,J,ITG1,2018-01-01,114.5,,
ESTAT:NAMA_10R_2GFCF(1.0),26/03/26 23:00:00,A,S1,MIO_EUR,K,ITG1,2018-01-01,290.8,,
ESTAT:NAMA_10R_2GFCF(1.0),26/03/26 23:00:00,A,S1,MIO_EUR,K-N,ITG1,2018-01-01,5194.1,,
ESTAT:NAMA_10R_2GFCF(1.0),26/03/26 23:00:00,A,S1,MIO_EUR,L,ITG1,2018-01-01,3928.1,,
ESTAT:NAMA_10R_2GFCF(1.0),26/03/26 23:00:00,A,S1,MIO_EUR,M_N,ITG1,2018-01-01,975.1,,
ESTAT:NAMA_10R_2GFCF(1.0),26/03/26 23:00:00,A,S1,MIO_EUR,O-Q,ITG1,2018-01-01,1722.0,,
ESTAT:NAMA_10R_2GFCF(1.0),26/03/26 23:00:00,A,S1,MIO_EUR,O-U,ITG1,2018-01-01,1872.3,,
ESTAT:NAMA_10R_2GFCF(1.0),26/03/26 23:00:00,A,S1,MIO_EUR,R-U,ITG1,2018-01-01,150.3,,
ESTAT:NAMA_10R_2GFCF(1.0),26/03/26 23:00:00,A,S1,MIO_EUR,TOTAL,ITG1,2018-01-01,13741.7,,
ESTAT:NAMA_10R_2GFCF(1.0),26/03/26 23:00:00,A,S1,MIO_EUR,A,ITG1,2019-01-01,509.6,,
ESTAT:NAMA_10R_2GFCF(1.0),26/03/26 23:00:00,A,S1,MIO_EUR,B-E,ITG1,2019-01-01,3302.5,,
ESTAT:NAMA_10R_2GFCF(1.0),26/03/26 23:00:00,A,S1,MIO_EUR,C,ITG1,2019-01-01,1570.9,,
ESTAT:NAMA_10R_2GFCF(1.0),26/03/26 23:00:00,A,S1,MIO_EUR,F,ITG1,2019-01-01,356.6,,
ESTAT:NAMA_10R_2GFCF(1.0),26/03/26 23:00:00,A,S1,MIO_EUR,G-I,ITG1,2019-01-01,2654.6,,
ESTAT:NAMA_10R_2GFCF(1.0),26/03/26 23:00:00,A,S1,MIO_EUR,G-J,ITG1,2019-01-01,2761.6,,
ESTAT:NAMA_10R_2GFCF(1.0),26/03/26 23:00:00,A,S1,MIO_EUR,J,ITG1,2019-01-01,107.0,,
ESTAT:NAMA_10R_2GFCF(1.0),26/03/26 23:00:00,A,S1,MIO_EUR,K,ITG1,2019-01-01,336.6,,
ESTAT:NAMA_10R_2GFCF(1.0),26/03/26 23:00:00,A,S1,MIO_EUR,K-N,ITG1,2019-01-01,5200.6,,
ESTAT:NAMA_10R_2GFCF(1.0),26/03/26 23:00:00,A,S1,MIO_EUR,L,ITG1,2019-01-01,3811.9,,
ESTAT:NAMA_10R_2GFCF(1.0),26/03/26 23:00:00,A,S1,MIO_EUR,M_N,ITG1,2019-01-01,1052.1,,
ESTAT:NAMA_10R_2GFCF(1.0),26/03/26 23:00:00,A,S1,MIO_EUR,O-Q,ITG1,2019-01-01,2113.5,,
ESTAT:NAMA_10R_2GFCF(1.0),26/03/26 23:00:00,A,S1,MIO_EUR,O-U,ITG1,2019-01-01,2303.4,,
ESTAT:NAMA_10R_2GFCF(1.0),26/03/26 23:00:00,A,S1,MIO_EUR,R-U,ITG1,2019-01-01,189.9,,
ESTAT:NAMA_10R_2GFCF(1.0),26/03/26 23:00:00,A,S1,MIO_EUR,TOTAL,ITG1,2019-01-01,14434.3,,
ESTAT:NAMA_10R_2GFCF(1.0),26/03/26 23:00:00,A,S1,MIO_EUR,A,ITG1,2020-01-01,383.7,,
ESTAT:NAMA_10R_2GFCF(1.0),26/03/26 23:00:00,A,S1,MIO_EUR,B-E,ITG1,2020-01-01,2819.3,,
ESTAT:NAMA_10R_2GFCF(1.0),26/03/26 23:00:00,A,S1,MIO_EUR,C,ITG1,2020-01-01,1427.5,,
ESTAT:NAMA_10R_2GFCF(1.0),26/03/26 23:00:00,A,S1,MIO_EUR,F,ITG1,2020-01-01,351.0,,
ESTAT:NAMA_10R_2GFCF(1.0),26/03/26 23:00:00,A,S1,MIO_EUR,G-I,ITG1,2020-01-01,2471.9,,
ESTAT:NAMA_10R_2GFCF(1.0),26/03/26 23:00:00,A,S1,MIO_EUR,G-J,ITG1,2020-01-01,2615.4,,
ESTAT:NAMA_10R_2GFCF(1.0),26/03/26 23:00:00,A,S1,MIO_EUR,J,ITG1,2020-01-01,143.5,,
ESTAT:NAMA_10R_2GFCF(1.0),26/03/26 23:00:00,A,S1,MIO_EUR,K,ITG1,2020-01-01,327.5,,
ESTAT:NAMA_10R_2GFCF(1.0),26/03/26 23:00:00,A,S1,MIO_EUR,K-N,ITG1,2020-01-01,4702.2,,
ESTAT:NAMA_10R_2GFCF(1.0),26/03/26 23:00:00,A,S1,MIO_EUR,L,ITG1,2020-01-01,3490.5,,
ESTAT:NAMA_10R_2GFCF(1.0),26/03/26 23:00:00,A,S1,MIO_EUR,M_N,ITG1,2020-01-01,884.2,,
ESTAT:NAMA_10R_2GFCF(1.0),26/03/26 23:00:00,A,S1,MIO_EUR,O-Q,ITG1,2020-01-01,2136.5,,
ESTAT:NAMA_10R_2GFCF(1.0),26/03/26 23:00:00,A,S1,MIO_EUR,O-U,ITG1,2020-01-01,2291.0,,
ESTAT:NAMA_10R_2GFCF(1.0),26/03/26 23:00:00,A,S1,MIO_EUR,R-U,ITG1,2020-01-01,154.5,,
ESTAT:NAMA_10R_2GFCF(1.0),26/03/26 23:00:00,A,S1,MIO_EUR,TOTAL,ITG1,2020-01-01,13162.7,,
ESTAT:NAMA_10R_2GFCF(1.0),26/03/26 23:00:00,A,S1,MIO_EUR,A,ITG1,2021-01-01,566.5,,
ESTAT:NAMA_10R_2GFCF(1.0),26/03/26 23:00:00,A,S1,MIO_EUR,B-E,ITG1,2021-01-01,3196.3,,
ESTAT:NAMA_10R_2GFCF(1.0),26/03/26 23:00:00,A,S1,MIO_EUR,C,ITG1,2021-01-01,1570.8,,
ESTAT:NAMA_10R_2GFCF(1.0),26/03/26 23:00:00,A,S1,MIO_EUR,F,ITG1,2021-01-01,411.7,,
ESTAT:NAMA_10R_2GFCF(1.0),26/03/26 23:00:00,A,S1,MIO_EUR,G-I,ITG1,2021-01-01,3230.4,,
ESTAT:NAMA_10R_2GFCF(1.0),26/03/26 23:00:00,A,S1,MIO_EUR,G-J,ITG1,2021-01-01,3377.1,,
ESTAT:NAMA_10R_2GFCF(1.0),26/03/26 23:00:00,A,S1,MIO_EUR,J,ITG1,2021-01-01,146.7,,
ESTAT:NAMA_10R_2GFCF(1.0),26/03/26 23:00:00,A,S1,MIO_EUR,K,ITG1,2021-01-01,340.8,,
ESTAT:NAMA_10R_2GFCF(1.0),26/03/26 23:00:00,A,S1,MIO_EUR,K-N,ITG1,2021-01-01,7237.9,,
ESTAT:NAMA_10R_2GFCF(1.0),26/03/26 23:00:00,A,S1,MIO_EUR,L,ITG1,2021-01-01,5856.0,,
ESTAT:NAMA_10R_2GFCF(1.0),26/03/26 23:00:00,A,S1,MIO_EUR,M_N,ITG1,2021-01-01,1041.1,,
ESTAT:NAMA_10R_2GFCF(1.0),26/03/26 23:00:00,A,S1,MIO_EUR,O-Q,ITG1,2021-01-01,2559.6,,
ESTAT:NAMA_10R_2GFCF(1.0),26/03/26 23:00:00,A,S1,MIO_EUR,O-U,ITG1,2021-01-01,2722.9,,
ESTAT:NAMA_10R_2GFCF(1.0),26/03/26 23:00:00,A,S1,MIO_EUR,R-U,ITG1,2021-01-01,163.3,,
ESTAT:NAMA_10R_2GFCF(1.0),26/03/26 23:00:00,A,S1,MIO_EUR,TOTAL,ITG1,2021-01-01,17512.4,,
ESTAT:NAMA_10R_2GFCF(1.0),26/03/26 23:00:00,A,S1,MIO_EUR,A,ITG1,2022-01-01,652.5,,
ESTAT:NAMA_10R_2GFCF(1.0),26/03/26 23:00:00,A,S1,MIO_EUR,B-E,ITG1,2022-01-01,3778.3,,
ESTAT:NAMA_10R_2GFCF(1.0),26/03/26 23:00:00,A,S1,MIO_EUR,C,ITG1,2022-01-01,2097.7,,
ESTAT:NAMA_10R_2GFCF(1.0),26/03/26 23:00:00,A,S1,MIO_EUR,F,ITG1,2022-01-01,465.8,,
ESTAT:NAMA_10R_2GFCF(1.0),26/03/26 23:00:00,A,S1,MIO_EUR,G-I,ITG1,2022-01-01,3725.9,,
ESTAT:NAMA_10R_2GFCF(1.0),26/03/26 23:00:00,A,S1,MIO_EUR,G-J,ITG1,2022-01-01,3888.5,,
ESTAT:NAMA_10R_2GFCF(1.0),26/03/26 23:00:00,A,S1,MIO_EUR,J,ITG1,2022-01-01,162.6,,
ESTAT:NAMA_10R_2GFCF(1.0),26/03/26 23:00:00,A,S1,MIO_EUR,K,ITG1,2022-01-01,531.3,,
ESTAT:NAMA_10R_2GFCF(1.0),26/03/26 23:00:00,A,S1,MIO_EUR,K-N,ITG1,2022-01-01,9298.1,,
ESTAT:NAMA_10R_2GFCF(1.0),26/03/26 23:00:00,A,S1,MIO_EUR,L,ITG1,2022-01-01,7601.5,,
ESTAT:NAMA_10R_2GFCF(1.0),26/03/26 23:00:00,A,S1,MIO_EUR,M_N,ITG1,2022-01-01,1165.3,,
ESTAT:NAMA_10R_2GFCF(1.0),26/03/26 23:00:00,A,S1,MIO_EUR,O-Q,ITG1,2022-01-01,2668.5,,
ESTAT:NAMA_10R_2GFCF(1.0),26/03/26 23:00:00,A,S1,MIO_EUR,O-U,ITG1,2022-01-01,2852.7,,
ESTAT:NAMA_10R_2GFCF(1.0),26/03/26 23:00:00,A,S1,MIO_EUR,R-U,ITG1,2022-01-01,184.2,,
ESTAT:NAMA_10R_2GFCF(1.0),26/03/26 23:00:00,A,S1,MIO_EUR,TOTAL,ITG1,2022-01-01,20935.9,,
ESTAT:NAMA_10R_2GFCF(1.0),26/03/26 23:00:00,A,S1,MIO_EUR,A,ITG1,2023-01-01,557.9,,
ESTAT:NAMA_10R_2GFCF(1.0),26/03/26 23:00:00,A,S1,MIO_EUR,B-E,ITG1,2023-01-01,4814.6,,
ESTAT:NAMA_10R_2GFCF(1.0),26/03/26 23:00:00,A,S1,MIO_EUR,C,ITG1,2023-01-01,2213.9,,
ESTAT:NAMA_10R_2GFCF(1.0),26/03/26 23:00:00,A,S1,MIO_EUR,F,ITG1,2023-01-01,450.1,,
ESTAT:NAMA_10R_2GFCF(1.0),26/03/26 23:00:00,A,S1,MIO_EUR,G-I,ITG1,2023-01-01,3751.9,,
ESTAT:NAMA_10R_2GFCF(1.0),26/03/26 23:00:00,A,S1,MIO_EUR,G-J,ITG1,2023-01-01,3938.5,,
ESTAT:NAMA_10R_2GFCF(1.0),26/03/26 23:00:00,A,S1,MIO_EUR,J,ITG1,2023-01-01,186.6,,
ESTAT:NAMA_10R_2GFCF(1.0),26/03/26 23:00:00,A,S1,MIO_EUR,K,ITG1,2023-01-01,302.9,,
ESTAT:NAMA_10R_2GFCF(1.0),26/03/26 23:00:00,A,S1,MIO_EUR,K-N,ITG1,2023-01-01,11155.1,,
ESTAT:NAMA_10R_2GFCF(1.0),26/03/26 23:00:00,A,S1,MIO_EUR,L,ITG1,2023-01-01,9425.7,,
ESTAT:NAMA_10R_2GFCF(1.0),26/03/26 23:00:00,A,S1,MIO_EUR,M_N,ITG1,2023-01-01,1426.5,,
ESTAT:NAMA_10R_2GFCF(1.0),26/03/26 23:00:00,A,S1,MIO_EUR,O-Q,ITG1,2023-01-01,3067.8,,
ESTAT:NAMA_10R_2GFCF(1.0),26/03/26 23:00:00,A,S1,MIO_EUR,O-U,ITG1,2023-01-01,3244.2,,
ESTAT:NAMA_10R_2GFCF(1.0),26/03/26 23:00:00,A,S1,MIO_EUR,R-U,ITG1,2023-01-01,176.4,,
ESTAT:NAMA_10R_2GFCF(1.0),26/03/26 23:00:00,A,S1,MIO_EUR,TOTAL,ITG1,2023-01-01,24160.5,,
