DATAFLOW,LAST UPDATE,freq,unit,nace_r2,geo,TIME_PERIOD,OBS_VALUE,OBS_FLAG,CONF_STATUS
ESTAT:TESEM180(1.0),26/02/26 23:00:00,A,PC,B-S_X_O,AT,2007-01-01,25.5,,
ESTAT:TESEM180(1.0),26/02/26 23:00:00,A,PC,B-S_X_O,BE,2007-01-01,10.1,,
ESTAT:TESEM180(1.0),26/02/26 23:00:00,A,PC,B-S_X_O,BG,2007-01-01,12.1,,
ESTAT:TESEM180(1.0),26/02/26 23:00:00,A,PC,B-S_X_O,CY,2007-01-01,22.0,,
ESTAT:TESEM180(1.0),26/02/26 23:00:00,A,PC,B-S_X_O,CZ,2007-01-01,23.6,,
ESTAT:TESEM180(1.0),26/02/26 23:00:00,A,PC,B-S_X_O,DE,2007-01-01,22.8,,
ESTAT:TESEM180(1.0),26/02/26 23:00:00,A,PC,B-S_X_O,DK,2007-01-01,17.7,,
ESTAT:TESEM180(1.0),26/02/26 23:00:00,A,PC,B-S_X_O,EE,2007-01-01,30.9,,
ESTAT:TESEM180(1.0),26/02/26 23:00:00,A,PC,B-S_X_O,EL,2007-01-01,21.5,,
ESTAT:TESEM180(1.0),26/02/26 23:00:00,A,PC,B-S_X_O,ES,2007-01-01,18.1,,
ESTAT:TESEM180(1.0),26/02/26 23:00:00,A,PC,B-S_X_O,FI,2007-01-01,20.2,,
ESTAT:TESEM180(1.0),26/02/26 23:00:00,A,PC,B-S_X_O,FR,2007-01-01,17.3,,
ESTAT:TESEM180(1.0),26/02/26 23:00:00,A,PC,B-S_X_O,HU,2007-01-01,16.3,,
ESTAT:TESEM180(1.0),26/02/26 23:00:00,A,PC,B-S_X_O,IE,2007-01-01,17.3,,
ESTAT:TESEM180(1.0),26/02/26 23:00:00,A,PC,B-S_X_O,IS,2007-01-01,24.0,,
ESTAT:TESEM180(1.0),26/02/26 23:00:00,A,PC,B-S_X_O,IT,2007-01-01,5.1,,
ESTAT:TESEM180(1.0),26/02/26 23:00:00,A,PC,B-S_X_O,LT,2007-01-01,22.6,,
ESTAT:TESEM180(1.0),26/02/26 23:00:00,A,PC,B-S_X_O,LU,2007-01-01,10.2,,
ESTAT:TESEM180(1.0),26/02/26 23:00:00,A,PC,B-S_X_O,LV,2007-01-01,13.6,,
ESTAT:TESEM180(1.0),26/02/26 23:00:00,A,PC,B-S_X_O,MT,2007-01-01,7.8,,
ESTAT:TESEM180(1.0),26/02/26 23:00:00,A,PC,B-S_X_O,NL,2007-01-01,19.3,,
ESTAT:TESEM180(1.0),26/02/26 23:00:00,A,PC,B-S_X_O,NO,2007-01-01,15.6,,
ESTAT:TESEM180(1.0),26/02/26 23:00:00,A,PC,B-S_X_O,PL,2007-01-01,14.9,,
ESTAT:TESEM180(1.0),26/02/26 23:00:00,A,PC,B-S_X_O,PT,2007-01-01,8.5,,
ESTAT:TESEM180(1.0),26/02/26 23:00:00,A,PC,B-S_X_O,RO,2007-01-01,12.5,d,
ESTAT:TESEM180(1.0),26/02/26 23:00:00,A,PC,B-S_X_O,SE,2007-01-01,17.8,,
ESTAT:TESEM180(1.0),26/02/26 23:00:00,A,PC,B-S_X_O,SI,2007-01-01,5.0,,
ESTAT:TESEM180(1.0),26/02/26 23:00:00,A,PC,B-S_X_O,SK,2007-01-01,23.6,,
ESTAT:TESEM180(1.0),26/02/26 23:00:00,A,PC,B-S_X_O,UK,2007-01-01,20.8,,
ESTAT:TESEM180(1.0),26/02/26 23:00:00,A,PC,B-S_X_O,AT,2008-01-01,25.1,,
ESTAT:TESEM180(1.0),26/02/26 23:00:00,A,PC,B-S_X_O,BE,2008-01-01,10.2,,
ESTAT:TESEM180(1.0),26/02/26 23:00:00,A,PC,B-S_X_O,BG,2008-01-01,12.3,,
ESTAT:TESEM180(1.0),26/02/26 23:00:00,A,PC,B-S_X_O,CH,2008-01-01,18.4,d,
ESTAT:TESEM180(1.0),26/02/26 23:00:00,A,PC,B-S_X_O,CY,2008-01-01,19.5,,
ESTAT:TESEM180(1.0),26/02/26 23:00:00,A,PC,B-S_X_O,CZ,2008-01-01,26.2,,
ESTAT:TESEM180(1.0),26/02/26 23:00:00,A,PC,B-S_X_O,DE,2008-01-01,22.8,,
ESTAT:TESEM180(1.0),26/02/26 23:00:00,A,PC,B-S_X_O,DK,2008-01-01,17.1,,
ESTAT:TESEM180(1.0),26/02/26 23:00:00,A,PC,B-S_X_O,EE,2008-01-01,27.6,,
ESTAT:TESEM180(1.0),26/02/26 23:00:00,A,PC,B-S_X_O,EL,2008-01-01,22.0,d,
ESTAT:TESEM180(1.0),26/02/26 23:00:00,A,PC,B-S_X_O,ES,2008-01-01,16.1,,
ESTAT:TESEM180(1.0),26/02/26 23:00:00,A,PC,B-S_X_O,FI,2008-01-01,20.5,,
ESTAT:TESEM180(1.0),26/02/26 23:00:00,A,PC,B-S_X_O,FR,2008-01-01,16.9,,
ESTAT:TESEM180(1.0),26/02/26 23:00:00,A,PC,B-S_X_O,HU,2008-01-01,17.5,,
ESTAT:TESEM180(1.0),26/02/26 23:00:00,A,PC,B-S_X_O,IE,2008-01-01,12.6,,
ESTAT:TESEM180(1.0),26/02/26 23:00:00,A,PC,B-S_X_O,IS,2008-01-01,20.7,,
ESTAT:TESEM180(1.0),26/02/26 23:00:00,A,PC,B-S_X_O,IT,2008-01-01,4.9,,
ESTAT:TESEM180(1.0),26/02/26 23:00:00,A,PC,B-S_X_O,LT,2008-01-01,21.6,,
ESTAT:TESEM180(1.0),26/02/26 23:00:00,A,PC,B-S_X_O,LU,2008-01-01,9.7,,
ESTAT:TESEM180(1.0),26/02/26 23:00:00,A,PC,B-S_X_O,LV,2008-01-01,11.8,,
ESTAT:TESEM180(1.0),26/02/26 23:00:00,A,PC,B-S_X_O,MT,2008-01-01,9.2,,
ESTAT:TESEM180(1.0),26/02/26 23:00:00,A,PC,B-S_X_O,NL,2008-01-01,18.9,,
ESTAT:TESEM180(1.0),26/02/26 23:00:00,A,PC,B-S_X_O,NO,2008-01-01,17.0,,
ESTAT:TESEM180(1.0),26/02/26 23:00:00,A,PC,B-S_X_O,PL,2008-01-01,11.4,,
ESTAT:TESEM180(1.0),26/02/26 23:00:00,A,PC,B-S_X_O,PT,2008-01-01,9.2,,
ESTAT:TESEM180(1.0),26/02/26 23:00:00,A,PC,B-S_X_O,RO,2008-01-01,8.5,d,
ESTAT:TESEM180(1.0),26/02/26 23:00:00,A,PC,B-S_X_O,SE,2008-01-01,16.9,,
ESTAT:TESEM180(1.0),26/02/26 23:00:00,A,PC,B-S_X_O,SI,2008-01-01,4.1,,
ESTAT:TESEM180(1.0),26/02/26 23:00:00,A,PC,B-S_X_O,SK,2008-01-01,20.9,,
ESTAT:TESEM180(1.0),26/02/26 23:00:00,A,PC,B-S_X_O,UK,2008-01-01,21.4,,
ESTAT:TESEM180(1.0),26/02/26 23:00:00,A,PC,B-S_X_O,AT,2009-01-01,24.3,,
ESTAT:TESEM180(1.0),26/02/26 23:00:00,A,PC,B-S_X_O,BE,2009-01-01,10.1,,
ESTAT:TESEM180(1.0),26/02/26 23:00:00,A,PC,B-S_X_O,BG,2009-01-01,13.3,,
ESTAT:TESEM180(1.0),26/02/26 23:00:00,A,PC,B-S_X_O,CH,2009-01-01,18.4,d,
ESTAT:TESEM180(1.0),26/02/26 23:00:00,A,PC,B-S_X_O,CY,2009-01-01,17.8,,
ESTAT:TESEM180(1.0),26/02/26 23:00:00,A,PC,B-S_X_O,CZ,2009-01-01,25.9,,
ESTAT:TESEM180(1.0),26/02/26 23:00:00,A,PC,B-S_X_O,DE,2009-01-01,22.6,,
ESTAT:TESEM180(1.0),26/02/26 23:00:00,A,PC,B-S_X_O,DK,2009-01-01,16.8,,
ESTAT:TESEM180(1.0),26/02/26 23:00:00,A,PC,B-S_X_O,EE,2009-01-01,26.6,,
ESTAT:TESEM180(1.0),26/02/26 23:00:00,A,PC,B-S_X_O,ES,2009-01-01,16.7,,
ESTAT:TESEM180(1.0),26/02/26 23:00:00,A,PC,B-S_X_O,FI,2009-01-01,20.8,,
ESTAT:TESEM180(1.0),26/02/26 23:00:00,A,PC,B-S_X_O,FR,2009-01-01,15.2,,
ESTAT:TESEM180(1.0),26/02/26 23:00:00,A,PC,B-S_X_O,HU,2009-01-01,17.1,,
ESTAT:TESEM180(1.0),26/02/26 23:00:00,A,PC,B-S_X_O,IE,2009-01-01,12.6,,
ESTAT:TESEM180(1.0),26/02/26 23:00:00,A,PC,B-S_X_O,IS,2009-01-01,18.0,,
ESTAT:TESEM180(1.0),26/02/26 23:00:00,A,PC,B-S_X_O,IT,2009-01-01,5.5,,
ESTAT:TESEM180(1.0),26/02/26 23:00:00,A,PC,B-S_X_O,LT,2009-01-01,15.3,,
ESTAT:TESEM180(1.0),26/02/26 23:00:00,A,PC,B-S_X_O,LU,2009-01-01,9.2,,
ESTAT:TESEM180(1.0),26/02/26 23:00:00,A,PC,B-S_X_O,LV,2009-01-01,13.1,,
ESTAT:TESEM180(1.0),26/02/26 23:00:00,A,PC,B-S_X_O,MT,2009-01-01,7.7,,
ESTAT:TESEM180(1.0),26/02/26 23:00:00,A,PC,B-S_X_O,NL,2009-01-01,18.5,,
ESTAT:TESEM180(1.0),26/02/26 23:00:00,A,PC,B-S_X_O,NO,2009-01-01,16.5,,
ESTAT:TESEM180(1.0),26/02/26 23:00:00,A,PC,B-S_X_O,PL,2009-01-01,8.0,,
ESTAT:TESEM180(1.0),26/02/26 23:00:00,A,PC,B-S_X_O,PT,2009-01-01,10.0,,
ESTAT:TESEM180(1.0),26/02/26 23:00:00,A,PC,B-S_X_O,RO,2009-01-01,7.4,d,
ESTAT:TESEM180(1.0),26/02/26 23:00:00,A,PC,B-S_X_O,SE,2009-01-01,15.7,,
ESTAT:TESEM180(1.0),26/02/26 23:00:00,A,PC,B-S_X_O,SI,2009-01-01,-0.9,,
ESTAT:TESEM180(1.0),26/02/26 23:00:00,A,PC,B-S_X_O,SK,2009-01-01,21.9,,
ESTAT:TESEM180(1.0),26/02/26 23:00:00,A,PC,B-S_X_O,UK,2009-01-01,20.6,,
ESTAT:TESEM180(1.0),26/02/26 23:00:00,A,PC,B-S_X_O,AT,2010-01-01,24.0,,
ESTAT:TESEM180(1.0),26/02/26 23:00:00,A,PC,B-S_X_O,BE,2010-01-01,10.2,,
ESTAT:TESEM180(1.0),26/02/26 23:00:00,A,PC,B-S_X_O,BG,2010-01-01,13.0,,
ESTAT:TESEM180(1.0),26/02/26 23:00:00,A,PC,B-S_X_O,CH,2010-01-01,17.8,,
ESTAT:TESEM180(1.0),26/02/26 23:00:00,A,PC,B-S_X_O,CY,2010-01-01,16.8,,
ESTAT:TESEM180(1.0),26/02/26 23:00:00,A,PC,B-S_X_O,CZ,2010-01-01,21.6,,
ESTAT:TESEM180(1.0),26/02/26 23:00:00,A,PC,B-S_X_O,DE,2010-01-01,22.3,,
ESTAT:TESEM180(1.0),26/02/26 23:00:00,A,PC,B-S_X_O,DK,2010-01-01,17.1,,
ESTAT:TESEM180(1.0),26/02/26 23:00:00,A,PC,B-S_X_O,EA19,2010-01-01,17.0,,
ESTAT:TESEM180(1.0),26/02/26 23:00:00,A,PC,B-S_X_O,EA20,2010-01-01,16.9,,
ESTAT:TESEM180(1.0),26/02/26 23:00:00,A,PC,B-S_X_O,EE,2010-01-01,27.7,,
ESTAT:TESEM180(1.0),26/02/26 23:00:00,A,PC,B-S_X_O,EL,2010-01-01,15.0,,
ESTAT:TESEM180(1.0),26/02/26 23:00:00,A,PC,B-S_X_O,ES,2010-01-01,16.2,,
ESTAT:TESEM180(1.0),26/02/26 23:00:00,A,PC,B-S_X_O,EU27_2020,2010-01-01,15.8,,
ESTAT:TESEM180(1.0),26/02/26 23:00:00,A,PC,B-S_X_O,FI,2010-01-01,20.3,,
ESTAT:TESEM180(1.0),26/02/26 23:00:00,A,PC,B-S_X_O,FR,2010-01-01,15.6,,
ESTAT:TESEM180(1.0),26/02/26 23:00:00,A,PC,B-S_X_O,HR,2010-01-01,5.7,,
ESTAT:TESEM180(1.0),26/02/26 23:00:00,A,PC,B-S_X_O,HU,2010-01-01,17.6,,
ESTAT:TESEM180(1.0),26/02/26 23:00:00,A,PC,B-S_X_O,IE,2010-01-01,13.9,,
ESTAT:TESEM180(1.0),26/02/26 23:00:00,A,PC,B-S_X_O,IS,2010-01-01,17.7,,
ESTAT:TESEM180(1.0),26/02/26 23:00:00,A,PC,B-S_X_O,IT,2010-01-01,5.3,,
ESTAT:TESEM180(1.0),26/02/26 23:00:00,A,PC,B-S_X_O,LT,2010-01-01,11.9,b,
ESTAT:TESEM180(1.0),26/02/26 23:00:00,A,PC,B-S_X_O,LU,2010-01-01,8.7,,
ESTAT:TESEM180(1.0),26/02/26 23:00:00,A,PC,B-S_X_O,LV,2010-01-01,15.5,,
ESTAT:TESEM180(1.0),26/02/26 23:00:00,A,PC,B-S_X_O,MT,2010-01-01,7.2,,
ESTAT:TESEM180(1.0),26/02/26 23:00:00,A,PC,B-S_X_O,NL,2010-01-01,17.8,,
ESTAT:TESEM180(1.0),26/02/26 23:00:00,A,PC,B-S_X_O,NO,2010-01-01,16.1,,
ESTAT:TESEM180(1.0),26/02/26 23:00:00,A,PC,B-S_X_O,PL,2010-01-01,4.5,,
ESTAT:TESEM180(1.0),26/02/26 23:00:00,A,PC,B-S_X_O,PT,2010-01-01,12.8,,
ESTAT:TESEM180(1.0),26/02/26 23:00:00,A,PC,B-S_X_O,RO,2010-01-01,8.8,,
ESTAT:TESEM180(1.0),26/02/26 23:00:00,A,PC,B-S_X_O,SE,2010-01-01,15.4,,
ESTAT:TESEM180(1.0),26/02/26 23:00:00,A,PC,B-S_X_O,SI,2010-01-01,0.9,,
ESTAT:TESEM180(1.0),26/02/26 23:00:00,A,PC,B-S_X_O,SK,2010-01-01,19.6,,
ESTAT:TESEM180(1.0),26/02/26 23:00:00,A,PC,B-S_X_O,UK,2010-01-01,23.3,b,
ESTAT:TESEM180(1.0),26/02/26 23:00:00,A,PC,B-S_X_O,AT,2011-01-01,23.5,,
ESTAT:TESEM180(1.0),26/02/26 23:00:00,A,PC,B-S_X_O,BE,2011-01-01,9.4,,
ESTAT:TESEM180(1.0),26/02/26 23:00:00,A,PC,B-S_X_O,BG,2011-01-01,13.2,,
ESTAT:TESEM180(1.0),26/02/26 23:00:00,A,PC,B-S_X_O,CH,2011-01-01,17.6,,
ESTAT:TESEM180(1.0),26/02/26 23:00:00,A,PC,B-S_X_O,CY,2011-01-01,16.1,,
ESTAT:TESEM180(1.0),26/02/26 23:00:00,A,PC,B-S_X_O,CZ,2011-01-01,22.6,,
ESTAT:TESEM180(1.0),26/02/26 23:00:00,A,PC,B-S_X_O,DE,2011-01-01,22.4,,
ESTAT:TESEM180(1.0),26/02/26 23:00:00,A,PC,B-S_X_O,DK,2011-01-01,16.4,,
ESTAT:TESEM180(1.0),26/02/26 23:00:00,A,PC,B-S_X_O,EA19,2011-01-01,17.3,,
ESTAT:TESEM180(1.0),26/02/26 23:00:00,A,PC,B-S_X_O,EA20,2011-01-01,17.2,,
ESTAT:TESEM180(1.0),26/02/26 23:00:00,A,PC,B-S_X_O,EE,2011-01-01,27.3,,
ESTAT:TESEM180(1.0),26/02/26 23:00:00,A,PC,B-S_X_O,ES,2011-01-01,17.6,,
ESTAT:TESEM180(1.0),26/02/26 23:00:00,A,PC,B-S_X_O,EU27_2020,2011-01-01,16.2,,
ESTAT:TESEM180(1.0),26/02/26 23:00:00,A,PC,B-S_X_O,FI,2011-01-01,19.1,,
ESTAT:TESEM180(1.0),26/02/26 23:00:00,A,PC,B-S_X_O,FR,2011-01-01,15.7,,
ESTAT:TESEM180(1.0),26/02/26 23:00:00,A,PC,B-S_X_O,HU,2011-01-01,18.0,,
ESTAT:TESEM180(1.0),26/02/26 23:00:00,A,PC,B-S_X_O,IE,2011-01-01,12.7,,
ESTAT:TESEM180(1.0),26/02/26 23:00:00,A,PC,B-S_X_O,IS,2011-01-01,17.8,,
ESTAT:TESEM180(1.0),26/02/26 23:00:00,A,PC,B-S_X_O,IT,2011-01-01,5.7,,
ESTAT:TESEM180(1.0),26/02/26 23:00:00,A,PC,B-S_X_O,LT,2011-01-01,11.5,,
ESTAT:TESEM180(1.0),26/02/26 23:00:00,A,PC,B-S_X_O,LU,2011-01-01,7.9,,
ESTAT:TESEM180(1.0),26/02/26 23:00:00,A,PC,B-S_X_O,LV,2011-01-01,14.1,,
ESTAT:TESEM180(1.0),26/02/26 23:00:00,A,PC,B-S_X_O,MT,2011-01-01,7.7,,
ESTAT:TESEM180(1.0),26/02/26 23:00:00,A,PC,B-S_X_O,NL,2011-01-01,18.8,,
ESTAT:TESEM180(1.0),26/02/26 23:00:00,A,PC,B-S_X_O,NO,2011-01-01,15.7,,
ESTAT:TESEM180(1.0),26/02/26 23:00:00,A,PC,B-S_X_O,PL,2011-01-01,5.5,,
ESTAT:TESEM180(1.0),26/02/26 23:00:00,A,PC,B-S_X_O,PT,2011-01-01,12.9,,
ESTAT:TESEM180(1.0),26/02/26 23:00:00,A,PC,B-S_X_O,RO,2011-01-01,9.6,,
ESTAT:TESEM180(1.0),26/02/26 23:00:00,A,PC,B-S_X_O,SE,2011-01-01,15.6,,
ESTAT:TESEM180(1.0),26/02/26 23:00:00,A,PC,B-S_X_O,SI,2011-01-01,3.3,,
ESTAT:TESEM180(1.0),26/02/26 23:00:00,A,PC,B-S_X_O,SK,2011-01-01,20.1,,
ESTAT:TESEM180(1.0),26/02/26 23:00:00,A,PC,B-S_X_O,UK,2011-01-01,21.8,,
ESTAT:TESEM180(1.0),26/02/26 23:00:00,A,PC,B-S_X_O,AT,2012-01-01,22.9,,
ESTAT:TESEM180(1.0),26/02/26 23:00:00,A,PC,B-S_X_O,BE,2012-01-01,8.3,,
ESTAT:TESEM180(1.0),26/02/26 23:00:00,A,PC,B-S_X_O,BG,2012-01-01,15.1,,
ESTAT:TESEM180(1.0),26/02/26 23:00:00,A,PC,B-S_X_O,CH,2012-01-01,17.4,,
ESTAT:TESEM180(1.0),26/02/26 23:00:00,A,PC,B-S_X_O,CY,2012-01-01,15.6,,
ESTAT:TESEM180(1.0),26/02/26 23:00:00,A,PC,B-S_X_O,CZ,2012-01-01,22.5,,
ESTAT:TESEM180(1.0),26/02/26 23:00:00,A,PC,B-S_X_O,DE,2012-01-01,22.7,,
ESTAT:TESEM180(1.0),26/02/26 23:00:00,A,PC,B-S_X_O,DK,2012-01-01,16.8,,
ESTAT:TESEM180(1.0),26/02/26 23:00:00,A,PC,B-S_X_O,EA19,2012-01-01,17.6,,
ESTAT:TESEM180(1.0),26/02/26 23:00:00,A,PC,B-S_X_O,EA20,2012-01-01,17.4,,
ESTAT:TESEM180(1.0),26/02/26 23:00:00,A,PC,B-S_X_O,EE,2012-01-01,29.9,,
ESTAT:TESEM180(1.0),26/02/26 23:00:00,A,PC,B-S_X_O,ES,2012-01-01,18.7,,
ESTAT:TESEM180(1.0),26/02/26 23:00:00,A,PC,B-S_X_O,EU27_2020,2012-01-01,16.4,,
ESTAT:TESEM180(1.0),26/02/26 23:00:00,A,PC,B-S_X_O,FI,2012-01-01,19.2,,
ESTAT:TESEM180(1.0),26/02/26 23:00:00,A,PC,B-S_X_O,FR,2012-01-01,15.6,,
ESTAT:TESEM180(1.0),26/02/26 23:00:00,A,PC,B-S_X_O,HU,2012-01-01,20.1,,
ESTAT:TESEM180(1.0),26/02/26 23:00:00,A,PC,B-S_X_O,IE,2012-01-01,12.2,,
ESTAT:TESEM180(1.0),26/02/26 23:00:00,A,PC,B-S_X_O,IS,2012-01-01,17.7,,
ESTAT:TESEM180(1.0),26/02/26 23:00:00,A,PC,B-S_X_O,IT,2012-01-01,6.5,,
ESTAT:TESEM180(1.0),26/02/26 23:00:00,A,PC,B-S_X_O,LT,2012-01-01,11.9,,
ESTAT:TESEM180(1.0),26/02/26 23:00:00,A,PC,B-S_X_O,LU,2012-01-01,7.0,,
ESTAT:TESEM180(1.0),26/02/26 23:00:00,A,PC,B-S_X_O,LV,2012-01-01,14.9,,
ESTAT:TESEM180(1.0),26/02/26 23:00:00,A,PC,B-S_X_O,MT,2012-01-01,9.5,,
ESTAT:TESEM180(1.0),26/02/26 23:00:00,A,PC,B-S_X_O,NL,2012-01-01,18.0,,
ESTAT:TESEM180(1.0),26/02/26 23:00:00,A,PC,B-S_X_O,NO,2012-01-01,14.7,,
ESTAT:TESEM180(1.0),26/02/26 23:00:00,A,PC,B-S_X_O,PL,2012-01-01,6.4,,
ESTAT:TESEM180(1.0),26/02/26 23:00:00,A,PC,B-S_X_O,PT,2012-01-01,15.0,,
ESTAT:TESEM180(1.0),26/02/26 23:00:00,A,PC,B-S_X_O,RO,2012-01-01,6.9,,
ESTAT:TESEM180(1.0),26/02/26 23:00:00,A,PC,B-S_X_O,SE,2012-01-01,15.5,,
ESTAT:TESEM180(1.0),26/02/26 23:00:00,A,PC,B-S_X_O,SI,2012-01-01,4.5,,
ESTAT:TESEM180(1.0),26/02/26 23:00:00,A,PC,B-S_X_O,SK,2012-01-01,20.8,,
ESTAT:TESEM180(1.0),26/02/26 23:00:00,A,PC,B-S_X_O,UK,2012-01-01,22.6,,
ESTAT:TESEM180(1.0),26/02/26 23:00:00,A,PC,B-S_X_O,AT,2013-01-01,22.3,,
ESTAT:TESEM180(1.0),26/02/26 23:00:00,A,PC,B-S_X_O,BE,2013-01-01,7.5,,
ESTAT:TESEM180(1.0),26/02/26 23:00:00,A,PC,B-S_X_O,BG,2013-01-01,14.1,,
ESTAT:TESEM180(1.0),26/02/26 23:00:00,A,PC,B-S_X_O,CH,2013-01-01,17.6,,
ESTAT:TESEM180(1.0),26/02/26 23:00:00,A,PC,B-S_X_O,CY,2013-01-01,14.9,,
ESTAT:TESEM180(1.0),26/02/26 23:00:00,A,PC,B-S_X_O,CZ,2013-01-01,22.3,,
ESTAT:TESEM180(1.0),26/02/26 23:00:00,A,PC,B-S_X_O,DE,2013-01-01,22.1,,
ESTAT:TESEM180(1.0),26/02/26 23:00:00,A,PC,B-S_X_O,DK,2013-01-01,16.5,,
ESTAT:TESEM180(1.0),26/02/26 23:00:00,A,PC,B-S_X_O,EA19,2013-01-01,17.1,,
ESTAT:TESEM180(1.0),26/02/26 23:00:00,A,PC,B-S_X_O,EA20,2013-01-01,17.0,,
ESTAT:TESEM180(1.0),26/02/26 23:00:00,A,PC,B-S_X_O,EE,2013-01-01,29.8,,
ESTAT:TESEM180(1.0),26/02/26 23:00:00,A,PC,B-S_X_O,ES,2013-01-01,17.8,,
ESTAT:TESEM180(1.0),26/02/26 23:00:00,A,PC,B-S_X_O,EU27_2020,2013-01-01,16.0,,
ESTAT:TESEM180(1.0),26/02/26 23:00:00,A,PC,B-S_X_O,FI,2013-01-01,18.8,,
ESTAT:TESEM180(1.0),26/02/26 23:00:00,A,PC,B-S_X_O,FR,2013-01-01,15.5,,
ESTAT:TESEM180(1.0),26/02/26 23:00:00,A,PC,B-S_X_O,HR,2013-01-01,7.7,,
ESTAT:TESEM180(1.0),26/02/26 23:00:00,A,PC,B-S_X_O,HU,2013-01-01,18.4,,
ESTAT:TESEM180(1.0),26/02/26 23:00:00,A,PC,B-S_X_O,IE,2013-01-01,12.9,,
ESTAT:TESEM180(1.0),26/02/26 23:00:00,A,PC,B-S_X_O,IS,2013-01-01,19.0,,
ESTAT:TESEM180(1.0),26/02/26 23:00:00,A,PC,B-S_X_O,IT,2013-01-01,7.0,,
ESTAT:TESEM180(1.0),26/02/26 23:00:00,A,PC,B-S_X_O,LT,2013-01-01,12.2,,
ESTAT:TESEM180(1.0),26/02/26 23:00:00,A,PC,B-S_X_O,LU,2013-01-01,6.2,,
ESTAT:TESEM180(1.0),26/02/26 23:00:00,A,PC,B-S_X_O,LV,2013-01-01,16.0,,
ESTAT:TESEM180(1.0),26/02/26 23:00:00,A,PC,B-S_X_O,MT,2013-01-01,9.7,,
ESTAT:TESEM180(1.0),26/02/26 23:00:00,A,PC,B-S_X_O,NL,2013-01-01,17.2,,
ESTAT:TESEM180(1.0),26/02/26 23:00:00,A,PC,B-S_X_O,NO,2013-01-01,15.5,,
ESTAT:TESEM180(1.0),26/02/26 23:00:00,A,PC,B-S_X_O,PL,2013-01-01,7.1,,
ESTAT:TESEM180(1.0),26/02/26 23:00:00,A,PC,B-S_X_O,PT,2013-01-01,13.3,,
ESTAT:TESEM180(1.0),26/02/26 23:00:00,A,PC,B-S_X_O,RO,2013-01-01,4.9,,
ESTAT:TESEM180(1.0),26/02/26 23:00:00,A,PC,B-S_X_O,SE,2013-01-01,14.6,,
ESTAT:TESEM180(1.0),26/02/26 23:00:00,A,PC,B-S_X_O,SI,2013-01-01,6.3,,
ESTAT:TESEM180(1.0),26/02/26 23:00:00,A,PC,B-S_X_O,SK,2013-01-01,18.8,,
ESTAT:TESEM180(1.0),26/02/26 23:00:00,A,PC,B-S_X_O,UK,2013-01-01,21.0,,
ESTAT:TESEM180(1.0),26/02/26 23:00:00,A,PC,B-S_X_O,AT,2014-01-01,22.2,,
ESTAT:TESEM180(1.0),26/02/26 23:00:00,A,PC,B-S_X_O,BE,2014-01-01,6.6,,
ESTAT:TESEM180(1.0),26/02/26 23:00:00,A,PC,B-S_X_O,BG,2014-01-01,14.2,,
ESTAT:TESEM180(1.0),26/02/26 23:00:00,A,PC,B-S_X_O,CH,2014-01-01,17.4,,
ESTAT:TESEM180(1.0),26/02/26 23:00:00,A,PC,B-S_X_O,CY,2014-01-01,14.2,,
ESTAT:TESEM180(1.0),26/02/26 23:00:00,A,PC,B-S_X_O,CZ,2014-01-01,22.5,,
ESTAT:TESEM180(1.0),26/02/26 23:00:00,A,PC,B-S_X_O,DE,2014-01-01,22.3,,
ESTAT:TESEM180(1.0),26/02/26 23:00:00,A,PC,B-S_X_O,DK,2014-01-01,16.0,,
ESTAT:TESEM180(1.0),26/02/26 23:00:00,A,PC,B-S_X_O,EA19,2014-01-01,16.8,,
ESTAT:TESEM180(1.0),26/02/26 23:00:00,A,PC,B-S_X_O,EA20,2014-01-01,16.8,,
ESTAT:TESEM180(1.0),26/02/26 23:00:00,A,PC,B-S_X_O,EE,2014-01-01,28.1,,
ESTAT:TESEM180(1.0),26/02/26 23:00:00,A,PC,B-S_X_O,EL,2014-01-01,12.5,,
ESTAT:TESEM180(1.0),26/02/26 23:00:00,A,PC,B-S_X_O,ES,2014-01-01,14.9,,
ESTAT:TESEM180(1.0),26/02/26 23:00:00,A,PC,B-S_X_O,EU27_2020,2014-01-01,15.7,,
ESTAT:TESEM180(1.0),26/02/26 23:00:00,A,PC,B-S_X_O,FI,2014-01-01,18.4,,
ESTAT:TESEM180(1.0),26/02/26 23:00:00,A,PC,B-S_X_O,FR,2014-01-01,15.5,,
ESTAT:TESEM180(1.0),26/02/26 23:00:00,A,PC,B-S_X_O,HR,2014-01-01,8.7,,
ESTAT:TESEM180(1.0),26/02/26 23:00:00,A,PC,B-S_X_O,HU,2014-01-01,15.1,,
ESTAT:TESEM180(1.0),26/02/26 23:00:00,A,PC,B-S_X_O,IE,2014-01-01,13.9,,
ESTAT:TESEM180(1.0),26/02/26 23:00:00,A,PC,B-S_X_O,IS,2014-01-01,16.7,,
ESTAT:TESEM180(1.0),26/02/26 23:00:00,A,PC,B-S_X_O,IT,2014-01-01,6.1,,
ESTAT:TESEM180(1.0),26/02/26 23:00:00,A,PC,B-S_X_O,LT,2014-01-01,13.3,,
ESTAT:TESEM180(1.0),26/02/26 23:00:00,A,PC,B-S_X_O,LU,2014-01-01,5.4,,
ESTAT:TESEM180(1.0),26/02/26 23:00:00,A,PC,B-S_X_O,LV,2014-01-01,17.3,,
ESTAT:TESEM180(1.0),26/02/26 23:00:00,A,PC,B-S_X_O,ME,2014-01-01,7.7,,
ESTAT:TESEM180(1.0),26/02/26 23:00:00,A,PC,B-S_X_O,MK,2014-01-01,9.1,,
ESTAT:TESEM180(1.0),26/02/26 23:00:00,A,PC,B-S_X_O,MT,2014-01-01,10.6,,
ESTAT:TESEM180(1.0),26/02/26 23:00:00,A,PC,B-S_X_O,NL,2014-01-01,17.0,,
ESTAT:TESEM180(1.0),26/02/26 23:00:00,A,PC,B-S_X_O,NO,2014-01-01,14.5,,
ESTAT:TESEM180(1.0),26/02/26 23:00:00,A,PC,B-S_X_O,PL,2014-01-01,7.7,,
ESTAT:TESEM180(1.0),26/02/26 23:00:00,A,PC,B-S_X_O,PT,2014-01-01,14.9,,
ESTAT:TESEM180(1.0),26/02/26 23:00:00,A,PC,B-S_X_O,RO,2014-01-01,4.5,,
ESTAT:TESEM180(1.0),26/02/26 23:00:00,A,PC,B-S_X_O,RS,2014-01-01,8.7,,
ESTAT:TESEM180(1.0),26/02/26 23:00:00,A,PC,B-S_X_O,SE,2014-01-01,13.8,,
ESTAT:TESEM180(1.0),26/02/26 23:00:00,A,PC,B-S_X_O,SI,2014-01-01,7.0,,
ESTAT:TESEM180(1.0),26/02/26 23:00:00,A,PC,B-S_X_O,SK,2014-01-01,19.7,,
ESTAT:TESEM180(1.0),26/02/26 23:00:00,A,PC,B-S_X_O,TR,2014-01-01,-1.3,,
ESTAT:TESEM180(1.0),26/02/26 23:00:00,A,PC,B-S_X_O,UK,2014-01-01,20.9,,
ESTAT:TESEM180(1.0),26/02/26 23:00:00,A,PC,B-S_X_O,AT,2015-01-01,21.8,,
ESTAT:TESEM180(1.0),26/02/26 23:00:00,A,PC,B-S_X_O,BE,2015-01-01,6.4,,
ESTAT:TESEM180(1.0),26/02/26 23:00:00,A,PC,B-S_X_O,BG,2015-01-01,15.5,,
ESTAT:TESEM180(1.0),26/02/26 23:00:00,A,PC,B-S_X_O,CH,2015-01-01,17.9,,
ESTAT:TESEM180(1.0),26/02/26 23:00:00,A,PC,B-S_X_O,CY,2015-01-01,13.2,,
ESTAT:TESEM180(1.0),26/02/26 23:00:00,A,PC,B-S_X_O,CZ,2015-01-01,22.5,d,
ESTAT:TESEM180(1.0),26/02/26 23:00:00,A,PC,B-S_X_O,DE,2015-01-01,21.8,,
ESTAT:TESEM180(1.0),26/02/26 23:00:00,A,PC,B-S_X_O,DK,2015-01-01,15.1,,
ESTAT:TESEM180(1.0),26/02/26 23:00:00,A,PC,B-S_X_O,EA19,2015-01-01,16.5,,
ESTAT:TESEM180(1.0),26/02/26 23:00:00,A,PC,B-S_X_O,EA20,2015-01-01,16.4,,
ESTAT:TESEM180(1.0),26/02/26 23:00:00,A,PC,B-S_X_O,EE,2015-01-01,26.7,,
ESTAT:TESEM180(1.0),26/02/26 23:00:00,A,PC,B-S_X_O,ES,2015-01-01,14.1,,
ESTAT:TESEM180(1.0),26/02/26 23:00:00,A,PC,B-S_X_O,EU27_2020,2015-01-01,15.5,,
ESTAT:TESEM180(1.0),26/02/26 23:00:00,A,PC,B-S_X_O,FI,2015-01-01,17.5,,
ESTAT:TESEM180(1.0),26/02/26 23:00:00,A,PC,B-S_X_O,FR,2015-01-01,15.6,,
ESTAT:TESEM180(1.0),26/02/26 23:00:00,A,PC,B-S_X_O,HU,2015-01-01,14.0,,
ESTAT:TESEM180(1.0),26/02/26 23:00:00,A,PC,B-S_X_O,IE,2015-01-01,13.9,p,
ESTAT:TESEM180(1.0),26/02/26 23:00:00,A,PC,B-S_X_O,IS,2015-01-01,17.5,,
ESTAT:TESEM180(1.0),26/02/26 23:00:00,A,PC,B-S_X_O,IT,2015-01-01,5.5,p,
ESTAT:TESEM180(1.0),26/02/26 23:00:00,A,PC,B-S_X_O,LT,2015-01-01,14.2,,
ESTAT:TESEM180(1.0),26/02/26 23:00:00,A,PC,B-S_X_O,LU,2015-01-01,4.7,,
ESTAT:TESEM180(1.0),26/02/26 23:00:00,A,PC,B-S_X_O,LV,2015-01-01,18.4,,
ESTAT:TESEM180(1.0),26/02/26 23:00:00,A,PC,B-S_X_O,MT,2015-01-01,10.7,,
ESTAT:TESEM180(1.0),26/02/26 23:00:00,A,PC,B-S_X_O,NL,2015-01-01,16.1,,
ESTAT:TESEM180(1.0),26/02/26 23:00:00,A,PC,B-S_X_O,NO,2015-01-01,16.0,,
ESTAT:TESEM180(1.0),26/02/26 23:00:00,A,PC,B-S_X_O,PL,2015-01-01,7.3,,
ESTAT:TESEM180(1.0),26/02/26 23:00:00,A,PC,B-S_X_O,PT,2015-01-01,16.0,,
ESTAT:TESEM180(1.0),26/02/26 23:00:00,A,PC,B-S_X_O,RO,2015-01-01,5.6,e,
ESTAT:TESEM180(1.0),26/02/26 23:00:00,A,PC,B-S_X_O,SE,2015-01-01,14.0,,
ESTAT:TESEM180(1.0),26/02/26 23:00:00,A,PC,B-S_X_O,SI,2015-01-01,8.2,,
ESTAT:TESEM180(1.0),26/02/26 23:00:00,A,PC,B-S_X_O,SK,2015-01-01,19.7,,
ESTAT:TESEM180(1.0),26/02/26 23:00:00,A,PC,B-S_X_O,UK,2015-01-01,21.0,,
ESTAT:TESEM180(1.0),26/02/26 23:00:00,A,PC,B-S_X_O,AT,2016-01-01,20.8,,
ESTAT:TESEM180(1.0),26/02/26 23:00:00,A,PC,B-S_X_O,BE,2016-01-01,6.0,,
ESTAT:TESEM180(1.0),26/02/26 23:00:00,A,PC,B-S_X_O,BG,2016-01-01,14.6,,
ESTAT:TESEM180(1.0),26/02/26 23:00:00,A,PC,B-S_X_O,CH,2016-01-01,17.4,,
ESTAT:TESEM180(1.0),26/02/26 23:00:00,A,PC,B-S_X_O,CY,2016-01-01,12.3,,
ESTAT:TESEM180(1.0),26/02/26 23:00:00,A,PC,B-S_X_O,CZ,2016-01-01,21.5,d,
ESTAT:TESEM180(1.0),26/02/26 23:00:00,A,PC,B-S_X_O,DE,2016-01-01,21.1,,
ESTAT:TESEM180(1.0),26/02/26 23:00:00,A,PC,B-S_X_O,DK,2016-01-01,15.1,,
ESTAT:TESEM180(1.0),26/02/26 23:00:00,A,PC,B-S_X_O,EA19,2016-01-01,16.2,,
ESTAT:TESEM180(1.0),26/02/26 23:00:00,A,PC,B-S_X_O,EA20,2016-01-01,16.2,,
ESTAT:TESEM180(1.0),26/02/26 23:00:00,A,PC,B-S_X_O,EE,2016-01-01,24.8,,
ESTAT:TESEM180(1.0),26/02/26 23:00:00,A,PC,B-S_X_O,ES,2016-01-01,14.8,,
ESTAT:TESEM180(1.0),26/02/26 23:00:00,A,PC,B-S_X_O,EU27_2020,2016-01-01,15.1,,
ESTAT:TESEM180(1.0),26/02/26 23:00:00,A,PC,B-S_X_O,FI,2016-01-01,17.5,,
ESTAT:TESEM180(1.0),26/02/26 23:00:00,A,PC,B-S_X_O,FR,2016-01-01,15.9,,
ESTAT:TESEM180(1.0),26/02/26 23:00:00,A,PC,B-S_X_O,HR,2016-01-01,11.6,,
ESTAT:TESEM180(1.0),26/02/26 23:00:00,A,PC,B-S_X_O,HU,2016-01-01,14.0,,
ESTAT:TESEM180(1.0),26/02/26 23:00:00,A,PC,B-S_X_O,IE,2016-01-01,14.2,p,
ESTAT:TESEM180(1.0),26/02/26 23:00:00,A,PC,B-S_X_O,IS,2016-01-01,15.8,,
ESTAT:TESEM180(1.0),26/02/26 23:00:00,A,PC,B-S_X_O,IT,2016-01-01,5.3,p,
ESTAT:TESEM180(1.0),26/02/26 23:00:00,A,PC,B-S_X_O,LT,2016-01-01,14.4,,
ESTAT:TESEM180(1.0),26/02/26 23:00:00,A,PC,B-S_X_O,LU,2016-01-01,3.9,,
ESTAT:TESEM180(1.0),26/02/26 23:00:00,A,PC,B-S_X_O,LV,2016-01-01,19.7,,
ESTAT:TESEM180(1.0),26/02/26 23:00:00,A,PC,B-S_X_O,MT,2016-01-01,11.6,,
ESTAT:TESEM180(1.0),26/02/26 23:00:00,A,PC,B-S_X_O,NL,2016-01-01,15.6,,
ESTAT:TESEM180(1.0),26/02/26 23:00:00,A,PC,B-S_X_O,NO,2016-01-01,14.5,,
ESTAT:TESEM180(1.0),26/02/26 23:00:00,A,PC,B-S_X_O,PL,2016-01-01,7.1,,
ESTAT:TESEM180(1.0),26/02/26 23:00:00,A,PC,B-S_X_O,PT,2016-01-01,13.9,,
ESTAT:TESEM180(1.0),26/02/26 23:00:00,A,PC,B-S_X_O,RO,2016-01-01,4.8,e,
ESTAT:TESEM180(1.0),26/02/26 23:00:00,A,PC,B-S_X_O,SE,2016-01-01,13.3,,
ESTAT:TESEM180(1.0),26/02/26 23:00:00,A,PC,B-S_X_O,SI,2016-01-01,8.1,,
ESTAT:TESEM180(1.0),26/02/26 23:00:00,A,PC,B-S_X_O,SK,2016-01-01,19.2,,
ESTAT:TESEM180(1.0),26/02/26 23:00:00,A,PC,B-S_X_O,UK,2016-01-01,20.7,,
ESTAT:TESEM180(1.0),26/02/26 23:00:00,A,PC,B-S_X_O,AT,2017-01-01,20.7,,
ESTAT:TESEM180(1.0),26/02/26 23:00:00,A,PC,B-S_X_O,BE,2017-01-01,5.8,,
ESTAT:TESEM180(1.0),26/02/26 23:00:00,A,PC,B-S_X_O,BG,2017-01-01,14.3,,
ESTAT:TESEM180(1.0),26/02/26 23:00:00,A,PC,B-S_X_O,CH,2017-01-01,17.6,,
ESTAT:TESEM180(1.0),26/02/26 23:00:00,A,PC,B-S_X_O,CY,2017-01-01,11.2,,
ESTAT:TESEM180(1.0),26/02/26 23:00:00,A,PC,B-S_X_O,CZ,2017-01-01,21.1,d,
ESTAT:TESEM180(1.0),26/02/26 23:00:00,A,PC,B-S_X_O,DE,2017-01-01,20.4,,
ESTAT:TESEM180(1.0),26/02/26 23:00:00,A,PC,B-S_X_O,DK,2017-01-01,14.8,,
ESTAT:TESEM180(1.0),26/02/26 23:00:00,A,PC,B-S_X_O,EA19,2017-01-01,15.7,,
ESTAT:TESEM180(1.0),26/02/26 23:00:00,A,PC,B-S_X_O,EA20,2017-01-01,15.6,,
ESTAT:TESEM180(1.0),26/02/26 23:00:00,A,PC,B-S_X_O,EE,2017-01-01,24.9,,
ESTAT:TESEM180(1.0),26/02/26 23:00:00,A,PC,B-S_X_O,ES,2017-01-01,13.5,,
ESTAT:TESEM180(1.0),26/02/26 23:00:00,A,PC,B-S_X_O,EU27_2020,2017-01-01,14.6,,
ESTAT:TESEM180(1.0),26/02/26 23:00:00,A,PC,B-S_X_O,FI,2017-01-01,17.1,,
ESTAT:TESEM180(1.0),26/02/26 23:00:00,A,PC,B-S_X_O,FR,2017-01-01,16.3,,
ESTAT:TESEM180(1.0),26/02/26 23:00:00,A,PC,B-S_X_O,HR,2017-01-01,12.3,,
ESTAT:TESEM180(1.0),26/02/26 23:00:00,A,PC,B-S_X_O,HU,2017-01-01,15.9,b,
ESTAT:TESEM180(1.0),26/02/26 23:00:00,A,PC,B-S_X_O,IE,2017-01-01,14.4,p,
ESTAT:TESEM180(1.0),26/02/26 23:00:00,A,PC,B-S_X_O,IS,2017-01-01,15.3,,
ESTAT:TESEM180(1.0),26/02/26 23:00:00,A,PC,B-S_X_O,IT,2017-01-01,5.0,p,
ESTAT:TESEM180(1.0),26/02/26 23:00:00,A,PC,B-S_X_O,LT,2017-01-01,15.2,,
ESTAT:TESEM180(1.0),26/02/26 23:00:00,A,PC,B-S_X_O,LU,2017-01-01,2.6,,
ESTAT:TESEM180(1.0),26/02/26 23:00:00,A,PC,B-S_X_O,LV,2017-01-01,19.8,,
ESTAT:TESEM180(1.0),26/02/26 23:00:00,A,PC,B-S_X_O,MT,2017-01-01,13.2,,
ESTAT:TESEM180(1.0),26/02/26 23:00:00,A,PC,B-S_X_O,NL,2017-01-01,15.1,,
ESTAT:TESEM180(1.0),26/02/26 23:00:00,A,PC,B-S_X_O,NO,2017-01-01,13.7,,
ESTAT:TESEM180(1.0),26/02/26 23:00:00,A,PC,B-S_X_O,PL,2017-01-01,7.0,,
ESTAT:TESEM180(1.0),26/02/26 23:00:00,A,PC,B-S_X_O,PT,2017-01-01,10.8,,
ESTAT:TESEM180(1.0),26/02/26 23:00:00,A,PC,B-S_X_O,RO,2017-01-01,2.9,e,
ESTAT:TESEM180(1.0),26/02/26 23:00:00,A,PC,B-S_X_O,SE,2017-01-01,12.5,,
ESTAT:TESEM180(1.0),26/02/26 23:00:00,A,PC,B-S_X_O,SI,2017-01-01,8.4,,
ESTAT:TESEM180(1.0),26/02/26 23:00:00,A,PC,B-S_X_O,SK,2017-01-01,20.1,,
ESTAT:TESEM180(1.0),26/02/26 23:00:00,A,PC,B-S_X_O,UK,2017-01-01,20.8,,
ESTAT:TESEM180(1.0),26/02/26 23:00:00,A,PC,B-S_X_O,AL,2018-01-01,6.8,,
ESTAT:TESEM180(1.0),26/02/26 23:00:00,A,PC,B-S_X_O,AT,2018-01-01,20.4,,
ESTAT:TESEM180(1.0),26/02/26 23:00:00,A,PC,B-S_X_O,BE,2018-01-01,5.8,,
ESTAT:TESEM180(1.0),26/02/26 23:00:00,A,PC,B-S_X_O,BG,2018-01-01,13.9,,
ESTAT:TESEM180(1.0),26/02/26 23:00:00,A,PC,B-S_X_O,CH,2018-01-01,18.6,,
ESTAT:TESEM180(1.0),26/02/26 23:00:00,A,PC,B-S_X_O,CY,2018-01-01,10.4,,
ESTAT:TESEM180(1.0),26/02/26 23:00:00,A,PC,B-S_X_O,CZ,2018-01-01,20.1,d,
ESTAT:TESEM180(1.0),26/02/26 23:00:00,A,PC,B-S_X_O,DE,2018-01-01,20.1,,
ESTAT:TESEM180(1.0),26/02/26 23:00:00,A,PC,B-S_X_O,DK,2018-01-01,14.6,,
ESTAT:TESEM180(1.0),26/02/26 23:00:00,A,PC,B-S_X_O,EA19,2018-01-01,15.3,,
ESTAT:TESEM180(1.0),26/02/26 23:00:00,A,PC,B-S_X_O,EA20,2018-01-01,15.3,,
ESTAT:TESEM180(1.0),26/02/26 23:00:00,A,PC,B-S_X_O,EE,2018-01-01,21.8,,
ESTAT:TESEM180(1.0),26/02/26 23:00:00,A,PC,B-S_X_O,EL,2018-01-01,10.4,,
ESTAT:TESEM180(1.0),26/02/26 23:00:00,A,PC,B-S_X_O,ES,2018-01-01,11.9,,
ESTAT:TESEM180(1.0),26/02/26 23:00:00,A,PC,B-S_X_O,EU27_2020,2018-01-01,14.4,,
ESTAT:TESEM180(1.0),26/02/26 23:00:00,A,PC,B-S_X_O,FI,2018-01-01,16.9,,
ESTAT:TESEM180(1.0),26/02/26 23:00:00,A,PC,B-S_X_O,FR,2018-01-01,16.7,,
ESTAT:TESEM180(1.0),26/02/26 23:00:00,A,PC,B-S_X_O,HR,2018-01-01,11.4,,
ESTAT:TESEM180(1.0),26/02/26 23:00:00,A,PC,B-S_X_O,HU,2018-01-01,14.2,,
ESTAT:TESEM180(1.0),26/02/26 23:00:00,A,PC,B-S_X_O,IE,2018-01-01,11.3,,
ESTAT:TESEM180(1.0),26/02/26 23:00:00,A,PC,B-S_X_O,IS,2018-01-01,13.8,,
ESTAT:TESEM180(1.0),26/02/26 23:00:00,A,PC,B-S_X_O,IT,2018-01-01,5.5,,
ESTAT:TESEM180(1.0),26/02/26 23:00:00,A,PC,B-S_X_O,LT,2018-01-01,14.0,,
ESTAT:TESEM180(1.0),26/02/26 23:00:00,A,PC,B-S_X_O,LU,2018-01-01,1.4,,
ESTAT:TESEM180(1.0),26/02/26 23:00:00,A,PC,B-S_X_O,LV,2018-01-01,19.6,,
ESTAT:TESEM180(1.0),26/02/26 23:00:00,A,PC,B-S_X_O,MT,2018-01-01,13.0,,
ESTAT:TESEM180(1.0),26/02/26 23:00:00,A,PC,B-S_X_O,NL,2018-01-01,14.7,,
ESTAT:TESEM180(1.0),26/02/26 23:00:00,A,PC,B-S_X_O,NO,2018-01-01,13.2,,
ESTAT:TESEM180(1.0),26/02/26 23:00:00,A,PC,B-S_X_O,PL,2018-01-01,8.5,,
ESTAT:TESEM180(1.0),26/02/26 23:00:00,A,PC,B-S_X_O,PT,2018-01-01,8.9,,
ESTAT:TESEM180(1.0),26/02/26 23:00:00,A,PC,B-S_X_O,RO,2018-01-01,2.2,,
ESTAT:TESEM180(1.0),26/02/26 23:00:00,A,PC,B-S_X_O,RS,2018-01-01,9.6,,
ESTAT:TESEM180(1.0),26/02/26 23:00:00,A,PC,B-S_X_O,SE,2018-01-01,12.1,,
ESTAT:TESEM180(1.0),26/02/26 23:00:00,A,PC,B-S_X_O,SI,2018-01-01,9.3,,
ESTAT:TESEM180(1.0),26/02/26 23:00:00,A,PC,B-S_X_O,SK,2018-01-01,19.8,,
ESTAT:TESEM180(1.0),26/02/26 23:00:00,A,PC,B-S_X_O,UK,2018-01-01,19.8,,
ESTAT:TESEM180(1.0),26/02/26 23:00:00,A,PC,B-S_X_O,AT,2019-01-01,20.0,,
ESTAT:TESEM180(1.0),26/02/26 23:00:00,A,PC,B-S_X_O,BE,2019-01-01,4.7,,
ESTAT:TESEM180(1.0),26/02/26 23:00:00,A,PC,B-S_X_O,BG,2019-01-01,14.0,,
ESTAT:TESEM180(1.0),26/02/26 23:00:00,A,PC,B-S_X_O,CH,2019-01-01,18.4,,
ESTAT:TESEM180(1.0),26/02/26 23:00:00,A,PC,B-S_X_O,CY,2019-01-01,10.5,,
ESTAT:TESEM180(1.0),26/02/26 23:00:00,A,PC,B-S_X_O,CZ,2019-01-01,19.3,,
ESTAT:TESEM180(1.0),26/02/26 23:00:00,A,PC,B-S_X_O,DE,2019-01-01,19.2,,
ESTAT:TESEM180(1.0),26/02/26 23:00:00,A,PC,B-S_X_O,DK,2019-01-01,17.7,,
ESTAT:TESEM180(1.0),26/02/26 23:00:00,A,PC,B-S_X_O,EA19,2019-01-01,14.6,p,
ESTAT:TESEM180(1.0),26/02/26 23:00:00,A,PC,B-S_X_O,EA20,2019-01-01,14.4,,
ESTAT:TESEM180(1.0),26/02/26 23:00:00,A,PC,B-S_X_O,EE,2019-01-01,21.6,,
ESTAT:TESEM180(1.0),26/02/26 23:00:00,A,PC,B-S_X_O,ES,2019-01-01,9.6,,
ESTAT:TESEM180(1.0),26/02/26 23:00:00,A,PC,B-S_X_O,EU27_2020,2019-01-01,13.7,,
ESTAT:TESEM180(1.0),26/02/26 23:00:00,A,PC,B-S_X_O,FI,2019-01-01,16.7,,
ESTAT:TESEM180(1.0),26/02/26 23:00:00,A,PC,B-S_X_O,FR,2019-01-01,16.0,,
ESTAT:TESEM180(1.0),26/02/26 23:00:00,A,PC,B-S_X_O,HR,2019-01-01,10.2,,
ESTAT:TESEM180(1.0),26/02/26 23:00:00,A,PC,B-S_X_O,HU,2019-01-01,18.2,b,
ESTAT:TESEM180(1.0),26/02/26 23:00:00,A,PC,B-S_X_O,IE,2019-01-01,10.3,,
ESTAT:TESEM180(1.0),26/02/26 23:00:00,A,PC,B-S_X_O,IS,2019-01-01,14.1,p,
ESTAT:TESEM180(1.0),26/02/26 23:00:00,A,PC,B-S_X_O,IT,2019-01-01,4.6,,
ESTAT:TESEM180(1.0),26/02/26 23:00:00,A,PC,B-S_X_O,LT,2019-01-01,12.9,,
ESTAT:TESEM180(1.0),26/02/26 23:00:00,A,PC,B-S_X_O,LU,2019-01-01,0.9,,
ESTAT:TESEM180(1.0),26/02/26 23:00:00,A,PC,B-S_X_O,LV,2019-01-01,21.6,,
ESTAT:TESEM180(1.0),26/02/26 23:00:00,A,PC,B-S_X_O,MT,2019-01-01,10.5,,
ESTAT:TESEM180(1.0),26/02/26 23:00:00,A,PC,B-S_X_O,NL,2019-01-01,14.9,,
ESTAT:TESEM180(1.0),26/02/26 23:00:00,A,PC,B-S_X_O,NO,2019-01-01,13.3,d,
ESTAT:TESEM180(1.0),26/02/26 23:00:00,A,PC,B-S_X_O,PL,2019-01-01,6.5,,
ESTAT:TESEM180(1.0),26/02/26 23:00:00,A,PC,B-S_X_O,PT,2019-01-01,9.4,,
ESTAT:TESEM180(1.0),26/02/26 23:00:00,A,PC,B-S_X_O,RO,2019-01-01,2.6,,
ESTAT:TESEM180(1.0),26/02/26 23:00:00,A,PC,B-S_X_O,SE,2019-01-01,11.1,,
ESTAT:TESEM180(1.0),26/02/26 23:00:00,A,PC,B-S_X_O,SI,2019-01-01,7.5,,
ESTAT:TESEM180(1.0),26/02/26 23:00:00,A,PC,B-S_X_O,SK,2019-01-01,18.2,,
ESTAT:TESEM180(1.0),26/02/26 23:00:00,A,PC,B-S_X_O,AT,2020-01-01,19.2,,
ESTAT:TESEM180(1.0),26/02/26 23:00:00,A,PC,B-S_X_O,BE,2020-01-01,3.2,,
ESTAT:TESEM180(1.0),26/02/26 23:00:00,A,PC,B-S_X_O,BG,2020-01-01,12.5,,
ESTAT:TESEM180(1.0),26/02/26 23:00:00,A,PC,B-S_X_O,CH,2020-01-01,18.0,,
ESTAT:TESEM180(1.0),26/02/26 23:00:00,A,PC,B-S_X_O,CY,2020-01-01,9.9,,
ESTAT:TESEM180(1.0),26/02/26 23:00:00,A,PC,B-S_X_O,CZ,2020-01-01,16.7,,
ESTAT:TESEM180(1.0),26/02/26 23:00:00,A,PC,B-S_X_O,DE,2020-01-01,18.3,,
ESTAT:TESEM180(1.0),26/02/26 23:00:00,A,PC,B-S_X_O,DK,2020-01-01,13.8,,
ESTAT:TESEM180(1.0),26/02/26 23:00:00,A,PC,B-S_X_O,EA19,2020-01-01,14.0,p,
ESTAT:TESEM180(1.0),26/02/26 23:00:00,A,PC,B-S_X_O,EA20,2020-01-01,13.7,,
ESTAT:TESEM180(1.0),26/02/26 23:00:00,A,PC,B-S_X_O,EE,2020-01-01,21.0,,
ESTAT:TESEM180(1.0),26/02/26 23:00:00,A,PC,B-S_X_O,ES,2020-01-01,9.3,,
ESTAT:TESEM180(1.0),26/02/26 23:00:00,A,PC,B-S_X_O,EU27_2020,2020-01-01,12.7,,
ESTAT:TESEM180(1.0),26/02/26 23:00:00,A,PC,B-S_X_O,FI,2020-01-01,16.9,,
ESTAT:TESEM180(1.0),26/02/26 23:00:00,A,PC,B-S_X_O,FR,2020-01-01,15.0,,
ESTAT:TESEM180(1.0),26/02/26 23:00:00,A,PC,B-S_X_O,HR,2020-01-01,8.7,,
ESTAT:TESEM180(1.0),26/02/26 23:00:00,A,PC,B-S_X_O,HU,2020-01-01,17.1,p,
ESTAT:TESEM180(1.0),26/02/26 23:00:00,A,PC,B-S_X_O,IE,2020-01-01,9.0,,
ESTAT:TESEM180(1.0),26/02/26 23:00:00,A,PC,B-S_X_O,IS,2020-01-01,12.0,,
ESTAT:TESEM180(1.0),26/02/26 23:00:00,A,PC,B-S_X_O,IT,2020-01-01,4.0,,
ESTAT:TESEM180(1.0),26/02/26 23:00:00,A,PC,B-S_X_O,LT,2020-01-01,12.3,,
ESTAT:TESEM180(1.0),26/02/26 23:00:00,A,PC,B-S_X_O,LU,2020-01-01,0.3,,
ESTAT:TESEM180(1.0),26/02/26 23:00:00,A,PC,B-S_X_O,LV,2020-01-01,23.2,,
ESTAT:TESEM180(1.0),26/02/26 23:00:00,A,PC,B-S_X_O,MT,2020-01-01,7.9,,
ESTAT:TESEM180(1.0),26/02/26 23:00:00,A,PC,B-S_X_O,NL,2020-01-01,14.7,,
ESTAT:TESEM180(1.0),26/02/26 23:00:00,A,PC,B-S_X_O,NO,2020-01-01,13.6,d,
ESTAT:TESEM180(1.0),26/02/26 23:00:00,A,PC,B-S_X_O,PL,2020-01-01,4.5,,
ESTAT:TESEM180(1.0),26/02/26 23:00:00,A,PC,B-S_X_O,PT,2020-01-01,8.3,,
ESTAT:TESEM180(1.0),26/02/26 23:00:00,A,PC,B-S_X_O,RO,2020-01-01,0.9,,
ESTAT:TESEM180(1.0),26/02/26 23:00:00,A,PC,B-S_X_O,SE,2020-01-01,10.5,,
ESTAT:TESEM180(1.0),26/02/26 23:00:00,A,PC,B-S_X_O,SI,2020-01-01,2.4,,
ESTAT:TESEM180(1.0),26/02/26 23:00:00,A,PC,B-S_X_O,SK,2020-01-01,15.4,,
ESTAT:TESEM180(1.0),26/02/26 23:00:00,A,PC,B-S_X_O,AT,2021-01-01,19.1,,
ESTAT:TESEM180(1.0),26/02/26 23:00:00,A,PC,B-S_X_O,BE,2021-01-01,1.8,,
ESTAT:TESEM180(1.0),26/02/26 23:00:00,A,PC,B-S_X_O,BG,2021-01-01,11.9,,
ESTAT:TESEM180(1.0),26/02/26 23:00:00,A,PC,B-S_X_O,CH,2021-01-01,17.0,,
ESTAT:TESEM180(1.0),26/02/26 23:00:00,A,PC,B-S_X_O,CY,2021-01-01,11.0,,
ESTAT:TESEM180(1.0),26/02/26 23:00:00,A,PC,B-S_X_O,CZ,2021-01-01,15.4,,
ESTAT:TESEM180(1.0),26/02/26 23:00:00,A,PC,B-S_X_O,DE,2021-01-01,17.6,,
ESTAT:TESEM180(1.0),26/02/26 23:00:00,A,PC,B-S_X_O,DK,2021-01-01,14.2,,
ESTAT:TESEM180(1.0),26/02/26 23:00:00,A,PC,B-S_X_O,EA19,2021-01-01,13.4,p,
ESTAT:TESEM180(1.0),26/02/26 23:00:00,A,PC,B-S_X_O,EA20,2021-01-01,13.0,,
ESTAT:TESEM180(1.0),26/02/26 23:00:00,A,PC,B-S_X_O,EE,2021-01-01,20.3,,
ESTAT:TESEM180(1.0),26/02/26 23:00:00,A,PC,B-S_X_O,ES,2021-01-01,9.3,,
ESTAT:TESEM180(1.0),26/02/26 23:00:00,A,PC,B-S_X_O,EU27_2020,2021-01-01,12.3,,
ESTAT:TESEM180(1.0),26/02/26 23:00:00,A,PC,B-S_X_O,FI,2021-01-01,16.9,,
ESTAT:TESEM180(1.0),26/02/26 23:00:00,A,PC,B-S_X_O,FR,2021-01-01,13.7,,
ESTAT:TESEM180(1.0),26/02/26 23:00:00,A,PC,B-S_X_O,HR,2021-01-01,7.3,,
ESTAT:TESEM180(1.0),26/02/26 23:00:00,A,PC,B-S_X_O,HU,2021-01-01,17.2,p,
ESTAT:TESEM180(1.0),26/02/26 23:00:00,A,PC,B-S_X_O,IE,2021-01-01,9.9,,
ESTAT:TESEM180(1.0),26/02/26 23:00:00,A,PC,B-S_X_O,IS,2021-01-01,10.2,,
ESTAT:TESEM180(1.0),26/02/26 23:00:00,A,PC,B-S_X_O,IT,2021-01-01,4.7,,
ESTAT:TESEM180(1.0),26/02/26 23:00:00,A,PC,B-S_X_O,LT,2021-01-01,10.9,,
ESTAT:TESEM180(1.0),26/02/26 23:00:00,A,PC,B-S_X_O,LU,2021-01-01,-0.2,,
ESTAT:TESEM180(1.0),26/02/26 23:00:00,A,PC,B-S_X_O,LV,2021-01-01,15.9,,
ESTAT:TESEM180(1.0),26/02/26 23:00:00,A,PC,B-S_X_O,MT,2021-01-01,7.2,,
ESTAT:TESEM180(1.0),26/02/26 23:00:00,A,PC,B-S_X_O,NL,2021-01-01,14.3,,
ESTAT:TESEM180(1.0),26/02/26 23:00:00,A,PC,B-S_X_O,NO,2021-01-01,13.4,d,
ESTAT:TESEM180(1.0),26/02/26 23:00:00,A,PC,B-S_X_O,PL,2021-01-01,6.2,,
ESTAT:TESEM180(1.0),26/02/26 23:00:00,A,PC,B-S_X_O,PT,2021-01-01,7.1,,
ESTAT:TESEM180(1.0),26/02/26 23:00:00,A,PC,B-S_X_O,RO,2021-01-01,1.4,,
ESTAT:TESEM180(1.0),26/02/26 23:00:00,A,PC,B-S_X_O,SE,2021-01-01,10.3,,
ESTAT:TESEM180(1.0),26/02/26 23:00:00,A,PC,B-S_X_O,SI,2021-01-01,2.7,,
ESTAT:TESEM180(1.0),26/02/26 23:00:00,A,PC,B-S_X_O,SK,2021-01-01,16.0,,
ESTAT:TESEM180(1.0),26/02/26 23:00:00,A,PC,B-S_X_O,AT,2022-01-01,18.7,,
ESTAT:TESEM180(1.0),26/02/26 23:00:00,A,PC,B-S_X_O,BE,2022-01-01,0.7,,
ESTAT:TESEM180(1.0),26/02/26 23:00:00,A,PC,B-S_X_O,BG,2022-01-01,12.6,,
ESTAT:TESEM180(1.0),26/02/26 23:00:00,A,PC,B-S_X_O,CH,2022-01-01,17.0,,
ESTAT:TESEM180(1.0),26/02/26 23:00:00,A,PC,B-S_X_O,CY,2022-01-01,11.9,,
ESTAT:TESEM180(1.0),26/02/26 23:00:00,A,PC,B-S_X_O,CZ,2022-01-01,18.4,,
ESTAT:TESEM180(1.0),26/02/26 23:00:00,A,PC,B-S_X_O,DE,2022-01-01,17.7,b,
ESTAT:TESEM180(1.0),26/02/26 23:00:00,A,PC,B-S_X_O,DK,2022-01-01,13.8,,
ESTAT:TESEM180(1.0),26/02/26 23:00:00,A,PC,B-S_X_O,EA19,2022-01-01,13.2,p,
ESTAT:TESEM180(1.0),26/02/26 23:00:00,A,PC,B-S_X_O,EA20,2022-01-01,12.7,,
ESTAT:TESEM180(1.0),26/02/26 23:00:00,A,PC,B-S_X_O,EE,2022-01-01,21.1,,
ESTAT:TESEM180(1.0),26/02/26 23:00:00,A,PC,B-S_X_O,EL,2022-01-01,13.5,,
ESTAT:TESEM180(1.0),26/02/26 23:00:00,A,PC,B-S_X_O,ES,2022-01-01,9.2,,
ESTAT:TESEM180(1.0),26/02/26 23:00:00,A,PC,B-S_X_O,EU27_2020,2022-01-01,12.2,,
ESTAT:TESEM180(1.0),26/02/26 23:00:00,A,PC,B-S_X_O,FI,2022-01-01,16.0,,
ESTAT:TESEM180(1.0),26/02/26 23:00:00,A,PC,B-S_X_O,FR,2022-01-01,12.8,,
ESTAT:TESEM180(1.0),26/02/26 23:00:00,A,PC,B-S_X_O,HR,2022-01-01,7.7,,
ESTAT:TESEM180(1.0),26/02/26 23:00:00,A,PC,B-S_X_O,HU,2022-01-01,17.5,p,
ESTAT:TESEM180(1.0),26/02/26 23:00:00,A,PC,B-S_X_O,IE,2022-01-01,9.3,,
ESTAT:TESEM180(1.0),26/02/26 23:00:00,A,PC,B-S_X_O,IS,2022-01-01,9.0,,
ESTAT:TESEM180(1.0),26/02/26 23:00:00,A,PC,B-S_X_O,IT,2022-01-01,3.8,,
ESTAT:TESEM180(1.0),26/02/26 23:00:00,A,PC,B-S_X_O,LT,2022-01-01,10.5,,
ESTAT:TESEM180(1.0),26/02/26 23:00:00,A,PC,B-S_X_O,LU,2022-01-01,-0.7,,
ESTAT:TESEM180(1.0),26/02/26 23:00:00,A,PC,B-S_X_O,LV,2022-01-01,18.9,,
ESTAT:TESEM180(1.0),26/02/26 23:00:00,A,PC,B-S_X_O,MT,2022-01-01,5.8,,
ESTAT:TESEM180(1.0),26/02/26 23:00:00,A,PC,B-S_X_O,NL,2022-01-01,14.0,,
ESTAT:TESEM180(1.0),26/02/26 23:00:00,A,PC,B-S_X_O,NO,2022-01-01,13.7,d,
ESTAT:TESEM180(1.0),26/02/26 23:00:00,A,PC,B-S_X_O,PL,2022-01-01,7.8,,
ESTAT:TESEM180(1.0),26/02/26 23:00:00,A,PC,B-S_X_O,PT,2022-01-01,6.3,,
ESTAT:TESEM180(1.0),26/02/26 23:00:00,A,PC,B-S_X_O,RO,2022-01-01,1.5,,
ESTAT:TESEM180(1.0),26/02/26 23:00:00,A,PC,B-S_X_O,SE,2022-01-01,10.4,,
ESTAT:TESEM180(1.0),26/02/26 23:00:00,A,PC,B-S_X_O,SI,2022-01-01,6.8,,
ESTAT:TESEM180(1.0),26/02/26 23:00:00,A,PC,B-S_X_O,SK,2022-01-01,16.8,,
ESTAT:TESEM180(1.0),26/02/26 23:00:00,A,PC,B-S_X_O,AT,2023-01-01,18.3,p,
ESTAT:TESEM180(1.0),26/02/26 23:00:00,A,PC,B-S_X_O,BE,2023-01-01,0.7,p,
ESTAT:TESEM180(1.0),26/02/26 23:00:00,A,PC,B-S_X_O,BG,2023-01-01,13.5,p,
ESTAT:TESEM180(1.0),26/02/26 23:00:00,A,PC,B-S_X_O,CH,2023-01-01,17.2,p,
ESTAT:TESEM180(1.0),26/02/26 23:00:00,A,PC,B-S_X_O,CY,2023-01-01,12.0,p,
ESTAT:TESEM180(1.0),26/02/26 23:00:00,A,PC,B-S_X_O,CZ,2023-01-01,18.0,d,
ESTAT:TESEM180(1.0),26/02/26 23:00:00,A,PC,B-S_X_O,DE,2023-01-01,17.6,p,
ESTAT:TESEM180(1.0),26/02/26 23:00:00,A,PC,B-S_X_O,DK,2023-01-01,14.0,p,
ESTAT:TESEM180(1.0),26/02/26 23:00:00,A,PC,B-S_X_O,EA20,2023-01-01,12.1,p,
ESTAT:TESEM180(1.0),26/02/26 23:00:00,A,PC,B-S_X_O,EE,2023-01-01,19.6,p,
ESTAT:TESEM180(1.0),26/02/26 23:00:00,A,PC,B-S_X_O,EL,2023-01-01,13.6,p,
ESTAT:TESEM180(1.0),26/02/26 23:00:00,A,PC,B-S_X_O,ES,2023-01-01,7.3,p,
ESTAT:TESEM180(1.0),26/02/26 23:00:00,A,PC,B-S_X_O,EU27_2020,2023-01-01,11.7,p,
ESTAT:TESEM180(1.0),26/02/26 23:00:00,A,PC,B-S_X_O,FI,2023-01-01,16.8,p,
ESTAT:TESEM180(1.0),26/02/26 23:00:00,A,PC,B-S_X_O,FR,2023-01-01,12.3,p,
ESTAT:TESEM180(1.0),26/02/26 23:00:00,A,PC,B-S_X_O,HR,2023-01-01,7.4,p,
ESTAT:TESEM180(1.0),26/02/26 23:00:00,A,PC,B-S_X_O,HU,2023-01-01,17.8,p,
ESTAT:TESEM180(1.0),26/02/26 23:00:00,A,PC,B-S_X_O,IE,2023-01-01,8.6,p,
ESTAT:TESEM180(1.0),26/02/26 23:00:00,A,PC,B-S_X_O,IS,2023-01-01,9.7,p,
ESTAT:TESEM180(1.0),26/02/26 23:00:00,A,PC,B-S_X_O,IT,2023-01-01,2.2,p,
ESTAT:TESEM180(1.0),26/02/26 23:00:00,A,PC,B-S_X_O,LT,2023-01-01,11.5,p,
ESTAT:TESEM180(1.0),26/02/26 23:00:00,A,PC,B-S_X_O,LU,2023-01-01,-0.9,p,
ESTAT:TESEM180(1.0),26/02/26 23:00:00,A,PC,B-S_X_O,LV,2023-01-01,16.4,p,
ESTAT:TESEM180(1.0),26/02/26 23:00:00,A,PC,B-S_X_O,MT,2023-01-01,5.1,p,
ESTAT:TESEM180(1.0),26/02/26 23:00:00,A,PC,B-S_X_O,NL,2023-01-01,12.5,p,
ESTAT:TESEM180(1.0),26/02/26 23:00:00,A,PC,B-S_X_O,NO,2023-01-01,12.8,dp,
ESTAT:TESEM180(1.0),26/02/26 23:00:00,A,PC,B-S_X_O,PL,2023-01-01,5.9,,
ESTAT:TESEM180(1.0),26/02/26 23:00:00,A,PC,B-S_X_O,PT,2023-01-01,8.6,p,
ESTAT:TESEM180(1.0),26/02/26 23:00:00,A,PC,B-S_X_O,RO,2023-01-01,3.8,e,
ESTAT:TESEM180(1.0),26/02/26 23:00:00,A,PC,B-S_X_O,SE,2023-01-01,11.2,p,
ESTAT:TESEM180(1.0),26/02/26 23:00:00,A,PC,B-S_X_O,SI,2023-01-01,6.0,bp,
ESTAT:TESEM180(1.0),26/02/26 23:00:00,A,PC,B-S_X_O,SK,2023-01-01,15.7,p,
ESTAT:TESEM180(1.0),26/02/26 23:00:00,A,PC,B-S_X_O,AT,2024-01-01,17.6,p,
ESTAT:TESEM180(1.0),26/02/26 23:00:00,A,PC,B-S_X_O,BE,2024-01-01,0.7,p,
ESTAT:TESEM180(1.0),26/02/26 23:00:00,A,PC,B-S_X_O,BG,2024-01-01,12.0,p,
ESTAT:TESEM180(1.0),26/02/26 23:00:00,A,PC,B-S_X_O,CH,2024-01-01,16.0,p,
ESTAT:TESEM180(1.0),26/02/26 23:00:00,A,PC,B-S_X_O,CY,2024-01-01,11.8,p,
ESTAT:TESEM180(1.0),26/02/26 23:00:00,A,PC,B-S_X_O,CZ,2024-01-01,18.5,dp,
ESTAT:TESEM180(1.0),26/02/26 23:00:00,A,PC,B-S_X_O,DE,2024-01-01,15.6,p,
ESTAT:TESEM180(1.0),26/02/26 23:00:00,A,PC,B-S_X_O,DK,2024-01-01,14.0,p,
ESTAT:TESEM180(1.0),26/02/26 23:00:00,A,PC,B-S_X_O,EA20,2024-01-01,11.4,p,
ESTAT:TESEM180(1.0),26/02/26 23:00:00,A,PC,B-S_X_O,EE,2024-01-01,18.8,p,
ESTAT:TESEM180(1.0),26/02/26 23:00:00,A,PC,B-S_X_O,EL,2024-01-01,13.4,p,
ESTAT:TESEM180(1.0),26/02/26 23:00:00,A,PC,B-S_X_O,ES,2024-01-01,7.3,p,
ESTAT:TESEM180(1.0),26/02/26 23:00:00,A,PC,B-S_X_O,EU27_2020,2024-01-01,11.1,p,
ESTAT:TESEM180(1.0),26/02/26 23:00:00,A,PC,B-S_X_O,FI,2024-01-01,16.3,bp,
ESTAT:TESEM180(1.0),26/02/26 23:00:00,A,PC,B-S_X_O,FR,2024-01-01,11.8,p,
ESTAT:TESEM180(1.0),26/02/26 23:00:00,A,PC,B-S_X_O,HR,2024-01-01,6.6,p,
ESTAT:TESEM180(1.0),26/02/26 23:00:00,A,PC,B-S_X_O,HU,2024-01-01,16.9,p,
ESTAT:TESEM180(1.0),26/02/26 23:00:00,A,PC,B-S_X_O,IE,2024-01-01,8.3,p,
ESTAT:TESEM180(1.0),26/02/26 23:00:00,A,PC,B-S_X_O,IS,2024-01-01,11.1,p,
ESTAT:TESEM180(1.0),26/02/26 23:00:00,A,PC,B-S_X_O,IT,2024-01-01,5.3,p,
ESTAT:TESEM180(1.0),26/02/26 23:00:00,A,PC,B-S_X_O,LT,2024-01-01,10.0,p,
ESTAT:TESEM180(1.0),26/02/26 23:00:00,A,PC,B-S_X_O,LU,2024-01-01,-0.8,p,
ESTAT:TESEM180(1.0),26/02/26 23:00:00,A,PC,B-S_X_O,LV,2024-01-01,13.9,p,
ESTAT:TESEM180(1.0),26/02/26 23:00:00,A,PC,B-S_X_O,MT,2024-01-01,4.9,p,
ESTAT:TESEM180(1.0),26/02/26 23:00:00,A,PC,B-S_X_O,NL,2024-01-01,11.2,p,
ESTAT:TESEM180(1.0),26/02/26 23:00:00,A,PC,B-S_X_O,NO,2024-01-01,13.0,dp,
ESTAT:TESEM180(1.0),26/02/26 23:00:00,A,PC,B-S_X_O,PL,2024-01-01,4.0,,
ESTAT:TESEM180(1.0),26/02/26 23:00:00,A,PC,B-S_X_O,PT,2024-01-01,7.0,p,
ESTAT:TESEM180(1.0),26/02/26 23:00:00,A,PC,B-S_X_O,RO,2024-01-01,3.7,e,
ESTAT:TESEM180(1.0),26/02/26 23:00:00,A,PC,B-S_X_O,SE,2024-01-01,11.2,p,
ESTAT:TESEM180(1.0),26/02/26 23:00:00,A,PC,B-S_X_O,SI,2024-01-01,8.0,p,
ESTAT:TESEM180(1.0),26/02/26 23:00:00,A,PC,B-S_X_O,SK,2024-01-01,15.7,p,
