DATAFLOW,LAST UPDATE,freq,unit,sex,age,geo,TIME_PERIOD,OBS_VALUE,OBS_FLAG,CONF_STATUS
ESTAT:LFSA_EPPGA(1.0),09/01/26 23:00:00,A,PC,F,Y15-74,AT,2010-01-01,43.7,,
ESTAT:LFSA_EPPGA(1.0),09/01/26 23:00:00,A,PC,F,Y15-74,BE,2010-01-01,42.2,,
ESTAT:LFSA_EPPGA(1.0),09/01/26 23:00:00,A,PC,F,Y15-74,BG,2010-01-01,2.6,b,
ESTAT:LFSA_EPPGA(1.0),09/01/26 23:00:00,A,PC,F,Y15-74,CH,2010-01-01,60.7,b,
ESTAT:LFSA_EPPGA(1.0),09/01/26 23:00:00,A,PC,F,Y15-74,CY,2010-01-01,12.4,,
ESTAT:LFSA_EPPGA(1.0),09/01/26 23:00:00,A,PC,F,Y15-74,CZ,2010-01-01,9.8,,
ESTAT:LFSA_EPPGA(1.0),09/01/26 23:00:00,A,PC,F,Y15-74,DE,2010-01-01,45.8,b,
ESTAT:LFSA_EPPGA(1.0),09/01/26 23:00:00,A,PC,F,Y15-74,DK,2010-01-01,37.9,,
ESTAT:LFSA_EPPGA(1.0),09/01/26 23:00:00,A,PC,F,Y15-74,EA21,2010-01-01,33.6,,
ESTAT:LFSA_EPPGA(1.0),09/01/26 23:00:00,A,PC,F,Y15-74,EE,2010-01-01,15.0,,
ESTAT:LFSA_EPPGA(1.0),09/01/26 23:00:00,A,PC,F,Y15-74,EL,2010-01-01,10.4,,
ESTAT:LFSA_EPPGA(1.0),09/01/26 23:00:00,A,PC,F,Y15-74,ES,2010-01-01,22.6,,
ESTAT:LFSA_EPPGA(1.0),09/01/26 23:00:00,A,PC,F,Y15-74,EU27_2020,2010-01-01,29.9,,
ESTAT:LFSA_EPPGA(1.0),09/01/26 23:00:00,A,PC,F,Y15-74,FI,2010-01-01,19.6,,
ESTAT:LFSA_EPPGA(1.0),09/01/26 23:00:00,A,PC,F,Y15-74,FR,2010-01-01,30.1,,
ESTAT:LFSA_EPPGA(1.0),09/01/26 23:00:00,A,PC,F,Y15-74,HR,2010-01-01,10.9,,
ESTAT:LFSA_EPPGA(1.0),09/01/26 23:00:00,A,PC,F,Y15-74,HU,2010-01-01,8.1,,
ESTAT:LFSA_EPPGA(1.0),09/01/26 23:00:00,A,PC,F,Y15-74,IE,2010-01-01,34.7,,
ESTAT:LFSA_EPPGA(1.0),09/01/26 23:00:00,A,PC,F,Y15-74,IS,2010-01-01,34.9,,
ESTAT:LFSA_EPPGA(1.0),09/01/26 23:00:00,A,PC,F,Y15-74,IT,2010-01-01,28.9,,
ESTAT:LFSA_EPPGA(1.0),09/01/26 23:00:00,A,PC,F,Y15-74,LT,2010-01-01,9.3,,
ESTAT:LFSA_EPPGA(1.0),09/01/26 23:00:00,A,PC,F,Y15-74,LU,2010-01-01,36.0,,
ESTAT:LFSA_EPPGA(1.0),09/01/26 23:00:00,A,PC,F,Y15-74,LV,2010-01-01,11.4,,
ESTAT:LFSA_EPPGA(1.0),09/01/26 23:00:00,A,PC,F,Y15-74,MK,2010-01-01,7.4,,
ESTAT:LFSA_EPPGA(1.0),09/01/26 23:00:00,A,PC,F,Y15-74,MT,2010-01-01,24.8,,
ESTAT:LFSA_EPPGA(1.0),09/01/26 23:00:00,A,PC,F,Y15-74,NL,2010-01-01,76.5,,
ESTAT:LFSA_EPPGA(1.0),09/01/26 23:00:00,A,PC,F,Y15-74,NO,2010-01-01,42.9,,
ESTAT:LFSA_EPPGA(1.0),09/01/26 23:00:00,A,PC,F,Y15-74,PL,2010-01-01,11.5,b,
ESTAT:LFSA_EPPGA(1.0),09/01/26 23:00:00,A,PC,F,Y15-74,PT,2010-01-01,14.4,,
ESTAT:LFSA_EPPGA(1.0),09/01/26 23:00:00,A,PC,F,Y15-74,RO,2010-01-01,11.6,b,
ESTAT:LFSA_EPPGA(1.0),09/01/26 23:00:00,A,PC,F,Y15-74,RS,2010-01-01,9.1,,
ESTAT:LFSA_EPPGA(1.0),09/01/26 23:00:00,A,PC,F,Y15-74,SE,2010-01-01,41.0,,
ESTAT:LFSA_EPPGA(1.0),09/01/26 23:00:00,A,PC,F,Y15-74,SI,2010-01-01,14.4,,
ESTAT:LFSA_EPPGA(1.0),09/01/26 23:00:00,A,PC,F,Y15-74,SK,2010-01-01,5.4,,
ESTAT:LFSA_EPPGA(1.0),09/01/26 23:00:00,A,PC,F,Y15-74,TR,2010-01-01,23.7,,
ESTAT:LFSA_EPPGA(1.0),09/01/26 23:00:00,A,PC,F,Y15-74,UK,2010-01-01,43.1,,
ESTAT:LFSA_EPPGA(1.0),09/01/26 23:00:00,A,PC,M,Y15-74,AT,2010-01-01,8.9,,
ESTAT:LFSA_EPPGA(1.0),09/01/26 23:00:00,A,PC,M,Y15-74,BE,2010-01-01,8.8,,
ESTAT:LFSA_EPPGA(1.0),09/01/26 23:00:00,A,PC,M,Y15-74,BG,2010-01-01,2.1,b,
ESTAT:LFSA_EPPGA(1.0),09/01/26 23:00:00,A,PC,M,Y15-74,CH,2010-01-01,13.7,b,
ESTAT:LFSA_EPPGA(1.0),09/01/26 23:00:00,A,PC,M,Y15-74,CY,2010-01-01,6.1,,
ESTAT:LFSA_EPPGA(1.0),09/01/26 23:00:00,A,PC,M,Y15-74,CZ,2010-01-01,2.8,,
ESTAT:LFSA_EPPGA(1.0),09/01/26 23:00:00,A,PC,M,Y15-74,DE,2010-01-01,9.4,b,
ESTAT:LFSA_EPPGA(1.0),09/01/26 23:00:00,A,PC,M,Y15-74,DK,2010-01-01,14.4,,
ESTAT:LFSA_EPPGA(1.0),09/01/26 23:00:00,A,PC,M,Y15-74,EA21,2010-01-01,8.0,,
ESTAT:LFSA_EPPGA(1.0),09/01/26 23:00:00,A,PC,M,Y15-74,EE,2010-01-01,7.0,,
ESTAT:LFSA_EPPGA(1.0),09/01/26 23:00:00,A,PC,M,Y15-74,EL,2010-01-01,3.7,,
ESTAT:LFSA_EPPGA(1.0),09/01/26 23:00:00,A,PC,M,Y15-74,ES,2010-01-01,5.3,,
ESTAT:LFSA_EPPGA(1.0),09/01/26 23:00:00,A,PC,M,Y15-74,EU27_2020,2010-01-01,8.0,,
ESTAT:LFSA_EPPGA(1.0),09/01/26 23:00:00,A,PC,M,Y15-74,FI,2010-01-01,10.0,,
ESTAT:LFSA_EPPGA(1.0),09/01/26 23:00:00,A,PC,M,Y15-74,FR,2010-01-01,6.6,,
ESTAT:LFSA_EPPGA(1.0),09/01/26 23:00:00,A,PC,M,Y15-74,HR,2010-01-01,6.1,,
ESTAT:LFSA_EPPGA(1.0),09/01/26 23:00:00,A,PC,M,Y15-74,HU,2010-01-01,4.0,,
ESTAT:LFSA_EPPGA(1.0),09/01/26 23:00:00,A,PC,M,Y15-74,IE,2010-01-01,12.5,,
ESTAT:LFSA_EPPGA(1.0),09/01/26 23:00:00,A,PC,M,Y15-74,IS,2010-01-01,11.9,,
ESTAT:LFSA_EPPGA(1.0),09/01/26 23:00:00,A,PC,M,Y15-74,IT,2010-01-01,5.4,,
ESTAT:LFSA_EPPGA(1.0),09/01/26 23:00:00,A,PC,M,Y15-74,LT,2010-01-01,6.8,,
ESTAT:LFSA_EPPGA(1.0),09/01/26 23:00:00,A,PC,M,Y15-74,LU,2010-01-01,3.9,,
ESTAT:LFSA_EPPGA(1.0),09/01/26 23:00:00,A,PC,M,Y15-74,LV,2010-01-01,8.0,,
ESTAT:LFSA_EPPGA(1.0),09/01/26 23:00:00,A,PC,M,Y15-74,MK,2010-01-01,4.9,,
ESTAT:LFSA_EPPGA(1.0),09/01/26 23:00:00,A,PC,M,Y15-74,MT,2010-01-01,5.7,,
ESTAT:LFSA_EPPGA(1.0),09/01/26 23:00:00,A,PC,M,Y15-74,NL,2010-01-01,25.1,,
ESTAT:LFSA_EPPGA(1.0),09/01/26 23:00:00,A,PC,M,Y15-74,NO,2010-01-01,15.4,,
ESTAT:LFSA_EPPGA(1.0),09/01/26 23:00:00,A,PC,M,Y15-74,PL,2010-01-01,5.6,b,
ESTAT:LFSA_EPPGA(1.0),09/01/26 23:00:00,A,PC,M,Y15-74,PT,2010-01-01,7.0,,
ESTAT:LFSA_EPPGA(1.0),09/01/26 23:00:00,A,PC,M,Y15-74,RO,2010-01-01,10.8,b,
ESTAT:LFSA_EPPGA(1.0),09/01/26 23:00:00,A,PC,M,Y15-74,RS,2010-01-01,7.7,,
ESTAT:LFSA_EPPGA(1.0),09/01/26 23:00:00,A,PC,M,Y15-74,SE,2010-01-01,14.5,,
ESTAT:LFSA_EPPGA(1.0),09/01/26 23:00:00,A,PC,M,Y15-74,SI,2010-01-01,8.3,,
ESTAT:LFSA_EPPGA(1.0),09/01/26 23:00:00,A,PC,M,Y15-74,SK,2010-01-01,2.7,,
ESTAT:LFSA_EPPGA(1.0),09/01/26 23:00:00,A,PC,M,Y15-74,TR,2010-01-01,6.7,,
ESTAT:LFSA_EPPGA(1.0),09/01/26 23:00:00,A,PC,M,Y15-74,UK,2010-01-01,12.4,,
ESTAT:LFSA_EPPGA(1.0),09/01/26 23:00:00,A,PC,F,Y15-74,AT,2011-01-01,44.0,,
ESTAT:LFSA_EPPGA(1.0),09/01/26 23:00:00,A,PC,F,Y15-74,BE,2011-01-01,43.4,b,
ESTAT:LFSA_EPPGA(1.0),09/01/26 23:00:00,A,PC,F,Y15-74,BG,2011-01-01,2.6,b,
ESTAT:LFSA_EPPGA(1.0),09/01/26 23:00:00,A,PC,F,Y15-74,CH,2011-01-01,59.9,,
ESTAT:LFSA_EPPGA(1.0),09/01/26 23:00:00,A,PC,F,Y15-74,CY,2011-01-01,12.7,,
ESTAT:LFSA_EPPGA(1.0),09/01/26 23:00:00,A,PC,F,Y15-74,CZ,2011-01-01,9.3,b,
ESTAT:LFSA_EPPGA(1.0),09/01/26 23:00:00,A,PC,F,Y15-74,DE,2011-01-01,45.9,b,
ESTAT:LFSA_EPPGA(1.0),09/01/26 23:00:00,A,PC,F,Y15-74,DK,2011-01-01,36.9,,
ESTAT:LFSA_EPPGA(1.0),09/01/26 23:00:00,A,PC,F,Y15-74,EA21,2011-01-01,34.0,,
ESTAT:LFSA_EPPGA(1.0),09/01/26 23:00:00,A,PC,F,Y15-74,EE,2011-01-01,16.0,,
ESTAT:LFSA_EPPGA(1.0),09/01/26 23:00:00,A,PC,F,Y15-74,EL,2011-01-01,10.2,,
ESTAT:LFSA_EPPGA(1.0),09/01/26 23:00:00,A,PC,F,Y15-74,ES,2011-01-01,22.9,,
ESTAT:LFSA_EPPGA(1.0),09/01/26 23:00:00,A,PC,F,Y15-74,EU27_2020,2011-01-01,30.2,,
ESTAT:LFSA_EPPGA(1.0),09/01/26 23:00:00,A,PC,F,Y15-74,FI,2011-01-01,19.6,,
ESTAT:LFSA_EPPGA(1.0),09/01/26 23:00:00,A,PC,F,Y15-74,FR,2011-01-01,30.1,,
ESTAT:LFSA_EPPGA(1.0),09/01/26 23:00:00,A,PC,F,Y15-74,HR,2011-01-01,10.8,,
ESTAT:LFSA_EPPGA(1.0),09/01/26 23:00:00,A,PC,F,Y15-74,HU,2011-01-01,9.1,,
ESTAT:LFSA_EPPGA(1.0),09/01/26 23:00:00,A,PC,F,Y15-74,IE,2011-01-01,35.5,,
ESTAT:LFSA_EPPGA(1.0),09/01/26 23:00:00,A,PC,F,Y15-74,IS,2011-01-01,32.2,,
ESTAT:LFSA_EPPGA(1.0),09/01/26 23:00:00,A,PC,F,Y15-74,IT,2011-01-01,29.2,,
ESTAT:LFSA_EPPGA(1.0),09/01/26 23:00:00,A,PC,F,Y15-74,LT,2011-01-01,10.4,,
ESTAT:LFSA_EPPGA(1.0),09/01/26 23:00:00,A,PC,F,Y15-74,LU,2011-01-01,36.1,,
ESTAT:LFSA_EPPGA(1.0),09/01/26 23:00:00,A,PC,F,Y15-74,LV,2011-01-01,10.9,,
ESTAT:LFSA_EPPGA(1.0),09/01/26 23:00:00,A,PC,F,Y15-74,ME,2011-01-01,4.6,,
ESTAT:LFSA_EPPGA(1.0),09/01/26 23:00:00,A,PC,F,Y15-74,MK,2011-01-01,7.1,,
ESTAT:LFSA_EPPGA(1.0),09/01/26 23:00:00,A,PC,F,Y15-74,MT,2011-01-01,25.9,,
ESTAT:LFSA_EPPGA(1.0),09/01/26 23:00:00,A,PC,F,Y15-74,NL,2011-01-01,76.7,,
ESTAT:LFSA_EPPGA(1.0),09/01/26 23:00:00,A,PC,F,Y15-74,NO,2011-01-01,42.8,,
ESTAT:LFSA_EPPGA(1.0),09/01/26 23:00:00,A,PC,F,Y15-74,PL,2011-01-01,11.1,,
ESTAT:LFSA_EPPGA(1.0),09/01/26 23:00:00,A,PC,F,Y15-74,PT,2011-01-01,15.6,b,
ESTAT:LFSA_EPPGA(1.0),09/01/26 23:00:00,A,PC,F,Y15-74,RO,2011-01-01,11.8,,
ESTAT:LFSA_EPPGA(1.0),09/01/26 23:00:00,A,PC,F,Y15-74,RS,2011-01-01,9.2,,
ESTAT:LFSA_EPPGA(1.0),09/01/26 23:00:00,A,PC,F,Y15-74,SE,2011-01-01,40.1,,
ESTAT:LFSA_EPPGA(1.0),09/01/26 23:00:00,A,PC,F,Y15-74,SI,2011-01-01,13.0,,
ESTAT:LFSA_EPPGA(1.0),09/01/26 23:00:00,A,PC,F,Y15-74,SK,2011-01-01,5.9,b,
ESTAT:LFSA_EPPGA(1.0),09/01/26 23:00:00,A,PC,F,Y15-74,TR,2011-01-01,24.6,,
ESTAT:LFSA_EPPGA(1.0),09/01/26 23:00:00,A,PC,F,Y15-74,UK,2011-01-01,43.0,,
ESTAT:LFSA_EPPGA(1.0),09/01/26 23:00:00,A,PC,M,Y15-74,AT,2011-01-01,8.7,,
ESTAT:LFSA_EPPGA(1.0),09/01/26 23:00:00,A,PC,M,Y15-74,BE,2011-01-01,9.7,b,
ESTAT:LFSA_EPPGA(1.0),09/01/26 23:00:00,A,PC,M,Y15-74,BG,2011-01-01,2.1,b,
ESTAT:LFSA_EPPGA(1.0),09/01/26 23:00:00,A,PC,M,Y15-74,CH,2011-01-01,14.2,,
ESTAT:LFSA_EPPGA(1.0),09/01/26 23:00:00,A,PC,M,Y15-74,CY,2011-01-01,7.2,,
ESTAT:LFSA_EPPGA(1.0),09/01/26 23:00:00,A,PC,M,Y15-74,CZ,2011-01-01,2.4,b,
ESTAT:LFSA_EPPGA(1.0),09/01/26 23:00:00,A,PC,M,Y15-74,DE,2011-01-01,10.0,b,
ESTAT:LFSA_EPPGA(1.0),09/01/26 23:00:00,A,PC,M,Y15-74,DK,2011-01-01,14.7,,
ESTAT:LFSA_EPPGA(1.0),09/01/26 23:00:00,A,PC,M,Y15-74,EA21,2011-01-01,8.5,,
ESTAT:LFSA_EPPGA(1.0),09/01/26 23:00:00,A,PC,M,Y15-74,EE,2011-01-01,5.6,,
ESTAT:LFSA_EPPGA(1.0),09/01/26 23:00:00,A,PC,M,Y15-74,EL,2011-01-01,4.4,,
ESTAT:LFSA_EPPGA(1.0),09/01/26 23:00:00,A,PC,M,Y15-74,ES,2011-01-01,5.9,,
ESTAT:LFSA_EPPGA(1.0),09/01/26 23:00:00,A,PC,M,Y15-74,EU27_2020,2011-01-01,8.3,,
ESTAT:LFSA_EPPGA(1.0),09/01/26 23:00:00,A,PC,M,Y15-74,FI,2011-01-01,10.6,,
ESTAT:LFSA_EPPGA(1.0),09/01/26 23:00:00,A,PC,M,Y15-74,FR,2011-01-01,6.8,,
ESTAT:LFSA_EPPGA(1.0),09/01/26 23:00:00,A,PC,M,Y15-74,HR,2011-01-01,6.4,,
ESTAT:LFSA_EPPGA(1.0),09/01/26 23:00:00,A,PC,M,Y15-74,HU,2011-01-01,4.8,,
ESTAT:LFSA_EPPGA(1.0),09/01/26 23:00:00,A,PC,M,Y15-74,IE,2011-01-01,13.4,,
ESTAT:LFSA_EPPGA(1.0),09/01/26 23:00:00,A,PC,M,Y15-74,IS,2011-01-01,10.4,,
ESTAT:LFSA_EPPGA(1.0),09/01/26 23:00:00,A,PC,M,Y15-74,IT,2011-01-01,5.8,,
ESTAT:LFSA_EPPGA(1.0),09/01/26 23:00:00,A,PC,M,Y15-74,LT,2011-01-01,7.0,,
ESTAT:LFSA_EPPGA(1.0),09/01/26 23:00:00,A,PC,M,Y15-74,LU,2011-01-01,4.8,,
ESTAT:LFSA_EPPGA(1.0),09/01/26 23:00:00,A,PC,M,Y15-74,LV,2011-01-01,7.3,,
ESTAT:LFSA_EPPGA(1.0),09/01/26 23:00:00,A,PC,M,Y15-74,ME,2011-01-01,4.2,,
ESTAT:LFSA_EPPGA(1.0),09/01/26 23:00:00,A,PC,M,Y15-74,MK,2011-01-01,5.7,,
ESTAT:LFSA_EPPGA(1.0),09/01/26 23:00:00,A,PC,M,Y15-74,MT,2011-01-01,6.4,,
ESTAT:LFSA_EPPGA(1.0),09/01/26 23:00:00,A,PC,M,Y15-74,NL,2011-01-01,25.0,,
ESTAT:LFSA_EPPGA(1.0),09/01/26 23:00:00,A,PC,M,Y15-74,NO,2011-01-01,14.8,,
ESTAT:LFSA_EPPGA(1.0),09/01/26 23:00:00,A,PC,M,Y15-74,PL,2011-01-01,5.4,,
ESTAT:LFSA_EPPGA(1.0),09/01/26 23:00:00,A,PC,M,Y15-74,PT,2011-01-01,9.6,b,
ESTAT:LFSA_EPPGA(1.0),09/01/26 23:00:00,A,PC,M,Y15-74,RO,2011-01-01,9.8,,
ESTAT:LFSA_EPPGA(1.0),09/01/26 23:00:00,A,PC,M,Y15-74,RS,2011-01-01,7.2,,
ESTAT:LFSA_EPPGA(1.0),09/01/26 23:00:00,A,PC,M,Y15-74,SE,2011-01-01,14.2,,
ESTAT:LFSA_EPPGA(1.0),09/01/26 23:00:00,A,PC,M,Y15-74,SI,2011-01-01,7.6,,
ESTAT:LFSA_EPPGA(1.0),09/01/26 23:00:00,A,PC,M,Y15-74,SK,2011-01-01,2.8,b,
ESTAT:LFSA_EPPGA(1.0),09/01/26 23:00:00,A,PC,M,Y15-74,TR,2011-01-01,6.6,,
ESTAT:LFSA_EPPGA(1.0),09/01/26 23:00:00,A,PC,M,Y15-74,UK,2011-01-01,12.4,,
ESTAT:LFSA_EPPGA(1.0),09/01/26 23:00:00,A,PC,F,Y15-74,AT,2012-01-01,45.0,,
ESTAT:LFSA_EPPGA(1.0),09/01/26 23:00:00,A,PC,F,Y15-74,BE,2012-01-01,43.6,,
ESTAT:LFSA_EPPGA(1.0),09/01/26 23:00:00,A,PC,F,Y15-74,BG,2012-01-01,2.7,,
ESTAT:LFSA_EPPGA(1.0),09/01/26 23:00:00,A,PC,F,Y15-74,CH,2012-01-01,60.8,,
ESTAT:LFSA_EPPGA(1.0),09/01/26 23:00:00,A,PC,F,Y15-74,CY,2012-01-01,13.6,,
ESTAT:LFSA_EPPGA(1.0),09/01/26 23:00:00,A,PC,F,Y15-74,CZ,2012-01-01,9.4,,
ESTAT:LFSA_EPPGA(1.0),09/01/26 23:00:00,A,PC,F,Y15-74,DE,2012-01-01,45.9,b,
ESTAT:LFSA_EPPGA(1.0),09/01/26 23:00:00,A,PC,F,Y15-74,DK,2012-01-01,35.8,,
ESTAT:LFSA_EPPGA(1.0),09/01/26 23:00:00,A,PC,F,Y15-74,EA21,2012-01-01,34.6,,
ESTAT:LFSA_EPPGA(1.0),09/01/26 23:00:00,A,PC,F,Y15-74,EE,2012-01-01,15.3,,
ESTAT:LFSA_EPPGA(1.0),09/01/26 23:00:00,A,PC,F,Y15-74,EL,2012-01-01,11.9,,
ESTAT:LFSA_EPPGA(1.0),09/01/26 23:00:00,A,PC,F,Y15-74,ES,2012-01-01,23.9,,
ESTAT:LFSA_EPPGA(1.0),09/01/26 23:00:00,A,PC,F,Y15-74,EU27_2020,2012-01-01,30.7,,
ESTAT:LFSA_EPPGA(1.0),09/01/26 23:00:00,A,PC,F,Y15-74,FI,2012-01-01,20.1,,
ESTAT:LFSA_EPPGA(1.0),09/01/26 23:00:00,A,PC,F,Y15-74,FR,2012-01-01,30.2,,
ESTAT:LFSA_EPPGA(1.0),09/01/26 23:00:00,A,PC,F,Y15-74,HR,2012-01-01,8.0,b,
ESTAT:LFSA_EPPGA(1.0),09/01/26 23:00:00,A,PC,F,Y15-74,HU,2012-01-01,9.8,,
ESTAT:LFSA_EPPGA(1.0),09/01/26 23:00:00,A,PC,F,Y15-74,IE,2012-01-01,35.2,,
ESTAT:LFSA_EPPGA(1.0),09/01/26 23:00:00,A,PC,F,Y15-74,IS,2012-01-01,32.0,,
ESTAT:LFSA_EPPGA(1.0),09/01/26 23:00:00,A,PC,F,Y15-74,IT,2012-01-01,30.9,,
ESTAT:LFSA_EPPGA(1.0),09/01/26 23:00:00,A,PC,F,Y15-74,LT,2012-01-01,11.2,,
ESTAT:LFSA_EPPGA(1.0),09/01/26 23:00:00,A,PC,F,Y15-74,LU,2012-01-01,36.3,,
ESTAT:LFSA_EPPGA(1.0),09/01/26 23:00:00,A,PC,F,Y15-74,LV,2012-01-01,11.6,,
ESTAT:LFSA_EPPGA(1.0),09/01/26 23:00:00,A,PC,F,Y15-74,ME,2012-01-01,4.7,,
ESTAT:LFSA_EPPGA(1.0),09/01/26 23:00:00,A,PC,F,Y15-74,MK,2012-01-01,7.2,,
ESTAT:LFSA_EPPGA(1.0),09/01/26 23:00:00,A,PC,F,Y15-74,MT,2012-01-01,26.1,,
ESTAT:LFSA_EPPGA(1.0),09/01/26 23:00:00,A,PC,F,Y15-74,NL,2012-01-01,77.1,,
ESTAT:LFSA_EPPGA(1.0),09/01/26 23:00:00,A,PC,F,Y15-74,NO,2012-01-01,42.2,,
ESTAT:LFSA_EPPGA(1.0),09/01/26 23:00:00,A,PC,F,Y15-74,PL,2012-01-01,11.1,,
ESTAT:LFSA_EPPGA(1.0),09/01/26 23:00:00,A,PC,F,Y15-74,PT,2012-01-01,16.0,,
ESTAT:LFSA_EPPGA(1.0),09/01/26 23:00:00,A,PC,F,Y15-74,RO,2012-01-01,11.5,,
ESTAT:LFSA_EPPGA(1.0),09/01/26 23:00:00,A,PC,F,Y15-74,RS,2012-01-01,8.5,,
ESTAT:LFSA_EPPGA(1.0),09/01/26 23:00:00,A,PC,F,Y15-74,SE,2012-01-01,39.6,,
ESTAT:LFSA_EPPGA(1.0),09/01/26 23:00:00,A,PC,F,Y15-74,SI,2012-01-01,12.8,,
ESTAT:LFSA_EPPGA(1.0),09/01/26 23:00:00,A,PC,F,Y15-74,SK,2012-01-01,5.7,,
ESTAT:LFSA_EPPGA(1.0),09/01/26 23:00:00,A,PC,F,Y15-74,TR,2012-01-01,24.3,,
ESTAT:LFSA_EPPGA(1.0),09/01/26 23:00:00,A,PC,F,Y15-74,UK,2012-01-01,43.2,,
ESTAT:LFSA_EPPGA(1.0),09/01/26 23:00:00,A,PC,M,Y15-74,AT,2012-01-01,8.9,,
ESTAT:LFSA_EPPGA(1.0),09/01/26 23:00:00,A,PC,M,Y15-74,BE,2012-01-01,9.4,,
ESTAT:LFSA_EPPGA(1.0),09/01/26 23:00:00,A,PC,M,Y15-74,BG,2012-01-01,2.2,,
ESTAT:LFSA_EPPGA(1.0),09/01/26 23:00:00,A,PC,M,Y15-74,CH,2012-01-01,14.5,,
ESTAT:LFSA_EPPGA(1.0),09/01/26 23:00:00,A,PC,M,Y15-74,CY,2012-01-01,7.6,,
ESTAT:LFSA_EPPGA(1.0),09/01/26 23:00:00,A,PC,M,Y15-74,CZ,2012-01-01,2.8,,
ESTAT:LFSA_EPPGA(1.0),09/01/26 23:00:00,A,PC,M,Y15-74,DE,2012-01-01,10.1,b,
ESTAT:LFSA_EPPGA(1.0),09/01/26 23:00:00,A,PC,M,Y15-74,DK,2012-01-01,15.5,,
ESTAT:LFSA_EPPGA(1.0),09/01/26 23:00:00,A,PC,M,Y15-74,EA21,2012-01-01,9.0,,
ESTAT:LFSA_EPPGA(1.0),09/01/26 23:00:00,A,PC,M,Y15-74,EE,2012-01-01,5.9,,
ESTAT:LFSA_EPPGA(1.0),09/01/26 23:00:00,A,PC,M,Y15-74,EL,2012-01-01,4.9,,
ESTAT:LFSA_EPPGA(1.0),09/01/26 23:00:00,A,PC,M,Y15-74,ES,2012-01-01,6.6,,
ESTAT:LFSA_EPPGA(1.0),09/01/26 23:00:00,A,PC,M,Y15-74,EU27_2020,2012-01-01,8.7,,
ESTAT:LFSA_EPPGA(1.0),09/01/26 23:00:00,A,PC,M,Y15-74,FI,2012-01-01,10.3,,
ESTAT:LFSA_EPPGA(1.0),09/01/26 23:00:00,A,PC,M,Y15-74,FR,2012-01-01,6.8,,
ESTAT:LFSA_EPPGA(1.0),09/01/26 23:00:00,A,PC,M,Y15-74,HR,2012-01-01,5.5,b,
ESTAT:LFSA_EPPGA(1.0),09/01/26 23:00:00,A,PC,M,Y15-74,HU,2012-01-01,4.7,,
ESTAT:LFSA_EPPGA(1.0),09/01/26 23:00:00,A,PC,M,Y15-74,IE,2012-01-01,14.4,,
ESTAT:LFSA_EPPGA(1.0),09/01/26 23:00:00,A,PC,M,Y15-74,IS,2012-01-01,11.3,,
ESTAT:LFSA_EPPGA(1.0),09/01/26 23:00:00,A,PC,M,Y15-74,IT,2012-01-01,7.0,,
ESTAT:LFSA_EPPGA(1.0),09/01/26 23:00:00,A,PC,M,Y15-74,LT,2012-01-01,7.4,,
ESTAT:LFSA_EPPGA(1.0),09/01/26 23:00:00,A,PC,M,Y15-74,LU,2012-01-01,5.3,,
ESTAT:LFSA_EPPGA(1.0),09/01/26 23:00:00,A,PC,M,Y15-74,LV,2012-01-01,7.1,,
ESTAT:LFSA_EPPGA(1.0),09/01/26 23:00:00,A,PC,M,Y15-74,ME,2012-01-01,4.3,,
ESTAT:LFSA_EPPGA(1.0),09/01/26 23:00:00,A,PC,M,Y15-74,MK,2012-01-01,5.9,,
ESTAT:LFSA_EPPGA(1.0),09/01/26 23:00:00,A,PC,M,Y15-74,MT,2012-01-01,6.9,,
ESTAT:LFSA_EPPGA(1.0),09/01/26 23:00:00,A,PC,M,Y15-74,NL,2012-01-01,26.0,,
ESTAT:LFSA_EPPGA(1.0),09/01/26 23:00:00,A,PC,M,Y15-74,NO,2012-01-01,15.4,,
ESTAT:LFSA_EPPGA(1.0),09/01/26 23:00:00,A,PC,M,Y15-74,PL,2012-01-01,5.1,,
ESTAT:LFSA_EPPGA(1.0),09/01/26 23:00:00,A,PC,M,Y15-74,PT,2012-01-01,11.0,,
ESTAT:LFSA_EPPGA(1.0),09/01/26 23:00:00,A,PC,M,Y15-74,RO,2012-01-01,9.7,,
ESTAT:LFSA_EPPGA(1.0),09/01/26 23:00:00,A,PC,M,Y15-74,RS,2012-01-01,7.0,,
ESTAT:LFSA_EPPGA(1.0),09/01/26 23:00:00,A,PC,M,Y15-74,SE,2012-01-01,14.6,,
ESTAT:LFSA_EPPGA(1.0),09/01/26 23:00:00,A,PC,M,Y15-74,SI,2012-01-01,6.8,,
ESTAT:LFSA_EPPGA(1.0),09/01/26 23:00:00,A,PC,M,Y15-74,SK,2012-01-01,2.9,,
ESTAT:LFSA_EPPGA(1.0),09/01/26 23:00:00,A,PC,M,Y15-74,TR,2012-01-01,6.7,,
ESTAT:LFSA_EPPGA(1.0),09/01/26 23:00:00,A,PC,M,Y15-74,UK,2012-01-01,13.1,,
ESTAT:LFSA_EPPGA(1.0),09/01/26 23:00:00,A,PC,F,Y15-74,AT,2013-01-01,45.5,,
ESTAT:LFSA_EPPGA(1.0),09/01/26 23:00:00,A,PC,F,Y15-74,BE,2013-01-01,42.7,,
ESTAT:LFSA_EPPGA(1.0),09/01/26 23:00:00,A,PC,F,Y15-74,BG,2013-01-01,3.2,,
ESTAT:LFSA_EPPGA(1.0),09/01/26 23:00:00,A,PC,F,Y15-74,CH,2013-01-01,61.0,,
ESTAT:LFSA_EPPGA(1.0),09/01/26 23:00:00,A,PC,F,Y15-74,CY,2013-01-01,16.1,,
ESTAT:LFSA_EPPGA(1.0),09/01/26 23:00:00,A,PC,F,Y15-74,CZ,2013-01-01,10.9,,
ESTAT:LFSA_EPPGA(1.0),09/01/26 23:00:00,A,PC,F,Y15-74,DE,2013-01-01,47.3,,
ESTAT:LFSA_EPPGA(1.0),09/01/26 23:00:00,A,PC,F,Y15-74,DK,2013-01-01,35.5,,
ESTAT:LFSA_EPPGA(1.0),09/01/26 23:00:00,A,PC,F,Y15-74,EA21,2013-01-01,35.5,,
ESTAT:LFSA_EPPGA(1.0),09/01/26 23:00:00,A,PC,F,Y15-74,EE,2013-01-01,14.2,,
ESTAT:LFSA_EPPGA(1.0),09/01/26 23:00:00,A,PC,F,Y15-74,EL,2013-01-01,12.7,,
ESTAT:LFSA_EPPGA(1.0),09/01/26 23:00:00,A,PC,F,Y15-74,ES,2013-01-01,25.3,,
ESTAT:LFSA_EPPGA(1.0),09/01/26 23:00:00,A,PC,F,Y15-74,EU27_2020,2013-01-01,31.3,,
ESTAT:LFSA_EPPGA(1.0),09/01/26 23:00:00,A,PC,F,Y15-74,FI,2013-01-01,20.2,,
ESTAT:LFSA_EPPGA(1.0),09/01/26 23:00:00,A,PC,F,Y15-74,FR,2013-01-01,30.7,,
ESTAT:LFSA_EPPGA(1.0),09/01/26 23:00:00,A,PC,F,Y15-74,HR,2013-01-01,7.1,,
ESTAT:LFSA_EPPGA(1.0),09/01/26 23:00:00,A,PC,F,Y15-74,HU,2013-01-01,9.4,,
ESTAT:LFSA_EPPGA(1.0),09/01/26 23:00:00,A,PC,F,Y15-74,IE,2013-01-01,35.4,,
ESTAT:LFSA_EPPGA(1.0),09/01/26 23:00:00,A,PC,F,Y15-74,IS,2013-01-01,32.3,,
ESTAT:LFSA_EPPGA(1.0),09/01/26 23:00:00,A,PC,F,Y15-74,IT,2013-01-01,31.8,,
ESTAT:LFSA_EPPGA(1.0),09/01/26 23:00:00,A,PC,F,Y15-74,LT,2013-01-01,10.8,,
ESTAT:LFSA_EPPGA(1.0),09/01/26 23:00:00,A,PC,F,Y15-74,LU,2013-01-01,36.0,,
ESTAT:LFSA_EPPGA(1.0),09/01/26 23:00:00,A,PC,F,Y15-74,LV,2013-01-01,10.0,,
ESTAT:LFSA_EPPGA(1.0),09/01/26 23:00:00,A,PC,F,Y15-74,ME,2013-01-01,2.6,,
ESTAT:LFSA_EPPGA(1.0),09/01/26 23:00:00,A,PC,F,Y15-74,MK,2013-01-01,4.9,,
ESTAT:LFSA_EPPGA(1.0),09/01/26 23:00:00,A,PC,F,Y15-74,MT,2013-01-01,26.1,,
ESTAT:LFSA_EPPGA(1.0),09/01/26 23:00:00,A,PC,F,Y15-74,NL,2013-01-01,77.2,b,
ESTAT:LFSA_EPPGA(1.0),09/01/26 23:00:00,A,PC,F,Y15-74,NO,2013-01-01,41.8,,
ESTAT:LFSA_EPPGA(1.0),09/01/26 23:00:00,A,PC,F,Y15-74,PL,2013-01-01,11.0,,
ESTAT:LFSA_EPPGA(1.0),09/01/26 23:00:00,A,PC,F,Y15-74,PT,2013-01-01,15.6,,
ESTAT:LFSA_EPPGA(1.0),09/01/26 23:00:00,A,PC,F,Y15-74,RO,2013-01-01,11.2,,
ESTAT:LFSA_EPPGA(1.0),09/01/26 23:00:00,A,PC,F,Y15-74,RS,2013-01-01,11.3,,
ESTAT:LFSA_EPPGA(1.0),09/01/26 23:00:00,A,PC,F,Y15-74,SE,2013-01-01,38.8,,
ESTAT:LFSA_EPPGA(1.0),09/01/26 23:00:00,A,PC,F,Y15-74,SI,2013-01-01,13.2,,
ESTAT:LFSA_EPPGA(1.0),09/01/26 23:00:00,A,PC,F,Y15-74,SK,2013-01-01,6.4,,
ESTAT:LFSA_EPPGA(1.0),09/01/26 23:00:00,A,PC,F,Y15-74,TR,2013-01-01,24.8,,
ESTAT:LFSA_EPPGA(1.0),09/01/26 23:00:00,A,PC,F,Y15-74,UK,2013-01-01,42.5,,
ESTAT:LFSA_EPPGA(1.0),09/01/26 23:00:00,A,PC,M,Y15-74,AT,2013-01-01,10.0,,
ESTAT:LFSA_EPPGA(1.0),09/01/26 23:00:00,A,PC,M,Y15-74,BE,2013-01-01,9.2,,
ESTAT:LFSA_EPPGA(1.0),09/01/26 23:00:00,A,PC,M,Y15-74,BG,2013-01-01,2.1,,
ESTAT:LFSA_EPPGA(1.0),09/01/26 23:00:00,A,PC,M,Y15-74,CH,2013-01-01,15.2,,
ESTAT:LFSA_EPPGA(1.0),09/01/26 23:00:00,A,PC,M,Y15-74,CY,2013-01-01,9.2,,
ESTAT:LFSA_EPPGA(1.0),09/01/26 23:00:00,A,PC,M,Y15-74,CZ,2013-01-01,3.1,,
ESTAT:LFSA_EPPGA(1.0),09/01/26 23:00:00,A,PC,M,Y15-74,DE,2013-01-01,10.4,,
ESTAT:LFSA_EPPGA(1.0),09/01/26 23:00:00,A,PC,M,Y15-74,DK,2013-01-01,15.2,,
ESTAT:LFSA_EPPGA(1.0),09/01/26 23:00:00,A,PC,M,Y15-74,EA21,2013-01-01,9.5,,
ESTAT:LFSA_EPPGA(1.0),09/01/26 23:00:00,A,PC,M,Y15-74,EE,2013-01-01,6.2,,
ESTAT:LFSA_EPPGA(1.0),09/01/26 23:00:00,A,PC,M,Y15-74,EL,2013-01-01,5.5,,
ESTAT:LFSA_EPPGA(1.0),09/01/26 23:00:00,A,PC,M,Y15-74,ES,2013-01-01,7.8,,
ESTAT:LFSA_EPPGA(1.0),09/01/26 23:00:00,A,PC,M,Y15-74,EU27_2020,2013-01-01,9.1,,
ESTAT:LFSA_EPPGA(1.0),09/01/26 23:00:00,A,PC,M,Y15-74,FI,2013-01-01,10.2,,
ESTAT:LFSA_EPPGA(1.0),09/01/26 23:00:00,A,PC,M,Y15-74,FR,2013-01-01,7.2,,
ESTAT:LFSA_EPPGA(1.0),09/01/26 23:00:00,A,PC,M,Y15-74,HR,2013-01-01,5.2,,
ESTAT:LFSA_EPPGA(1.0),09/01/26 23:00:00,A,PC,M,Y15-74,HU,2013-01-01,4.5,,
ESTAT:LFSA_EPPGA(1.0),09/01/26 23:00:00,A,PC,M,Y15-74,IE,2013-01-01,14.6,,
ESTAT:LFSA_EPPGA(1.0),09/01/26 23:00:00,A,PC,M,Y15-74,IS,2013-01-01,11.4,,
ESTAT:LFSA_EPPGA(1.0),09/01/26 23:00:00,A,PC,M,Y15-74,IT,2013-01-01,7.8,,
ESTAT:LFSA_EPPGA(1.0),09/01/26 23:00:00,A,PC,M,Y15-74,LT,2013-01-01,6.9,,
ESTAT:LFSA_EPPGA(1.0),09/01/26 23:00:00,A,PC,M,Y15-74,LU,2013-01-01,5.8,,
ESTAT:LFSA_EPPGA(1.0),09/01/26 23:00:00,A,PC,M,Y15-74,LV,2013-01-01,6.1,,
ESTAT:LFSA_EPPGA(1.0),09/01/26 23:00:00,A,PC,M,Y15-74,ME,2013-01-01,3.9,,
ESTAT:LFSA_EPPGA(1.0),09/01/26 23:00:00,A,PC,M,Y15-74,MK,2013-01-01,4.4,,
ESTAT:LFSA_EPPGA(1.0),09/01/26 23:00:00,A,PC,M,Y15-74,MT,2013-01-01,7.7,,
ESTAT:LFSA_EPPGA(1.0),09/01/26 23:00:00,A,PC,M,Y15-74,NL,2013-01-01,27.6,b,
ESTAT:LFSA_EPPGA(1.0),09/01/26 23:00:00,A,PC,M,Y15-74,NO,2013-01-01,15.5,,
ESTAT:LFSA_EPPGA(1.0),09/01/26 23:00:00,A,PC,M,Y15-74,PL,2013-01-01,5.0,,
ESTAT:LFSA_EPPGA(1.0),09/01/26 23:00:00,A,PC,M,Y15-74,PT,2013-01-01,11.0,,
ESTAT:LFSA_EPPGA(1.0),09/01/26 23:00:00,A,PC,M,Y15-74,RO,2013-01-01,9.6,,
ESTAT:LFSA_EPPGA(1.0),09/01/26 23:00:00,A,PC,M,Y15-74,RS,2013-01-01,9.8,,
ESTAT:LFSA_EPPGA(1.0),09/01/26 23:00:00,A,PC,M,Y15-74,SE,2013-01-01,14.9,,
ESTAT:LFSA_EPPGA(1.0),09/01/26 23:00:00,A,PC,M,Y15-74,SI,2013-01-01,7.1,,
ESTAT:LFSA_EPPGA(1.0),09/01/26 23:00:00,A,PC,M,Y15-74,SK,2013-01-01,3.4,,
ESTAT:LFSA_EPPGA(1.0),09/01/26 23:00:00,A,PC,M,Y15-74,TR,2013-01-01,7.0,,
ESTAT:LFSA_EPPGA(1.0),09/01/26 23:00:00,A,PC,M,Y15-74,UK,2013-01-01,13.1,,
ESTAT:LFSA_EPPGA(1.0),09/01/26 23:00:00,A,PC,F,Y15-74,AT,2014-01-01,46.8,,
ESTAT:LFSA_EPPGA(1.0),09/01/26 23:00:00,A,PC,F,Y15-74,BE,2014-01-01,41.4,,
ESTAT:LFSA_EPPGA(1.0),09/01/26 23:00:00,A,PC,F,Y15-74,BG,2014-01-01,3.0,,
ESTAT:LFSA_EPPGA(1.0),09/01/26 23:00:00,A,PC,F,Y15-74,CH,2014-01-01,61.7,,
ESTAT:LFSA_EPPGA(1.0),09/01/26 23:00:00,A,PC,F,Y15-74,CY,2014-01-01,17.1,,
ESTAT:LFSA_EPPGA(1.0),09/01/26 23:00:00,A,PC,F,Y15-74,CZ,2014-01-01,10.3,,
ESTAT:LFSA_EPPGA(1.0),09/01/26 23:00:00,A,PC,F,Y15-74,DE,2014-01-01,46.9,,
ESTAT:LFSA_EPPGA(1.0),09/01/26 23:00:00,A,PC,F,Y15-74,DK,2014-01-01,35.1,,
ESTAT:LFSA_EPPGA(1.0),09/01/26 23:00:00,A,PC,F,Y15-74,EA21,2014-01-01,35.4,,
ESTAT:LFSA_EPPGA(1.0),09/01/26 23:00:00,A,PC,F,Y15-74,EE,2014-01-01,12.8,,
ESTAT:LFSA_EPPGA(1.0),09/01/26 23:00:00,A,PC,F,Y15-74,EL,2014-01-01,13.2,,
ESTAT:LFSA_EPPGA(1.0),09/01/26 23:00:00,A,PC,F,Y15-74,ES,2014-01-01,25.6,,
ESTAT:LFSA_EPPGA(1.0),09/01/26 23:00:00,A,PC,F,Y15-74,EU27_2020,2014-01-01,31.2,,
ESTAT:LFSA_EPPGA(1.0),09/01/26 23:00:00,A,PC,F,Y15-74,FI,2014-01-01,20.2,,
ESTAT:LFSA_EPPGA(1.0),09/01/26 23:00:00,A,PC,F,Y15-74,FR,2014-01-01,30.8,b,
ESTAT:LFSA_EPPGA(1.0),09/01/26 23:00:00,A,PC,F,Y15-74,HR,2014-01-01,7.6,,
ESTAT:LFSA_EPPGA(1.0),09/01/26 23:00:00,A,PC,F,Y15-74,HU,2014-01-01,8.7,,
ESTAT:LFSA_EPPGA(1.0),09/01/26 23:00:00,A,PC,F,Y15-74,IE,2014-01-01,34.2,,
ESTAT:LFSA_EPPGA(1.0),09/01/26 23:00:00,A,PC,F,Y15-74,IS,2014-01-01,36.2,,
ESTAT:LFSA_EPPGA(1.0),09/01/26 23:00:00,A,PC,F,Y15-74,IT,2014-01-01,32.2,,
ESTAT:LFSA_EPPGA(1.0),09/01/26 23:00:00,A,PC,F,Y15-74,LT,2014-01-01,11.1,,
ESTAT:LFSA_EPPGA(1.0),09/01/26 23:00:00,A,PC,F,Y15-74,LU,2014-01-01,35.7,,
ESTAT:LFSA_EPPGA(1.0),09/01/26 23:00:00,A,PC,F,Y15-74,LV,2014-01-01,9.6,,
ESTAT:LFSA_EPPGA(1.0),09/01/26 23:00:00,A,PC,F,Y15-74,ME,2014-01-01,5.6,,
ESTAT:LFSA_EPPGA(1.0),09/01/26 23:00:00,A,PC,F,Y15-74,MK,2014-01-01,5.0,,
ESTAT:LFSA_EPPGA(1.0),09/01/26 23:00:00,A,PC,F,Y15-74,MT,2014-01-01,28.5,,
ESTAT:LFSA_EPPGA(1.0),09/01/26 23:00:00,A,PC,F,Y15-74,NL,2014-01-01,76.9,,
ESTAT:LFSA_EPPGA(1.0),09/01/26 23:00:00,A,PC,F,Y15-74,NO,2014-01-01,39.6,,
ESTAT:LFSA_EPPGA(1.0),09/01/26 23:00:00,A,PC,F,Y15-74,PL,2014-01-01,11.0,,
ESTAT:LFSA_EPPGA(1.0),09/01/26 23:00:00,A,PC,F,Y15-74,PT,2014-01-01,14.2,,
ESTAT:LFSA_EPPGA(1.0),09/01/26 23:00:00,A,PC,F,Y15-74,RO,2014-01-01,11.1,,
ESTAT:LFSA_EPPGA(1.0),09/01/26 23:00:00,A,PC,F,Y15-74,RS,2014-01-01,12.6,b,
ESTAT:LFSA_EPPGA(1.0),09/01/26 23:00:00,A,PC,F,Y15-74,SE,2014-01-01,38.3,,
ESTAT:LFSA_EPPGA(1.0),09/01/26 23:00:00,A,PC,F,Y15-74,SI,2014-01-01,14.5,,
ESTAT:LFSA_EPPGA(1.0),09/01/26 23:00:00,A,PC,F,Y15-74,SK,2014-01-01,6.9,,
ESTAT:LFSA_EPPGA(1.0),09/01/26 23:00:00,A,PC,F,Y15-74,TR,2014-01-01,22.5,b,
ESTAT:LFSA_EPPGA(1.0),09/01/26 23:00:00,A,PC,F,Y15-74,UK,2014-01-01,42.3,,
ESTAT:LFSA_EPPGA(1.0),09/01/26 23:00:00,A,PC,M,Y15-74,AT,2014-01-01,10.6,,
ESTAT:LFSA_EPPGA(1.0),09/01/26 23:00:00,A,PC,M,Y15-74,BE,2014-01-01,9.0,,
ESTAT:LFSA_EPPGA(1.0),09/01/26 23:00:00,A,PC,M,Y15-74,BG,2014-01-01,2.3,,
ESTAT:LFSA_EPPGA(1.0),09/01/26 23:00:00,A,PC,M,Y15-74,CH,2014-01-01,16.8,,
ESTAT:LFSA_EPPGA(1.0),09/01/26 23:00:00,A,PC,M,Y15-74,CY,2014-01-01,11.1,,
ESTAT:LFSA_EPPGA(1.0),09/01/26 23:00:00,A,PC,M,Y15-74,CZ,2014-01-01,3.1,,
ESTAT:LFSA_EPPGA(1.0),09/01/26 23:00:00,A,PC,M,Y15-74,DE,2014-01-01,10.5,,
ESTAT:LFSA_EPPGA(1.0),09/01/26 23:00:00,A,PC,M,Y15-74,DK,2014-01-01,15.8,,
ESTAT:LFSA_EPPGA(1.0),09/01/26 23:00:00,A,PC,M,Y15-74,EA21,2014-01-01,9.8,,
ESTAT:LFSA_EPPGA(1.0),09/01/26 23:00:00,A,PC,M,Y15-74,EE,2014-01-01,6.5,,
ESTAT:LFSA_EPPGA(1.0),09/01/26 23:00:00,A,PC,M,Y15-74,EL,2014-01-01,6.7,,
ESTAT:LFSA_EPPGA(1.0),09/01/26 23:00:00,A,PC,M,Y15-74,ES,2014-01-01,7.8,,
ESTAT:LFSA_EPPGA(1.0),09/01/26 23:00:00,A,PC,M,Y15-74,EU27_2020,2014-01-01,9.3,,
ESTAT:LFSA_EPPGA(1.0),09/01/26 23:00:00,A,PC,M,Y15-74,FI,2014-01-01,10.9,,
ESTAT:LFSA_EPPGA(1.0),09/01/26 23:00:00,A,PC,M,Y15-74,FR,2014-01-01,7.9,b,
ESTAT:LFSA_EPPGA(1.0),09/01/26 23:00:00,A,PC,M,Y15-74,HR,2014-01-01,4.7,,
ESTAT:LFSA_EPPGA(1.0),09/01/26 23:00:00,A,PC,M,Y15-74,HU,2014-01-01,4.5,,
ESTAT:LFSA_EPPGA(1.0),09/01/26 23:00:00,A,PC,M,Y15-74,IE,2014-01-01,14.2,,
ESTAT:LFSA_EPPGA(1.0),09/01/26 23:00:00,A,PC,M,Y15-74,IS,2014-01-01,12.2,,
ESTAT:LFSA_EPPGA(1.0),09/01/26 23:00:00,A,PC,M,Y15-74,IT,2014-01-01,8.2,,
ESTAT:LFSA_EPPGA(1.0),09/01/26 23:00:00,A,PC,M,Y15-74,LT,2014-01-01,6.9,,
ESTAT:LFSA_EPPGA(1.0),09/01/26 23:00:00,A,PC,M,Y15-74,LU,2014-01-01,5.3,,
ESTAT:LFSA_EPPGA(1.0),09/01/26 23:00:00,A,PC,M,Y15-74,LV,2014-01-01,5.2,,
ESTAT:LFSA_EPPGA(1.0),09/01/26 23:00:00,A,PC,M,Y15-74,ME,2014-01-01,6.5,,
ESTAT:LFSA_EPPGA(1.0),09/01/26 23:00:00,A,PC,M,Y15-74,MK,2014-01-01,6.5,,
ESTAT:LFSA_EPPGA(1.0),09/01/26 23:00:00,A,PC,M,Y15-74,MT,2014-01-01,8.3,,
ESTAT:LFSA_EPPGA(1.0),09/01/26 23:00:00,A,PC,M,Y15-74,NL,2014-01-01,27.8,,
ESTAT:LFSA_EPPGA(1.0),09/01/26 23:00:00,A,PC,M,Y15-74,NO,2014-01-01,15.0,,
ESTAT:LFSA_EPPGA(1.0),09/01/26 23:00:00,A,PC,M,Y15-74,PL,2014-01-01,5.0,,
ESTAT:LFSA_EPPGA(1.0),09/01/26 23:00:00,A,PC,M,Y15-74,PT,2014-01-01,10.2,,
ESTAT:LFSA_EPPGA(1.0),09/01/26 23:00:00,A,PC,M,Y15-74,RO,2014-01-01,9.1,,
ESTAT:LFSA_EPPGA(1.0),09/01/26 23:00:00,A,PC,M,Y15-74,RS,2014-01-01,11.1,b,
ESTAT:LFSA_EPPGA(1.0),09/01/26 23:00:00,A,PC,M,Y15-74,SE,2014-01-01,15.1,,
ESTAT:LFSA_EPPGA(1.0),09/01/26 23:00:00,A,PC,M,Y15-74,SI,2014-01-01,7.7,,
ESTAT:LFSA_EPPGA(1.0),09/01/26 23:00:00,A,PC,M,Y15-74,SK,2014-01-01,3.9,,
ESTAT:LFSA_EPPGA(1.0),09/01/26 23:00:00,A,PC,M,Y15-74,TR,2014-01-01,6.9,b,
ESTAT:LFSA_EPPGA(1.0),09/01/26 23:00:00,A,PC,M,Y15-74,UK,2014-01-01,12.8,,
ESTAT:LFSA_EPPGA(1.0),09/01/26 23:00:00,A,PC,F,Y15-74,AT,2015-01-01,47.3,,
ESTAT:LFSA_EPPGA(1.0),09/01/26 23:00:00,A,PC,F,Y15-74,BE,2015-01-01,41.6,,
ESTAT:LFSA_EPPGA(1.0),09/01/26 23:00:00,A,PC,F,Y15-74,BG,2015-01-01,2.8,,
ESTAT:LFSA_EPPGA(1.0),09/01/26 23:00:00,A,PC,F,Y15-74,CH,2015-01-01,61.4,,
ESTAT:LFSA_EPPGA(1.0),09/01/26 23:00:00,A,PC,F,Y15-74,CY,2015-01-01,16.4,,
ESTAT:LFSA_EPPGA(1.0),09/01/26 23:00:00,A,PC,F,Y15-74,CZ,2015-01-01,10.2,,
ESTAT:LFSA_EPPGA(1.0),09/01/26 23:00:00,A,PC,F,Y15-74,DE,2015-01-01,47.3,,
ESTAT:LFSA_EPPGA(1.0),09/01/26 23:00:00,A,PC,F,Y15-74,DK,2015-01-01,34.6,,
ESTAT:LFSA_EPPGA(1.0),09/01/26 23:00:00,A,PC,F,Y15-74,EA21,2015-01-01,35.4,,
ESTAT:LFSA_EPPGA(1.0),09/01/26 23:00:00,A,PC,F,Y15-74,EE,2015-01-01,15.2,,
ESTAT:LFSA_EPPGA(1.0),09/01/26 23:00:00,A,PC,F,Y15-74,EL,2015-01-01,13.1,,
ESTAT:LFSA_EPPGA(1.0),09/01/26 23:00:00,A,PC,F,Y15-74,ES,2015-01-01,25.2,,
ESTAT:LFSA_EPPGA(1.0),09/01/26 23:00:00,A,PC,F,Y15-74,EU27_2020,2015-01-01,31.1,,
ESTAT:LFSA_EPPGA(1.0),09/01/26 23:00:00,A,PC,F,Y15-74,FI,2015-01-01,19.8,,
ESTAT:LFSA_EPPGA(1.0),09/01/26 23:00:00,A,PC,F,Y15-74,FR,2015-01-01,30.3,,
ESTAT:LFSA_EPPGA(1.0),09/01/26 23:00:00,A,PC,F,Y15-74,HR,2015-01-01,8.1,,
ESTAT:LFSA_EPPGA(1.0),09/01/26 23:00:00,A,PC,F,Y15-74,HU,2015-01-01,8.1,,
ESTAT:LFSA_EPPGA(1.0),09/01/26 23:00:00,A,PC,F,Y15-74,IE,2015-01-01,33.6,,
ESTAT:LFSA_EPPGA(1.0),09/01/26 23:00:00,A,PC,F,Y15-74,IS,2015-01-01,36.7,,
ESTAT:LFSA_EPPGA(1.0),09/01/26 23:00:00,A,PC,F,Y15-74,IT,2015-01-01,32.5,,
ESTAT:LFSA_EPPGA(1.0),09/01/26 23:00:00,A,PC,F,Y15-74,LT,2015-01-01,10.5,,
ESTAT:LFSA_EPPGA(1.0),09/01/26 23:00:00,A,PC,F,Y15-74,LU,2015-01-01,34.3,b,
ESTAT:LFSA_EPPGA(1.0),09/01/26 23:00:00,A,PC,F,Y15-74,LV,2015-01-01,10.8,,
ESTAT:LFSA_EPPGA(1.0),09/01/26 23:00:00,A,PC,F,Y15-74,ME,2015-01-01,6.4,,
ESTAT:LFSA_EPPGA(1.0),09/01/26 23:00:00,A,PC,F,Y15-74,MK,2015-01-01,4.6,,
ESTAT:LFSA_EPPGA(1.0),09/01/26 23:00:00,A,PC,F,Y15-74,MT,2015-01-01,26.9,,
ESTAT:LFSA_EPPGA(1.0),09/01/26 23:00:00,A,PC,F,Y15-74,NL,2015-01-01,77.1,,
ESTAT:LFSA_EPPGA(1.0),09/01/26 23:00:00,A,PC,F,Y15-74,NO,2015-01-01,39.1,,
ESTAT:LFSA_EPPGA(1.0),09/01/26 23:00:00,A,PC,F,Y15-74,PL,2015-01-01,10.5,,
ESTAT:LFSA_EPPGA(1.0),09/01/26 23:00:00,A,PC,F,Y15-74,PT,2015-01-01,13.9,,
ESTAT:LFSA_EPPGA(1.0),09/01/26 23:00:00,A,PC,F,Y15-74,RO,2015-01-01,10.6,,
ESTAT:LFSA_EPPGA(1.0),09/01/26 23:00:00,A,PC,F,Y15-74,RS,2015-01-01,12.3,,
ESTAT:LFSA_EPPGA(1.0),09/01/26 23:00:00,A,PC,F,Y15-74,SE,2015-01-01,37.5,,
ESTAT:LFSA_EPPGA(1.0),09/01/26 23:00:00,A,PC,F,Y15-74,SI,2015-01-01,14.3,,
ESTAT:LFSA_EPPGA(1.0),09/01/26 23:00:00,A,PC,F,Y15-74,SK,2015-01-01,8.3,,
ESTAT:LFSA_EPPGA(1.0),09/01/26 23:00:00,A,PC,F,Y15-74,TR,2015-01-01,20.6,,
ESTAT:LFSA_EPPGA(1.0),09/01/26 23:00:00,A,PC,F,Y15-74,UK,2015-01-01,42.1,,
ESTAT:LFSA_EPPGA(1.0),09/01/26 23:00:00,A,PC,M,Y15-74,AT,2015-01-01,10.8,,
ESTAT:LFSA_EPPGA(1.0),09/01/26 23:00:00,A,PC,M,Y15-74,BE,2015-01-01,9.9,,
ESTAT:LFSA_EPPGA(1.0),09/01/26 23:00:00,A,PC,M,Y15-74,BG,2015-01-01,2.0,,
ESTAT:LFSA_EPPGA(1.0),09/01/26 23:00:00,A,PC,M,Y15-74,CH,2015-01-01,17.3,,
ESTAT:LFSA_EPPGA(1.0),09/01/26 23:00:00,A,PC,M,Y15-74,CY,2015-01-01,11.0,,
ESTAT:LFSA_EPPGA(1.0),09/01/26 23:00:00,A,PC,M,Y15-74,CZ,2015-01-01,3.0,,
ESTAT:LFSA_EPPGA(1.0),09/01/26 23:00:00,A,PC,M,Y15-74,DE,2015-01-01,10.7,,
ESTAT:LFSA_EPPGA(1.0),09/01/26 23:00:00,A,PC,M,Y15-74,DK,2015-01-01,16.1,,
ESTAT:LFSA_EPPGA(1.0),09/01/26 23:00:00,A,PC,M,Y15-74,EA21,2015-01-01,9.9,,
ESTAT:LFSA_EPPGA(1.0),09/01/26 23:00:00,A,PC,M,Y15-74,EE,2015-01-01,6.3,,
ESTAT:LFSA_EPPGA(1.0),09/01/26 23:00:00,A,PC,M,Y15-74,EL,2015-01-01,6.7,,
ESTAT:LFSA_EPPGA(1.0),09/01/26 23:00:00,A,PC,M,Y15-74,ES,2015-01-01,7.9,,
ESTAT:LFSA_EPPGA(1.0),09/01/26 23:00:00,A,PC,M,Y15-74,EU27_2020,2015-01-01,9.3,,
ESTAT:LFSA_EPPGA(1.0),09/01/26 23:00:00,A,PC,M,Y15-74,FI,2015-01-01,11.5,,
ESTAT:LFSA_EPPGA(1.0),09/01/26 23:00:00,A,PC,M,Y15-74,FR,2015-01-01,8.0,,
ESTAT:LFSA_EPPGA(1.0),09/01/26 23:00:00,A,PC,M,Y15-74,HR,2015-01-01,5.5,,
ESTAT:LFSA_EPPGA(1.0),09/01/26 23:00:00,A,PC,M,Y15-74,HU,2015-01-01,4.4,,
ESTAT:LFSA_EPPGA(1.0),09/01/26 23:00:00,A,PC,M,Y15-74,IE,2015-01-01,13.4,,
ESTAT:LFSA_EPPGA(1.0),09/01/26 23:00:00,A,PC,M,Y15-74,IS,2015-01-01,12.8,,
ESTAT:LFSA_EPPGA(1.0),09/01/26 23:00:00,A,PC,M,Y15-74,IT,2015-01-01,8.4,,
ESTAT:LFSA_EPPGA(1.0),09/01/26 23:00:00,A,PC,M,Y15-74,LT,2015-01-01,5.9,,
ESTAT:LFSA_EPPGA(1.0),09/01/26 23:00:00,A,PC,M,Y15-74,LU,2015-01-01,6.0,b,
ESTAT:LFSA_EPPGA(1.0),09/01/26 23:00:00,A,PC,M,Y15-74,LV,2015-01-01,4.9,,
ESTAT:LFSA_EPPGA(1.0),09/01/26 23:00:00,A,PC,M,Y15-74,ME,2015-01-01,5.7,,
ESTAT:LFSA_EPPGA(1.0),09/01/26 23:00:00,A,PC,M,Y15-74,MK,2015-01-01,4.2,,
ESTAT:LFSA_EPPGA(1.0),09/01/26 23:00:00,A,PC,M,Y15-74,MT,2015-01-01,7.8,,
ESTAT:LFSA_EPPGA(1.0),09/01/26 23:00:00,A,PC,M,Y15-74,NL,2015-01-01,28.0,,
ESTAT:LFSA_EPPGA(1.0),09/01/26 23:00:00,A,PC,M,Y15-74,NO,2015-01-01,16.3,,
ESTAT:LFSA_EPPGA(1.0),09/01/26 23:00:00,A,PC,M,Y15-74,PL,2015-01-01,4.7,,
ESTAT:LFSA_EPPGA(1.0),09/01/26 23:00:00,A,PC,M,Y15-74,PT,2015-01-01,9.4,,
ESTAT:LFSA_EPPGA(1.0),09/01/26 23:00:00,A,PC,M,Y15-74,RO,2015-01-01,9.4,,
ESTAT:LFSA_EPPGA(1.0),09/01/26 23:00:00,A,PC,M,Y15-74,RS,2015-01-01,10.7,,
ESTAT:LFSA_EPPGA(1.0),09/01/26 23:00:00,A,PC,M,Y15-74,SE,2015-01-01,15.5,,
ESTAT:LFSA_EPPGA(1.0),09/01/26 23:00:00,A,PC,M,Y15-74,SI,2015-01-01,7.6,,
ESTAT:LFSA_EPPGA(1.0),09/01/26 23:00:00,A,PC,M,Y15-74,SK,2015-01-01,4.2,,
ESTAT:LFSA_EPPGA(1.0),09/01/26 23:00:00,A,PC,M,Y15-74,TR,2015-01-01,6.5,,
ESTAT:LFSA_EPPGA(1.0),09/01/26 23:00:00,A,PC,M,Y15-74,UK,2015-01-01,12.8,,
ESTAT:LFSA_EPPGA(1.0),09/01/26 23:00:00,A,PC,F,Y15-74,AT,2016-01-01,47.6,,
ESTAT:LFSA_EPPGA(1.0),09/01/26 23:00:00,A,PC,F,Y15-74,BE,2016-01-01,42.2,,
ESTAT:LFSA_EPPGA(1.0),09/01/26 23:00:00,A,PC,F,Y15-74,BG,2016-01-01,2.5,,
ESTAT:LFSA_EPPGA(1.0),09/01/26 23:00:00,A,PC,F,Y15-74,CH,2016-01-01,61.5,,
ESTAT:LFSA_EPPGA(1.0),09/01/26 23:00:00,A,PC,F,Y15-74,CY,2016-01-01,16.4,,
ESTAT:LFSA_EPPGA(1.0),09/01/26 23:00:00,A,PC,F,Y15-74,CZ,2016-01-01,11.0,,
ESTAT:LFSA_EPPGA(1.0),09/01/26 23:00:00,A,PC,F,Y15-74,DE,2016-01-01,47.1,,
ESTAT:LFSA_EPPGA(1.0),09/01/26 23:00:00,A,PC,F,Y15-74,DK,2016-01-01,36.7,b,
ESTAT:LFSA_EPPGA(1.0),09/01/26 23:00:00,A,PC,F,Y15-74,EA21,2016-01-01,35.3,,
ESTAT:LFSA_EPPGA(1.0),09/01/26 23:00:00,A,PC,F,Y15-74,EE,2016-01-01,14.8,,
ESTAT:LFSA_EPPGA(1.0),09/01/26 23:00:00,A,PC,F,Y15-74,EL,2016-01-01,13.8,,
ESTAT:LFSA_EPPGA(1.0),09/01/26 23:00:00,A,PC,F,Y15-74,ES,2016-01-01,24.1,,
ESTAT:LFSA_EPPGA(1.0),09/01/26 23:00:00,A,PC,F,Y15-74,EU27_2020,2016-01-01,30.9,,
ESTAT:LFSA_EPPGA(1.0),09/01/26 23:00:00,A,PC,F,Y15-74,FI,2016-01-01,21.3,,
ESTAT:LFSA_EPPGA(1.0),09/01/26 23:00:00,A,PC,F,Y15-74,FR,2016-01-01,30.0,,
ESTAT:LFSA_EPPGA(1.0),09/01/26 23:00:00,A,PC,F,Y15-74,HR,2016-01-01,7.9,,
ESTAT:LFSA_EPPGA(1.0),09/01/26 23:00:00,A,PC,F,Y15-74,HU,2016-01-01,7.3,,
ESTAT:LFSA_EPPGA(1.0),09/01/26 23:00:00,A,PC,F,Y15-74,IE,2016-01-01,33.0,,
ESTAT:LFSA_EPPGA(1.0),09/01/26 23:00:00,A,PC,F,Y15-74,IS,2016-01-01,38.1,,
ESTAT:LFSA_EPPGA(1.0),09/01/26 23:00:00,A,PC,F,Y15-74,IT,2016-01-01,32.8,,
ESTAT:LFSA_EPPGA(1.0),09/01/26 23:00:00,A,PC,F,Y15-74,LT,2016-01-01,9.7,,
ESTAT:LFSA_EPPGA(1.0),09/01/26 23:00:00,A,PC,F,Y15-74,LU,2016-01-01,35.1,,
ESTAT:LFSA_EPPGA(1.0),09/01/26 23:00:00,A,PC,F,Y15-74,LV,2016-01-01,11.7,,
ESTAT:LFSA_EPPGA(1.0),09/01/26 23:00:00,A,PC,F,Y15-74,ME,2016-01-01,4.3,,
ESTAT:LFSA_EPPGA(1.0),09/01/26 23:00:00,A,PC,F,Y15-74,MK,2016-01-01,5.6,,
ESTAT:LFSA_EPPGA(1.0),09/01/26 23:00:00,A,PC,F,Y15-74,MT,2016-01-01,26.2,,
ESTAT:LFSA_EPPGA(1.0),09/01/26 23:00:00,A,PC,F,Y15-74,NL,2016-01-01,76.6,,
ESTAT:LFSA_EPPGA(1.0),09/01/26 23:00:00,A,PC,F,Y15-74,NO,2016-01-01,38.9,,
ESTAT:LFSA_EPPGA(1.0),09/01/26 23:00:00,A,PC,F,Y15-74,PL,2016-01-01,10.3,,
ESTAT:LFSA_EPPGA(1.0),09/01/26 23:00:00,A,PC,F,Y15-74,PT,2016-01-01,13.4,,
ESTAT:LFSA_EPPGA(1.0),09/01/26 23:00:00,A,PC,F,Y15-74,RO,2016-01-01,9.2,,
ESTAT:LFSA_EPPGA(1.0),09/01/26 23:00:00,A,PC,F,Y15-74,RS,2016-01-01,13.6,,
ESTAT:LFSA_EPPGA(1.0),09/01/26 23:00:00,A,PC,F,Y15-74,SE,2016-01-01,36.8,,
ESTAT:LFSA_EPPGA(1.0),09/01/26 23:00:00,A,PC,F,Y15-74,SI,2016-01-01,13.6,,
ESTAT:LFSA_EPPGA(1.0),09/01/26 23:00:00,A,PC,F,Y15-74,SK,2016-01-01,8.2,,
ESTAT:LFSA_EPPGA(1.0),09/01/26 23:00:00,A,PC,F,Y15-74,TR,2016-01-01,19.1,,
ESTAT:LFSA_EPPGA(1.0),09/01/26 23:00:00,A,PC,F,Y15-74,UK,2016-01-01,42.0,,
ESTAT:LFSA_EPPGA(1.0),09/01/26 23:00:00,A,PC,M,Y15-74,AT,2016-01-01,11.4,,
ESTAT:LFSA_EPPGA(1.0),09/01/26 23:00:00,A,PC,M,Y15-74,BE,2016-01-01,10.1,,
ESTAT:LFSA_EPPGA(1.0),09/01/26 23:00:00,A,PC,M,Y15-74,BG,2016-01-01,1.9,,
ESTAT:LFSA_EPPGA(1.0),09/01/26 23:00:00,A,PC,M,Y15-74,CH,2016-01-01,17.9,,
ESTAT:LFSA_EPPGA(1.0),09/01/26 23:00:00,A,PC,M,Y15-74,CY,2016-01-01,12.0,,
ESTAT:LFSA_EPPGA(1.0),09/01/26 23:00:00,A,PC,M,Y15-74,CZ,2016-01-01,3.1,,
ESTAT:LFSA_EPPGA(1.0),09/01/26 23:00:00,A,PC,M,Y15-74,DE,2016-01-01,10.8,,
ESTAT:LFSA_EPPGA(1.0),09/01/26 23:00:00,A,PC,M,Y15-74,DK,2016-01-01,16.8,b,
ESTAT:LFSA_EPPGA(1.0),09/01/26 23:00:00,A,PC,M,Y15-74,EA21,2016-01-01,10.0,,
ESTAT:LFSA_EPPGA(1.0),09/01/26 23:00:00,A,PC,M,Y15-74,EE,2016-01-01,7.4,,
ESTAT:LFSA_EPPGA(1.0),09/01/26 23:00:00,A,PC,M,Y15-74,EL,2016-01-01,7.0,,
ESTAT:LFSA_EPPGA(1.0),09/01/26 23:00:00,A,PC,M,Y15-74,ES,2016-01-01,7.7,,
ESTAT:LFSA_EPPGA(1.0),09/01/26 23:00:00,A,PC,M,Y15-74,EU27_2020,2016-01-01,9.3,,
ESTAT:LFSA_EPPGA(1.0),09/01/26 23:00:00,A,PC,M,Y15-74,FI,2016-01-01,11.6,,
ESTAT:LFSA_EPPGA(1.0),09/01/26 23:00:00,A,PC,M,Y15-74,FR,2016-01-01,8.2,,
ESTAT:LFSA_EPPGA(1.0),09/01/26 23:00:00,A,PC,M,Y15-74,HR,2016-01-01,5.3,,
ESTAT:LFSA_EPPGA(1.0),09/01/26 23:00:00,A,PC,M,Y15-74,HU,2016-01-01,3.5,,
ESTAT:LFSA_EPPGA(1.0),09/01/26 23:00:00,A,PC,M,Y15-74,IE,2016-01-01,13.5,,
ESTAT:LFSA_EPPGA(1.0),09/01/26 23:00:00,A,PC,M,Y15-74,IS,2016-01-01,13.0,,
ESTAT:LFSA_EPPGA(1.0),09/01/26 23:00:00,A,PC,M,Y15-74,IT,2016-01-01,8.6,,
ESTAT:LFSA_EPPGA(1.0),09/01/26 23:00:00,A,PC,M,Y15-74,LT,2016-01-01,5.8,,
ESTAT:LFSA_EPPGA(1.0),09/01/26 23:00:00,A,PC,M,Y15-74,LU,2016-01-01,6.5,,
ESTAT:LFSA_EPPGA(1.0),09/01/26 23:00:00,A,PC,M,Y15-74,LV,2016-01-01,6.7,,
ESTAT:LFSA_EPPGA(1.0),09/01/26 23:00:00,A,PC,M,Y15-74,ME,2016-01-01,5.3,,
ESTAT:LFSA_EPPGA(1.0),09/01/26 23:00:00,A,PC,M,Y15-74,MK,2016-01-01,4.6,,
ESTAT:LFSA_EPPGA(1.0),09/01/26 23:00:00,A,PC,M,Y15-74,MT,2016-01-01,7.1,,
ESTAT:LFSA_EPPGA(1.0),09/01/26 23:00:00,A,PC,M,Y15-74,NL,2016-01-01,27.8,,
ESTAT:LFSA_EPPGA(1.0),09/01/26 23:00:00,A,PC,M,Y15-74,NO,2016-01-01,16.2,,
ESTAT:LFSA_EPPGA(1.0),09/01/26 23:00:00,A,PC,M,Y15-74,PL,2016-01-01,4.3,,
ESTAT:LFSA_EPPGA(1.0),09/01/26 23:00:00,A,PC,M,Y15-74,PT,2016-01-01,9.0,,
ESTAT:LFSA_EPPGA(1.0),09/01/26 23:00:00,A,PC,M,Y15-74,RO,2016-01-01,8.1,,
ESTAT:LFSA_EPPGA(1.0),09/01/26 23:00:00,A,PC,M,Y15-74,RS,2016-01-01,11.5,,
ESTAT:LFSA_EPPGA(1.0),09/01/26 23:00:00,A,PC,M,Y15-74,SE,2016-01-01,15.2,,
ESTAT:LFSA_EPPGA(1.0),09/01/26 23:00:00,A,PC,M,Y15-74,SI,2016-01-01,6.4,,
ESTAT:LFSA_EPPGA(1.0),09/01/26 23:00:00,A,PC,M,Y15-74,SK,2016-01-01,4.2,,
ESTAT:LFSA_EPPGA(1.0),09/01/26 23:00:00,A,PC,M,Y15-74,TR,2016-01-01,6.4,,
ESTAT:LFSA_EPPGA(1.0),09/01/26 23:00:00,A,PC,M,Y15-74,UK,2016-01-01,13.0,,
ESTAT:LFSA_EPPGA(1.0),09/01/26 23:00:00,A,PC,F,Y15-74,AT,2017-01-01,47.6,,
ESTAT:LFSA_EPPGA(1.0),09/01/26 23:00:00,A,PC,F,Y15-74,BE,2017-01-01,41.3,b,
ESTAT:LFSA_EPPGA(1.0),09/01/26 23:00:00,A,PC,F,Y15-74,BG,2017-01-01,2.7,,
ESTAT:LFSA_EPPGA(1.0),09/01/26 23:00:00,A,PC,F,Y15-74,CH,2017-01-01,61.5,,
ESTAT:LFSA_EPPGA(1.0),09/01/26 23:00:00,A,PC,F,Y15-74,CY,2017-01-01,16.0,,
ESTAT:LFSA_EPPGA(1.0),09/01/26 23:00:00,A,PC,F,Y15-74,CZ,2017-01-01,12.0,,
ESTAT:LFSA_EPPGA(1.0),09/01/26 23:00:00,A,PC,F,Y15-74,DE,2017-01-01,47.1,,
ESTAT:LFSA_EPPGA(1.0),09/01/26 23:00:00,A,PC,F,Y15-74,DK,2017-01-01,35.8,b,
ESTAT:LFSA_EPPGA(1.0),09/01/26 23:00:00,A,PC,F,Y15-74,EA21,2017-01-01,35.1,,
ESTAT:LFSA_EPPGA(1.0),09/01/26 23:00:00,A,PC,F,Y15-74,EE,2017-01-01,15.0,,
ESTAT:LFSA_EPPGA(1.0),09/01/26 23:00:00,A,PC,F,Y15-74,EL,2017-01-01,14.1,,
ESTAT:LFSA_EPPGA(1.0),09/01/26 23:00:00,A,PC,F,Y15-74,ES,2017-01-01,24.1,,
ESTAT:LFSA_EPPGA(1.0),09/01/26 23:00:00,A,PC,F,Y15-74,EU27_2020,2017-01-01,30.7,,
ESTAT:LFSA_EPPGA(1.0),09/01/26 23:00:00,A,PC,F,Y15-74,FI,2017-01-01,21.6,,
ESTAT:LFSA_EPPGA(1.0),09/01/26 23:00:00,A,PC,F,Y15-74,FR,2017-01-01,29.9,,
ESTAT:LFSA_EPPGA(1.0),09/01/26 23:00:00,A,PC,F,Y15-74,HR,2017-01-01,6.8,,
ESTAT:LFSA_EPPGA(1.0),09/01/26 23:00:00,A,PC,F,Y15-74,HU,2017-01-01,6.9,,
ESTAT:LFSA_EPPGA(1.0),09/01/26 23:00:00,A,PC,F,Y15-74,IE,2017-01-01,31.2,b,
ESTAT:LFSA_EPPGA(1.0),09/01/26 23:00:00,A,PC,F,Y15-74,IS,2017-01-01,37.0,,
ESTAT:LFSA_EPPGA(1.0),09/01/26 23:00:00,A,PC,F,Y15-74,IT,2017-01-01,32.5,,
ESTAT:LFSA_EPPGA(1.0),09/01/26 23:00:00,A,PC,F,Y15-74,LT,2017-01-01,10.3,,
ESTAT:LFSA_EPPGA(1.0),09/01/26 23:00:00,A,PC,F,Y15-74,LU,2017-01-01,35.4,,
ESTAT:LFSA_EPPGA(1.0),09/01/26 23:00:00,A,PC,F,Y15-74,LV,2017-01-01,11.6,,
ESTAT:LFSA_EPPGA(1.0),09/01/26 23:00:00,A,PC,F,Y15-74,ME,2017-01-01,5.7,,
ESTAT:LFSA_EPPGA(1.0),09/01/26 23:00:00,A,PC,F,Y15-74,MK,2017-01-01,4.5,,
ESTAT:LFSA_EPPGA(1.0),09/01/26 23:00:00,A,PC,F,Y15-74,MT,2017-01-01,25.1,,
ESTAT:LFSA_EPPGA(1.0),09/01/26 23:00:00,A,PC,F,Y15-74,NL,2017-01-01,76.0,,
ESTAT:LFSA_EPPGA(1.0),09/01/26 23:00:00,A,PC,F,Y15-74,NO,2017-01-01,37.6,,
ESTAT:LFSA_EPPGA(1.0),09/01/26 23:00:00,A,PC,F,Y15-74,PL,2017-01-01,10.7,,
ESTAT:LFSA_EPPGA(1.0),09/01/26 23:00:00,A,PC,F,Y15-74,PT,2017-01-01,13.0,,
ESTAT:LFSA_EPPGA(1.0),09/01/26 23:00:00,A,PC,F,Y15-74,RO,2017-01-01,8.3,,
ESTAT:LFSA_EPPGA(1.0),09/01/26 23:00:00,A,PC,F,Y15-74,RS,2017-01-01,13.1,,
ESTAT:LFSA_EPPGA(1.0),09/01/26 23:00:00,A,PC,F,Y15-74,SE,2017-01-01,35.7,,
ESTAT:LFSA_EPPGA(1.0),09/01/26 23:00:00,A,PC,F,Y15-74,SI,2017-01-01,15.0,,
ESTAT:LFSA_EPPGA(1.0),09/01/26 23:00:00,A,PC,F,Y15-74,SK,2017-01-01,8.5,,
ESTAT:LFSA_EPPGA(1.0),09/01/26 23:00:00,A,PC,F,Y15-74,TR,2017-01-01,19.0,,
ESTAT:LFSA_EPPGA(1.0),09/01/26 23:00:00,A,PC,F,Y15-74,UK,2017-01-01,41.4,,
ESTAT:LFSA_EPPGA(1.0),09/01/26 23:00:00,A,PC,M,Y15-74,AT,2017-01-01,11.6,,
ESTAT:LFSA_EPPGA(1.0),09/01/26 23:00:00,A,PC,M,Y15-74,BE,2017-01-01,10.7,b,
ESTAT:LFSA_EPPGA(1.0),09/01/26 23:00:00,A,PC,M,Y15-74,BG,2017-01-01,2.1,,
ESTAT:LFSA_EPPGA(1.0),09/01/26 23:00:00,A,PC,M,Y15-74,CH,2017-01-01,18.4,,
ESTAT:LFSA_EPPGA(1.0),09/01/26 23:00:00,A,PC,M,Y15-74,CY,2017-01-01,9.9,,
ESTAT:LFSA_EPPGA(1.0),09/01/26 23:00:00,A,PC,M,Y15-74,CZ,2017-01-01,3.4,,
ESTAT:LFSA_EPPGA(1.0),09/01/26 23:00:00,A,PC,M,Y15-74,DE,2017-01-01,11.2,,
ESTAT:LFSA_EPPGA(1.0),09/01/26 23:00:00,A,PC,M,Y15-74,DK,2017-01-01,16.8,b,
ESTAT:LFSA_EPPGA(1.0),09/01/26 23:00:00,A,PC,M,Y15-74,EA21,2017-01-01,10.1,,
ESTAT:LFSA_EPPGA(1.0),09/01/26 23:00:00,A,PC,M,Y15-74,EE,2017-01-01,6.8,,
ESTAT:LFSA_EPPGA(1.0),09/01/26 23:00:00,A,PC,M,Y15-74,EL,2017-01-01,6.7,,
ESTAT:LFSA_EPPGA(1.0),09/01/26 23:00:00,A,PC,M,Y15-74,ES,2017-01-01,7.3,,
ESTAT:LFSA_EPPGA(1.0),09/01/26 23:00:00,A,PC,M,Y15-74,EU27_2020,2017-01-01,9.4,,
ESTAT:LFSA_EPPGA(1.0),09/01/26 23:00:00,A,PC,M,Y15-74,FI,2017-01-01,11.8,,
ESTAT:LFSA_EPPGA(1.0),09/01/26 23:00:00,A,PC,M,Y15-74,FR,2017-01-01,8.3,,
ESTAT:LFSA_EPPGA(1.0),09/01/26 23:00:00,A,PC,M,Y15-74,HR,2017-01-01,4.6,,
ESTAT:LFSA_EPPGA(1.0),09/01/26 23:00:00,A,PC,M,Y15-74,HU,2017-01-01,3.1,,
ESTAT:LFSA_EPPGA(1.0),09/01/26 23:00:00,A,PC,M,Y15-74,IE,2017-01-01,11.5,b,
ESTAT:LFSA_EPPGA(1.0),09/01/26 23:00:00,A,PC,M,Y15-74,IS,2017-01-01,12.9,,
ESTAT:LFSA_EPPGA(1.0),09/01/26 23:00:00,A,PC,M,Y15-74,IT,2017-01-01,8.6,,
ESTAT:LFSA_EPPGA(1.0),09/01/26 23:00:00,A,PC,M,Y15-74,LT,2017-01-01,6.2,,
ESTAT:LFSA_EPPGA(1.0),09/01/26 23:00:00,A,PC,M,Y15-74,LU,2017-01-01,6.5,,
ESTAT:LFSA_EPPGA(1.0),09/01/26 23:00:00,A,PC,M,Y15-74,LV,2017-01-01,5.3,,
ESTAT:LFSA_EPPGA(1.0),09/01/26 23:00:00,A,PC,M,Y15-74,ME,2017-01-01,5.8,,
ESTAT:LFSA_EPPGA(1.0),09/01/26 23:00:00,A,PC,M,Y15-74,MK,2017-01-01,4.1,,
ESTAT:LFSA_EPPGA(1.0),09/01/26 23:00:00,A,PC,M,Y15-74,MT,2017-01-01,7.4,,
ESTAT:LFSA_EPPGA(1.0),09/01/26 23:00:00,A,PC,M,Y15-74,NL,2017-01-01,28.5,,
ESTAT:LFSA_EPPGA(1.0),09/01/26 23:00:00,A,PC,M,Y15-74,NO,2017-01-01,16.4,,
ESTAT:LFSA_EPPGA(1.0),09/01/26 23:00:00,A,PC,M,Y15-74,PL,2017-01-01,4.3,,
ESTAT:LFSA_EPPGA(1.0),09/01/26 23:00:00,A,PC,M,Y15-74,PT,2017-01-01,8.2,,
ESTAT:LFSA_EPPGA(1.0),09/01/26 23:00:00,A,PC,M,Y15-74,RO,2017-01-01,7.5,,
ESTAT:LFSA_EPPGA(1.0),09/01/26 23:00:00,A,PC,M,Y15-74,RS,2017-01-01,11.0,,
ESTAT:LFSA_EPPGA(1.0),09/01/26 23:00:00,A,PC,M,Y15-74,SE,2017-01-01,15.5,,
ESTAT:LFSA_EPPGA(1.0),09/01/26 23:00:00,A,PC,M,Y15-74,SI,2017-01-01,7.3,,
ESTAT:LFSA_EPPGA(1.0),09/01/26 23:00:00,A,PC,M,Y15-74,SK,2017-01-01,4.2,,
ESTAT:LFSA_EPPGA(1.0),09/01/26 23:00:00,A,PC,M,Y15-74,TR,2017-01-01,6.5,,
ESTAT:LFSA_EPPGA(1.0),09/01/26 23:00:00,A,PC,M,Y15-74,UK,2017-01-01,12.8,,
ESTAT:LFSA_EPPGA(1.0),09/01/26 23:00:00,A,PC,F,Y15-74,AT,2018-01-01,47.4,,
ESTAT:LFSA_EPPGA(1.0),09/01/26 23:00:00,A,PC,F,Y15-74,BE,2018-01-01,41.2,,
ESTAT:LFSA_EPPGA(1.0),09/01/26 23:00:00,A,PC,F,Y15-74,BG,2018-01-01,2.3,,
ESTAT:LFSA_EPPGA(1.0),09/01/26 23:00:00,A,PC,F,Y15-74,CH,2018-01-01,61.8,,
ESTAT:LFSA_EPPGA(1.0),09/01/26 23:00:00,A,PC,F,Y15-74,CY,2018-01-01,14.8,,
ESTAT:LFSA_EPPGA(1.0),09/01/26 23:00:00,A,PC,F,Y15-74,CZ,2018-01-01,12.2,,
ESTAT:LFSA_EPPGA(1.0),09/01/26 23:00:00,A,PC,F,Y15-74,DE,2018-01-01,47.1,,
ESTAT:LFSA_EPPGA(1.0),09/01/26 23:00:00,A,PC,F,Y15-74,DK,2018-01-01,35.0,,
ESTAT:LFSA_EPPGA(1.0),09/01/26 23:00:00,A,PC,F,Y15-74,EA21,2018-01-01,34.8,,
ESTAT:LFSA_EPPGA(1.0),09/01/26 23:00:00,A,PC,F,Y15-74,EE,2018-01-01,16.9,,
ESTAT:LFSA_EPPGA(1.0),09/01/26 23:00:00,A,PC,F,Y15-74,EL,2018-01-01,13.2,,
ESTAT:LFSA_EPPGA(1.0),09/01/26 23:00:00,A,PC,F,Y15-74,ES,2018-01-01,24.0,,
ESTAT:LFSA_EPPGA(1.0),09/01/26 23:00:00,A,PC,F,Y15-74,EU27_2020,2018-01-01,30.5,,
ESTAT:LFSA_EPPGA(1.0),09/01/26 23:00:00,A,PC,F,Y15-74,FI,2018-01-01,21.8,,
ESTAT:LFSA_EPPGA(1.0),09/01/26 23:00:00,A,PC,F,Y15-74,FR,2018-01-01,29.2,,
ESTAT:LFSA_EPPGA(1.0),09/01/26 23:00:00,A,PC,F,Y15-74,HR,2018-01-01,7.3,,
ESTAT:LFSA_EPPGA(1.0),09/01/26 23:00:00,A,PC,F,Y15-74,HU,2018-01-01,6.9,b,
ESTAT:LFSA_EPPGA(1.0),09/01/26 23:00:00,A,PC,F,Y15-74,IE,2018-01-01,30.5,,
ESTAT:LFSA_EPPGA(1.0),09/01/26 23:00:00,A,PC,F,Y15-74,IS,2018-01-01,34.8,,
ESTAT:LFSA_EPPGA(1.0),09/01/26 23:00:00,A,PC,F,Y15-74,IT,2018-01-01,32.4,b,
ESTAT:LFSA_EPPGA(1.0),09/01/26 23:00:00,A,PC,F,Y15-74,LT,2018-01-01,9.8,,
ESTAT:LFSA_EPPGA(1.0),09/01/26 23:00:00,A,PC,F,Y15-74,LU,2018-01-01,31.8,,
ESTAT:LFSA_EPPGA(1.0),09/01/26 23:00:00,A,PC,F,Y15-74,LV,2018-01-01,10.8,,
ESTAT:LFSA_EPPGA(1.0),09/01/26 23:00:00,A,PC,F,Y15-74,ME,2018-01-01,4.7,,
ESTAT:LFSA_EPPGA(1.0),09/01/26 23:00:00,A,PC,F,Y15-74,MK,2018-01-01,3.6,,
ESTAT:LFSA_EPPGA(1.0),09/01/26 23:00:00,A,PC,F,Y15-74,MT,2018-01-01,23.1,,
ESTAT:LFSA_EPPGA(1.0),09/01/26 23:00:00,A,PC,F,Y15-74,NL,2018-01-01,75.8,,
ESTAT:LFSA_EPPGA(1.0),09/01/26 23:00:00,A,PC,F,Y15-74,NO,2018-01-01,38.7,,
ESTAT:LFSA_EPPGA(1.0),09/01/26 23:00:00,A,PC,F,Y15-74,PL,2018-01-01,10.4,,
ESTAT:LFSA_EPPGA(1.0),09/01/26 23:00:00,A,PC,F,Y15-74,PT,2018-01-01,11.8,,
ESTAT:LFSA_EPPGA(1.0),09/01/26 23:00:00,A,PC,F,Y15-74,RO,2018-01-01,8.2,,
ESTAT:LFSA_EPPGA(1.0),09/01/26 23:00:00,A,PC,F,Y15-74,RS,2018-01-01,11.7,,
ESTAT:LFSA_EPPGA(1.0),09/01/26 23:00:00,A,PC,F,Y15-74,SE,2018-01-01,34.6,b,
ESTAT:LFSA_EPPGA(1.0),09/01/26 23:00:00,A,PC,F,Y15-74,SI,2018-01-01,14.9,,
ESTAT:LFSA_EPPGA(1.0),09/01/26 23:00:00,A,PC,F,Y15-74,SK,2018-01-01,7.5,,
ESTAT:LFSA_EPPGA(1.0),09/01/26 23:00:00,A,PC,F,Y15-74,TR,2018-01-01,19.1,,
ESTAT:LFSA_EPPGA(1.0),09/01/26 23:00:00,A,PC,F,Y15-74,UK,2018-01-01,40.8,,
ESTAT:LFSA_EPPGA(1.0),09/01/26 23:00:00,A,PC,M,Y15-74,AT,2018-01-01,10.9,,
ESTAT:LFSA_EPPGA(1.0),09/01/26 23:00:00,A,PC,M,Y15-74,BE,2018-01-01,10.5,,
ESTAT:LFSA_EPPGA(1.0),09/01/26 23:00:00,A,PC,M,Y15-74,BG,2018-01-01,1.8,,
ESTAT:LFSA_EPPGA(1.0),09/01/26 23:00:00,A,PC,M,Y15-74,CH,2018-01-01,18.8,,
ESTAT:LFSA_EPPGA(1.0),09/01/26 23:00:00,A,PC,M,Y15-74,CY,2018-01-01,8.3,,
ESTAT:LFSA_EPPGA(1.0),09/01/26 23:00:00,A,PC,M,Y15-74,CZ,2018-01-01,3.6,,
ESTAT:LFSA_EPPGA(1.0),09/01/26 23:00:00,A,PC,M,Y15-74,DE,2018-01-01,11.2,,
ESTAT:LFSA_EPPGA(1.0),09/01/26 23:00:00,A,PC,M,Y15-74,DK,2018-01-01,15.9,,
ESTAT:LFSA_EPPGA(1.0),09/01/26 23:00:00,A,PC,M,Y15-74,EA21,2018-01-01,9.9,,
ESTAT:LFSA_EPPGA(1.0),09/01/26 23:00:00,A,PC,M,Y15-74,EE,2018-01-01,7.9,,
ESTAT:LFSA_EPPGA(1.0),09/01/26 23:00:00,A,PC,M,Y15-74,EL,2018-01-01,6.3,,
ESTAT:LFSA_EPPGA(1.0),09/01/26 23:00:00,A,PC,M,Y15-74,ES,2018-01-01,6.8,,
ESTAT:LFSA_EPPGA(1.0),09/01/26 23:00:00,A,PC,M,Y15-74,EU27_2020,2018-01-01,9.2,,
ESTAT:LFSA_EPPGA(1.0),09/01/26 23:00:00,A,PC,M,Y15-74,FI,2018-01-01,11.9,,
ESTAT:LFSA_EPPGA(1.0),09/01/26 23:00:00,A,PC,M,Y15-74,FR,2018-01-01,8.4,,
ESTAT:LFSA_EPPGA(1.0),09/01/26 23:00:00,A,PC,M,Y15-74,HR,2018-01-01,4.3,,
ESTAT:LFSA_EPPGA(1.0),09/01/26 23:00:00,A,PC,M,Y15-74,HU,2018-01-01,3.1,b,
ESTAT:LFSA_EPPGA(1.0),09/01/26 23:00:00,A,PC,M,Y15-74,IE,2018-01-01,11.3,,
ESTAT:LFSA_EPPGA(1.0),09/01/26 23:00:00,A,PC,M,Y15-74,IS,2018-01-01,11.9,,
ESTAT:LFSA_EPPGA(1.0),09/01/26 23:00:00,A,PC,M,Y15-74,IT,2018-01-01,8.4,b,
ESTAT:LFSA_EPPGA(1.0),09/01/26 23:00:00,A,PC,M,Y15-74,LT,2018-01-01,5.7,,
ESTAT:LFSA_EPPGA(1.0),09/01/26 23:00:00,A,PC,M,Y15-74,LU,2018-01-01,6.1,,
ESTAT:LFSA_EPPGA(1.0),09/01/26 23:00:00,A,PC,M,Y15-74,LV,2018-01-01,5.3,,
ESTAT:LFSA_EPPGA(1.0),09/01/26 23:00:00,A,PC,M,Y15-74,ME,2018-01-01,5.6,,
ESTAT:LFSA_EPPGA(1.0),09/01/26 23:00:00,A,PC,M,Y15-74,MK,2018-01-01,3.5,,
ESTAT:LFSA_EPPGA(1.0),09/01/26 23:00:00,A,PC,M,Y15-74,MT,2018-01-01,7.8,,
ESTAT:LFSA_EPPGA(1.0),09/01/26 23:00:00,A,PC,M,Y15-74,NL,2018-01-01,29.0,,
ESTAT:LFSA_EPPGA(1.0),09/01/26 23:00:00,A,PC,M,Y15-74,NO,2018-01-01,16.3,,
ESTAT:LFSA_EPPGA(1.0),09/01/26 23:00:00,A,PC,M,Y15-74,PL,2018-01-01,4.5,,
ESTAT:LFSA_EPPGA(1.0),09/01/26 23:00:00,A,PC,M,Y15-74,PT,2018-01-01,7.7,,
ESTAT:LFSA_EPPGA(1.0),09/01/26 23:00:00,A,PC,M,Y15-74,RO,2018-01-01,7.1,,
ESTAT:LFSA_EPPGA(1.0),09/01/26 23:00:00,A,PC,M,Y15-74,RS,2018-01-01,10.0,,
ESTAT:LFSA_EPPGA(1.0),09/01/26 23:00:00,A,PC,M,Y15-74,SE,2018-01-01,15.2,b,
ESTAT:LFSA_EPPGA(1.0),09/01/26 23:00:00,A,PC,M,Y15-74,SI,2018-01-01,6.6,,
ESTAT:LFSA_EPPGA(1.0),09/01/26 23:00:00,A,PC,M,Y15-74,SK,2018-01-01,3.5,,
ESTAT:LFSA_EPPGA(1.0),09/01/26 23:00:00,A,PC,M,Y15-74,TR,2018-01-01,7.0,,
ESTAT:LFSA_EPPGA(1.0),09/01/26 23:00:00,A,PC,M,Y15-74,UK,2018-01-01,12.8,,
ESTAT:LFSA_EPPGA(1.0),09/01/26 23:00:00,A,PC,F,Y15-74,AT,2019-01-01,47.5,,
ESTAT:LFSA_EPPGA(1.0),09/01/26 23:00:00,A,PC,F,Y15-74,BE,2019-01-01,41.2,,
ESTAT:LFSA_EPPGA(1.0),09/01/26 23:00:00,A,PC,F,Y15-74,BG,2019-01-01,2.4,b,
ESTAT:LFSA_EPPGA(1.0),09/01/26 23:00:00,A,PC,F,Y15-74,CH,2019-01-01,62.6,,
ESTAT:LFSA_EPPGA(1.0),09/01/26 23:00:00,A,PC,F,Y15-74,CY,2019-01-01,14.9,,
ESTAT:LFSA_EPPGA(1.0),09/01/26 23:00:00,A,PC,F,Y15-74,CZ,2019-01-01,11.9,,
ESTAT:LFSA_EPPGA(1.0),09/01/26 23:00:00,A,PC,F,Y15-74,DE,2019-01-01,47.5,,
ESTAT:LFSA_EPPGA(1.0),09/01/26 23:00:00,A,PC,F,Y15-74,DK,2019-01-01,34.7,,
ESTAT:LFSA_EPPGA(1.0),09/01/26 23:00:00,A,PC,F,Y15-74,EA21,2019-01-01,34.8,,
ESTAT:LFSA_EPPGA(1.0),09/01/26 23:00:00,A,PC,F,Y15-74,EE,2019-01-01,17.7,,
ESTAT:LFSA_EPPGA(1.0),09/01/26 23:00:00,A,PC,F,Y15-74,EL,2019-01-01,13.5,,
ESTAT:LFSA_EPPGA(1.0),09/01/26 23:00:00,A,PC,F,Y15-74,ES,2019-01-01,23.8,,
ESTAT:LFSA_EPPGA(1.0),09/01/26 23:00:00,A,PC,F,Y15-74,EU27_2020,2019-01-01,30.5,,
ESTAT:LFSA_EPPGA(1.0),09/01/26 23:00:00,A,PC,F,Y15-74,FI,2019-01-01,22.5,,
ESTAT:LFSA_EPPGA(1.0),09/01/26 23:00:00,A,PC,F,Y15-74,FR,2019-01-01,28.4,,
ESTAT:LFSA_EPPGA(1.0),09/01/26 23:00:00,A,PC,F,Y15-74,HR,2019-01-01,7.4,,
ESTAT:LFSA_EPPGA(1.0),09/01/26 23:00:00,A,PC,F,Y15-74,HU,2019-01-01,7.5,,
ESTAT:LFSA_EPPGA(1.0),09/01/26 23:00:00,A,PC,F,Y15-74,IE,2019-01-01,31.3,,
ESTAT:LFSA_EPPGA(1.0),09/01/26 23:00:00,A,PC,F,Y15-74,IS,2019-01-01,35.1,,
ESTAT:LFSA_EPPGA(1.0),09/01/26 23:00:00,A,PC,F,Y15-74,IT,2019-01-01,32.9,,
ESTAT:LFSA_EPPGA(1.0),09/01/26 23:00:00,A,PC,F,Y15-74,LT,2019-01-01,9.0,,
ESTAT:LFSA_EPPGA(1.0),09/01/26 23:00:00,A,PC,F,Y15-74,LU,2019-01-01,30.5,,
ESTAT:LFSA_EPPGA(1.0),09/01/26 23:00:00,A,PC,F,Y15-74,LV,2019-01-01,11.9,,
ESTAT:LFSA_EPPGA(1.0),09/01/26 23:00:00,A,PC,F,Y15-74,ME,2019-01-01,4.4,,
ESTAT:LFSA_EPPGA(1.0),09/01/26 23:00:00,A,PC,F,Y15-74,MK,2019-01-01,4.5,,
ESTAT:LFSA_EPPGA(1.0),09/01/26 23:00:00,A,PC,F,Y15-74,MT,2019-01-01,21.7,,
ESTAT:LFSA_EPPGA(1.0),09/01/26 23:00:00,A,PC,F,Y15-74,NL,2019-01-01,75.5,,
ESTAT:LFSA_EPPGA(1.0),09/01/26 23:00:00,A,PC,F,Y15-74,NO,2019-01-01,38.5,,
ESTAT:LFSA_EPPGA(1.0),09/01/26 23:00:00,A,PC,F,Y15-74,PL,2019-01-01,10.1,b,
ESTAT:LFSA_EPPGA(1.0),09/01/26 23:00:00,A,PC,F,Y15-74,PT,2019-01-01,12.0,,
ESTAT:LFSA_EPPGA(1.0),09/01/26 23:00:00,A,PC,F,Y15-74,RO,2019-01-01,7.6,,
ESTAT:LFSA_EPPGA(1.0),09/01/26 23:00:00,A,PC,F,Y15-74,RS,2019-01-01,12.5,,
ESTAT:LFSA_EPPGA(1.0),09/01/26 23:00:00,A,PC,F,Y15-74,SE,2019-01-01,34.0,,
ESTAT:LFSA_EPPGA(1.0),09/01/26 23:00:00,A,PC,F,Y15-74,SI,2019-01-01,13.0,,
ESTAT:LFSA_EPPGA(1.0),09/01/26 23:00:00,A,PC,F,Y15-74,SK,2019-01-01,7.0,,
ESTAT:LFSA_EPPGA(1.0),09/01/26 23:00:00,A,PC,F,Y15-74,TR,2019-01-01,17.4,,
ESTAT:LFSA_EPPGA(1.0),09/01/26 23:00:00,A,PC,F,Y15-74,UK,2019-01-01,40.5,,
ESTAT:LFSA_EPPGA(1.0),09/01/26 23:00:00,A,PC,M,Y15-74,AT,2019-01-01,10.4,,
ESTAT:LFSA_EPPGA(1.0),09/01/26 23:00:00,A,PC,M,Y15-74,BE,2019-01-01,11.2,,
ESTAT:LFSA_EPPGA(1.0),09/01/26 23:00:00,A,PC,M,Y15-74,BG,2019-01-01,1.8,b,
ESTAT:LFSA_EPPGA(1.0),09/01/26 23:00:00,A,PC,M,Y15-74,CH,2019-01-01,19.1,,
ESTAT:LFSA_EPPGA(1.0),09/01/26 23:00:00,A,PC,M,Y15-74,CY,2019-01-01,7.4,,
ESTAT:LFSA_EPPGA(1.0),09/01/26 23:00:00,A,PC,M,Y15-74,CZ,2019-01-01,3.8,,
ESTAT:LFSA_EPPGA(1.0),09/01/26 23:00:00,A,PC,M,Y15-74,DE,2019-01-01,11.5,,
ESTAT:LFSA_EPPGA(1.0),09/01/26 23:00:00,A,PC,M,Y15-74,DK,2019-01-01,16.7,,
ESTAT:LFSA_EPPGA(1.0),09/01/26 23:00:00,A,PC,M,Y15-74,EA21,2019-01-01,10.1,,
ESTAT:LFSA_EPPGA(1.0),09/01/26 23:00:00,A,PC,M,Y15-74,EE,2019-01-01,8.0,,
ESTAT:LFSA_EPPGA(1.0),09/01/26 23:00:00,A,PC,M,Y15-74,EL,2019-01-01,6.0,,
ESTAT:LFSA_EPPGA(1.0),09/01/26 23:00:00,A,PC,M,Y15-74,ES,2019-01-01,6.9,,
ESTAT:LFSA_EPPGA(1.0),09/01/26 23:00:00,A,PC,M,Y15-74,EU27_2020,2019-01-01,9.3,,
ESTAT:LFSA_EPPGA(1.0),09/01/26 23:00:00,A,PC,M,Y15-74,FI,2019-01-01,12.1,,
ESTAT:LFSA_EPPGA(1.0),09/01/26 23:00:00,A,PC,M,Y15-74,FR,2019-01-01,8.2,,
ESTAT:LFSA_EPPGA(1.0),09/01/26 23:00:00,A,PC,M,Y15-74,HR,2019-01-01,3.8,,
ESTAT:LFSA_EPPGA(1.0),09/01/26 23:00:00,A,PC,M,Y15-74,HU,2019-01-01,3.2,,
ESTAT:LFSA_EPPGA(1.0),09/01/26 23:00:00,A,PC,M,Y15-74,IE,2019-01-01,10.9,,
ESTAT:LFSA_EPPGA(1.0),09/01/26 23:00:00,A,PC,M,Y15-74,IS,2019-01-01,11.1,,
ESTAT:LFSA_EPPGA(1.0),09/01/26 23:00:00,A,PC,M,Y15-74,IT,2019-01-01,8.6,,
ESTAT:LFSA_EPPGA(1.0),09/01/26 23:00:00,A,PC,M,Y15-74,LT,2019-01-01,5.5,,
ESTAT:LFSA_EPPGA(1.0),09/01/26 23:00:00,A,PC,M,Y15-74,LU,2019-01-01,6.0,,
ESTAT:LFSA_EPPGA(1.0),09/01/26 23:00:00,A,PC,M,Y15-74,LV,2019-01-01,6.4,,
ESTAT:LFSA_EPPGA(1.0),09/01/26 23:00:00,A,PC,M,Y15-74,ME,2019-01-01,5.0,,
ESTAT:LFSA_EPPGA(1.0),09/01/26 23:00:00,A,PC,M,Y15-74,MK,2019-01-01,4.3,,
ESTAT:LFSA_EPPGA(1.0),09/01/26 23:00:00,A,PC,M,Y15-74,MT,2019-01-01,7.2,,
ESTAT:LFSA_EPPGA(1.0),09/01/26 23:00:00,A,PC,M,Y15-74,NL,2019-01-01,29.6,,
ESTAT:LFSA_EPPGA(1.0),09/01/26 23:00:00,A,PC,M,Y15-74,NO,2019-01-01,16.5,,
ESTAT:LFSA_EPPGA(1.0),09/01/26 23:00:00,A,PC,M,Y15-74,PL,2019-01-01,4.2,b,
ESTAT:LFSA_EPPGA(1.0),09/01/26 23:00:00,A,PC,M,Y15-74,PT,2019-01-01,7.4,,
ESTAT:LFSA_EPPGA(1.0),09/01/26 23:00:00,A,PC,M,Y15-74,RO,2019-01-01,6.8,,
ESTAT:LFSA_EPPGA(1.0),09/01/26 23:00:00,A,PC,M,Y15-74,RS,2019-01-01,10.8,,
ESTAT:LFSA_EPPGA(1.0),09/01/26 23:00:00,A,PC,M,Y15-74,SE,2019-01-01,15.6,,
ESTAT:LFSA_EPPGA(1.0),09/01/26 23:00:00,A,PC,M,Y15-74,SI,2019-01-01,5.3,,
ESTAT:LFSA_EPPGA(1.0),09/01/26 23:00:00,A,PC,M,Y15-74,SK,2019-01-01,3.3,,
ESTAT:LFSA_EPPGA(1.0),09/01/26 23:00:00,A,PC,M,Y15-74,TR,2019-01-01,7.0,,
ESTAT:LFSA_EPPGA(1.0),09/01/26 23:00:00,A,PC,M,Y15-74,UK,2019-01-01,12.5,,
ESTAT:LFSA_EPPGA(1.0),09/01/26 23:00:00,A,PC,F,Y15-74,AT,2020-01-01,47.2,,
ESTAT:LFSA_EPPGA(1.0),09/01/26 23:00:00,A,PC,F,Y15-74,BE,2020-01-01,40.3,,
ESTAT:LFSA_EPPGA(1.0),09/01/26 23:00:00,A,PC,F,Y15-74,BG,2020-01-01,2.4,,
ESTAT:LFSA_EPPGA(1.0),09/01/26 23:00:00,A,PC,F,Y15-74,CH,2020-01-01,62.2,,
ESTAT:LFSA_EPPGA(1.0),09/01/26 23:00:00,A,PC,F,Y15-74,CY,2020-01-01,14.0,,
ESTAT:LFSA_EPPGA(1.0),09/01/26 23:00:00,A,PC,F,Y15-74,CZ,2020-01-01,11.2,,
ESTAT:LFSA_EPPGA(1.0),09/01/26 23:00:00,A,PC,F,Y15-74,DE,2020-01-01,48.6,b,
ESTAT:LFSA_EPPGA(1.0),09/01/26 23:00:00,A,PC,F,Y15-74,DK,2020-01-01,33.6,,
ESTAT:LFSA_EPPGA(1.0),09/01/26 23:00:00,A,PC,F,Y15-74,EA21,2020-01-01,34.7,,
ESTAT:LFSA_EPPGA(1.0),09/01/26 23:00:00,A,PC,F,Y15-74,EE,2020-01-01,18.3,,
ESTAT:LFSA_EPPGA(1.0),09/01/26 23:00:00,A,PC,F,Y15-74,EL,2020-01-01,12.8,,
ESTAT:LFSA_EPPGA(1.0),09/01/26 23:00:00,A,PC,F,Y15-74,ES,2020-01-01,22.7,,
ESTAT:LFSA_EPPGA(1.0),09/01/26 23:00:00,A,PC,F,Y15-74,EU27_2020,2020-01-01,30.2,,
ESTAT:LFSA_EPPGA(1.0),09/01/26 23:00:00,A,PC,F,Y15-74,FI,2020-01-01,20.9,,
ESTAT:LFSA_EPPGA(1.0),09/01/26 23:00:00,A,PC,F,Y15-74,FR,2020-01-01,27.4,,
ESTAT:LFSA_EPPGA(1.0),09/01/26 23:00:00,A,PC,F,Y15-74,HR,2020-01-01,6.6,,
ESTAT:LFSA_EPPGA(1.0),09/01/26 23:00:00,A,PC,F,Y15-74,HU,2020-01-01,8.2,,
ESTAT:LFSA_EPPGA(1.0),09/01/26 23:00:00,A,PC,F,Y15-74,IE,2020-01-01,28.9,,
ESTAT:LFSA_EPPGA(1.0),09/01/26 23:00:00,A,PC,F,Y15-74,IS,2020-01-01,35.9,b,
ESTAT:LFSA_EPPGA(1.0),09/01/26 23:00:00,A,PC,F,Y15-74,IT,2020-01-01,32.2,,
ESTAT:LFSA_EPPGA(1.0),09/01/26 23:00:00,A,PC,F,Y15-74,LT,2020-01-01,8.5,,
ESTAT:LFSA_EPPGA(1.0),09/01/26 23:00:00,A,PC,F,Y15-74,LU,2020-01-01,31.1,,
ESTAT:LFSA_EPPGA(1.0),09/01/26 23:00:00,A,PC,F,Y15-74,LV,2020-01-01,12.3,,
ESTAT:LFSA_EPPGA(1.0),09/01/26 23:00:00,A,PC,F,Y15-74,ME,2020-01-01,3.5,,
ESTAT:LFSA_EPPGA(1.0),09/01/26 23:00:00,A,PC,F,Y15-74,MK,2020-01-01,4.5,,
ESTAT:LFSA_EPPGA(1.0),09/01/26 23:00:00,A,PC,F,Y15-74,MT,2020-01-01,20.8,,
ESTAT:LFSA_EPPGA(1.0),09/01/26 23:00:00,A,PC,F,Y15-74,NL,2020-01-01,75.8,,
ESTAT:LFSA_EPPGA(1.0),09/01/26 23:00:00,A,PC,F,Y15-74,NO,2020-01-01,36.9,,
ESTAT:LFSA_EPPGA(1.0),09/01/26 23:00:00,A,PC,F,Y15-74,PL,2020-01-01,9.8,,
ESTAT:LFSA_EPPGA(1.0),09/01/26 23:00:00,A,PC,F,Y15-74,PT,2020-01-01,11.3,,
ESTAT:LFSA_EPPGA(1.0),09/01/26 23:00:00,A,PC,F,Y15-74,RO,2020-01-01,7.2,,
ESTAT:LFSA_EPPGA(1.0),09/01/26 23:00:00,A,PC,F,Y15-74,RS,2020-01-01,12.5,,
ESTAT:LFSA_EPPGA(1.0),09/01/26 23:00:00,A,PC,F,Y15-74,SE,2020-01-01,33.2,,
ESTAT:LFSA_EPPGA(1.0),09/01/26 23:00:00,A,PC,F,Y15-74,SI,2020-01-01,12.5,,
ESTAT:LFSA_EPPGA(1.0),09/01/26 23:00:00,A,PC,F,Y15-74,SK,2020-01-01,7.3,,
ESTAT:LFSA_EPPGA(1.0),09/01/26 23:00:00,A,PC,F,Y15-74,TR,2020-01-01,19.4,,
ESTAT:LFSA_EPPGA(1.0),09/01/26 23:00:00,A,PC,M,Y15-74,AT,2020-01-01,10.5,,
ESTAT:LFSA_EPPGA(1.0),09/01/26 23:00:00,A,PC,M,Y15-74,BE,2020-01-01,11.1,,
ESTAT:LFSA_EPPGA(1.0),09/01/26 23:00:00,A,PC,M,Y15-74,BG,2020-01-01,1.7,,
ESTAT:LFSA_EPPGA(1.0),09/01/26 23:00:00,A,PC,M,Y15-74,CH,2020-01-01,19.7,,
ESTAT:LFSA_EPPGA(1.0),09/01/26 23:00:00,A,PC,M,Y15-74,CY,2020-01-01,8.0,,
ESTAT:LFSA_EPPGA(1.0),09/01/26 23:00:00,A,PC,M,Y15-74,CZ,2020-01-01,3.3,,
ESTAT:LFSA_EPPGA(1.0),09/01/26 23:00:00,A,PC,M,Y15-74,DE,2020-01-01,11.8,b,
ESTAT:LFSA_EPPGA(1.0),09/01/26 23:00:00,A,PC,M,Y15-74,DK,2020-01-01,16.3,,
ESTAT:LFSA_EPPGA(1.0),09/01/26 23:00:00,A,PC,M,Y15-74,EA21,2020-01-01,10.1,,
ESTAT:LFSA_EPPGA(1.0),09/01/26 23:00:00,A,PC,M,Y15-74,EE,2020-01-01,8.8,,
ESTAT:LFSA_EPPGA(1.0),09/01/26 23:00:00,A,PC,M,Y15-74,EL,2020-01-01,5.6,,
ESTAT:LFSA_EPPGA(1.0),09/01/26 23:00:00,A,PC,M,Y15-74,ES,2020-01-01,6.7,,
ESTAT:LFSA_EPPGA(1.0),09/01/26 23:00:00,A,PC,M,Y15-74,EU27_2020,2020-01-01,9.3,,
ESTAT:LFSA_EPPGA(1.0),09/01/26 23:00:00,A,PC,M,Y15-74,FI,2020-01-01,12.3,,
ESTAT:LFSA_EPPGA(1.0),09/01/26 23:00:00,A,PC,M,Y15-74,FR,2020-01-01,8.3,,
ESTAT:LFSA_EPPGA(1.0),09/01/26 23:00:00,A,PC,M,Y15-74,HR,2020-01-01,3.8,,
ESTAT:LFSA_EPPGA(1.0),09/01/26 23:00:00,A,PC,M,Y15-74,HU,2020-01-01,3.5,,
ESTAT:LFSA_EPPGA(1.0),09/01/26 23:00:00,A,PC,M,Y15-74,IE,2020-01-01,10.6,,
ESTAT:LFSA_EPPGA(1.0),09/01/26 23:00:00,A,PC,M,Y15-74,IS,2020-01-01,12.9,b,
ESTAT:LFSA_EPPGA(1.0),09/01/26 23:00:00,A,PC,M,Y15-74,IT,2020-01-01,8.4,,
ESTAT:LFSA_EPPGA(1.0),09/01/26 23:00:00,A,PC,M,Y15-74,LT,2020-01-01,5.5,,
ESTAT:LFSA_EPPGA(1.0),09/01/26 23:00:00,A,PC,M,Y15-74,LU,2020-01-01,7.2,,
ESTAT:LFSA_EPPGA(1.0),09/01/26 23:00:00,A,PC,M,Y15-74,LV,2020-01-01,7.0,,
ESTAT:LFSA_EPPGA(1.0),09/01/26 23:00:00,A,PC,M,Y15-74,ME,2020-01-01,4.4,,
ESTAT:LFSA_EPPGA(1.0),09/01/26 23:00:00,A,PC,M,Y15-74,MK,2020-01-01,3.6,,
ESTAT:LFSA_EPPGA(1.0),09/01/26 23:00:00,A,PC,M,Y15-74,MT,2020-01-01,5.9,,
ESTAT:LFSA_EPPGA(1.0),09/01/26 23:00:00,A,PC,M,Y15-74,NL,2020-01-01,30.0,,
ESTAT:LFSA_EPPGA(1.0),09/01/26 23:00:00,A,PC,M,Y15-74,NO,2020-01-01,16.6,,
ESTAT:LFSA_EPPGA(1.0),09/01/26 23:00:00,A,PC,M,Y15-74,PL,2020-01-01,4.1,,
ESTAT:LFSA_EPPGA(1.0),09/01/26 23:00:00,A,PC,M,Y15-74,PT,2020-01-01,7.1,,
ESTAT:LFSA_EPPGA(1.0),09/01/26 23:00:00,A,PC,M,Y15-74,RO,2020-01-01,6.5,,
ESTAT:LFSA_EPPGA(1.0),09/01/26 23:00:00,A,PC,M,Y15-74,RS,2020-01-01,9.7,,
ESTAT:LFSA_EPPGA(1.0),09/01/26 23:00:00,A,PC,M,Y15-74,SE,2020-01-01,16.2,,
ESTAT:LFSA_EPPGA(1.0),09/01/26 23:00:00,A,PC,M,Y15-74,SI,2020-01-01,5.6,,
ESTAT:LFSA_EPPGA(1.0),09/01/26 23:00:00,A,PC,M,Y15-74,SK,2020-01-01,3.0,,
ESTAT:LFSA_EPPGA(1.0),09/01/26 23:00:00,A,PC,M,Y15-74,TR,2020-01-01,9.1,,
ESTAT:LFSA_EPPGA(1.0),09/01/26 23:00:00,A,PC,F,Y15-74,AT,2021-01-01,49.6,b,
ESTAT:LFSA_EPPGA(1.0),09/01/26 23:00:00,A,PC,F,Y15-74,BA,2021-01-01,3.5,b,
ESTAT:LFSA_EPPGA(1.0),09/01/26 23:00:00,A,PC,F,Y15-74,BE,2021-01-01,39.8,b,
ESTAT:LFSA_EPPGA(1.0),09/01/26 23:00:00,A,PC,F,Y15-74,BG,2021-01-01,2.1,b,
ESTAT:LFSA_EPPGA(1.0),09/01/26 23:00:00,A,PC,F,Y15-74,CH,2021-01-01,61.7,b,
ESTAT:LFSA_EPPGA(1.0),09/01/26 23:00:00,A,PC,F,Y15-74,CY,2021-01-01,13.2,b,
ESTAT:LFSA_EPPGA(1.0),09/01/26 23:00:00,A,PC,F,Y15-74,CZ,2021-01-01,10.7,b,
ESTAT:LFSA_EPPGA(1.0),09/01/26 23:00:00,A,PC,F,Y15-74,DE,2021-01-01,48.0,b,
ESTAT:LFSA_EPPGA(1.0),09/01/26 23:00:00,A,PC,F,Y15-74,DK,2021-01-01,34.2,b,
ESTAT:LFSA_EPPGA(1.0),09/01/26 23:00:00,A,PC,F,Y15-74,EA21,2021-01-01,33.8,b,
ESTAT:LFSA_EPPGA(1.0),09/01/26 23:00:00,A,PC,F,Y15-74,EE,2021-01-01,18.5,b,
ESTAT:LFSA_EPPGA(1.0),09/01/26 23:00:00,A,PC,F,Y15-74,EL,2021-01-01,12.5,b,
ESTAT:LFSA_EPPGA(1.0),09/01/26 23:00:00,A,PC,F,Y15-74,ES,2021-01-01,22.5,bd,
ESTAT:LFSA_EPPGA(1.0),09/01/26 23:00:00,A,PC,F,Y15-74,EU27_2020,2021-01-01,29.3,b,
ESTAT:LFSA_EPPGA(1.0),09/01/26 23:00:00,A,PC,F,Y15-74,FI,2021-01-01,24.4,b,
ESTAT:LFSA_EPPGA(1.0),09/01/26 23:00:00,A,PC,F,Y15-74,FR,2021-01-01,28.0,bd,
ESTAT:LFSA_EPPGA(1.0),09/01/26 23:00:00,A,PC,F,Y15-74,HR,2021-01-01,6.4,b,
ESTAT:LFSA_EPPGA(1.0),09/01/26 23:00:00,A,PC,F,Y15-74,HU,2021-01-01,7.7,b,
ESTAT:LFSA_EPPGA(1.0),09/01/26 23:00:00,A,PC,F,Y15-74,IE,2021-01-01,30.3,b,
ESTAT:LFSA_EPPGA(1.0),09/01/26 23:00:00,A,PC,F,Y15-74,IS,2021-01-01,35.9,b,
ESTAT:LFSA_EPPGA(1.0),09/01/26 23:00:00,A,PC,F,Y15-74,IT,2021-01-01,31.6,b,
ESTAT:LFSA_EPPGA(1.0),09/01/26 23:00:00,A,PC,F,Y15-74,LT,2021-01-01,8.7,b,
ESTAT:LFSA_EPPGA(1.0),09/01/26 23:00:00,A,PC,F,Y15-74,LU,2021-01-01,31.2,b,
ESTAT:LFSA_EPPGA(1.0),09/01/26 23:00:00,A,PC,F,Y15-74,LV,2021-01-01,11.2,b,
ESTAT:LFSA_EPPGA(1.0),09/01/26 23:00:00,A,PC,F,Y15-74,MK,2021-01-01,4.3,b,
ESTAT:LFSA_EPPGA(1.0),09/01/26 23:00:00,A,PC,F,Y15-74,MT,2021-01-01,18.9,b,
ESTAT:LFSA_EPPGA(1.0),09/01/26 23:00:00,A,PC,F,Y15-74,NL,2021-01-01,65.3,b,
ESTAT:LFSA_EPPGA(1.0),09/01/26 23:00:00,A,PC,F,Y15-74,NO,2021-01-01,36.6,b,
ESTAT:LFSA_EPPGA(1.0),09/01/26 23:00:00,A,PC,F,Y15-74,PL,2021-01-01,8.5,b,
ESTAT:LFSA_EPPGA(1.0),09/01/26 23:00:00,A,PC,F,Y15-74,PT,2021-01-01,9.8,b,
ESTAT:LFSA_EPPGA(1.0),09/01/26 23:00:00,A,PC,F,Y15-74,RO,2021-01-01,3.2,b,
ESTAT:LFSA_EPPGA(1.0),09/01/26 23:00:00,A,PC,F,Y15-74,RS,2021-01-01,8.6,b,
ESTAT:LFSA_EPPGA(1.0),09/01/26 23:00:00,A,PC,F,Y15-74,SE,2021-01-01,31.2,b,
ESTAT:LFSA_EPPGA(1.0),09/01/26 23:00:00,A,PC,F,Y15-74,SI,2021-01-01,13.3,b,
ESTAT:LFSA_EPPGA(1.0),09/01/26 23:00:00,A,PC,F,Y15-74,SK,2021-01-01,5.1,b,
ESTAT:LFSA_EPPGA(1.0),09/01/26 23:00:00,A,PC,F,Y15-74,TR,2021-01-01,16.4,b,
ESTAT:LFSA_EPPGA(1.0),09/01/26 23:00:00,A,PC,M,Y15-74,AT,2021-01-01,11.4,b,
ESTAT:LFSA_EPPGA(1.0),09/01/26 23:00:00,A,PC,M,Y15-74,BA,2021-01-01,2.9,b,
ESTAT:LFSA_EPPGA(1.0),09/01/26 23:00:00,A,PC,M,Y15-74,BE,2021-01-01,11.1,b,
ESTAT:LFSA_EPPGA(1.0),09/01/26 23:00:00,A,PC,M,Y15-74,BG,2021-01-01,1.4,b,
ESTAT:LFSA_EPPGA(1.0),09/01/26 23:00:00,A,PC,M,Y15-74,CH,2021-01-01,19.5,b,
ESTAT:LFSA_EPPGA(1.0),09/01/26 23:00:00,A,PC,M,Y15-74,CY,2021-01-01,10.0,b,
ESTAT:LFSA_EPPGA(1.0),09/01/26 23:00:00,A,PC,M,Y15-74,CZ,2021-01-01,3.4,b,
ESTAT:LFSA_EPPGA(1.0),09/01/26 23:00:00,A,PC,M,Y15-74,DE,2021-01-01,12.2,b,
ESTAT:LFSA_EPPGA(1.0),09/01/26 23:00:00,A,PC,M,Y15-74,DK,2021-01-01,16.4,b,
ESTAT:LFSA_EPPGA(1.0),09/01/26 23:00:00,A,PC,M,Y15-74,EA21,2021-01-01,9.9,b,
ESTAT:LFSA_EPPGA(1.0),09/01/26 23:00:00,A,PC,M,Y15-74,EE,2021-01-01,8.6,b,
ESTAT:LFSA_EPPGA(1.0),09/01/26 23:00:00,A,PC,M,Y15-74,EL,2021-01-01,5.2,b,
ESTAT:LFSA_EPPGA(1.0),09/01/26 23:00:00,A,PC,M,Y15-74,ES,2021-01-01,6.5,bd,
ESTAT:LFSA_EPPGA(1.0),09/01/26 23:00:00,A,PC,M,Y15-74,EU27_2020,2021-01-01,9.1,b,
ESTAT:LFSA_EPPGA(1.0),09/01/26 23:00:00,A,PC,M,Y15-74,FI,2021-01-01,13.2,b,
ESTAT:LFSA_EPPGA(1.0),09/01/26 23:00:00,A,PC,M,Y15-74,FR,2021-01-01,8.3,bd,
ESTAT:LFSA_EPPGA(1.0),09/01/26 23:00:00,A,PC,M,Y15-74,HR,2021-01-01,4.6,b,
ESTAT:LFSA_EPPGA(1.0),09/01/26 23:00:00,A,PC,M,Y15-74,HU,2021-01-01,3.4,b,
ESTAT:LFSA_EPPGA(1.0),09/01/26 23:00:00,A,PC,M,Y15-74,IE,2021-01-01,12.2,b,
ESTAT:LFSA_EPPGA(1.0),09/01/26 23:00:00,A,PC,M,Y15-74,IS,2021-01-01,11.8,b,
ESTAT:LFSA_EPPGA(1.0),09/01/26 23:00:00,A,PC,M,Y15-74,IT,2021-01-01,8.9,b,
ESTAT:LFSA_EPPGA(1.0),09/01/26 23:00:00,A,PC,M,Y15-74,LT,2021-01-01,4.9,b,
ESTAT:LFSA_EPPGA(1.0),09/01/26 23:00:00,A,PC,M,Y15-74,LU,2021-01-01,7.7,b,
ESTAT:LFSA_EPPGA(1.0),09/01/26 23:00:00,A,PC,M,Y15-74,LV,2021-01-01,6.1,b,
ESTAT:LFSA_EPPGA(1.0),09/01/26 23:00:00,A,PC,M,Y15-74,MK,2021-01-01,3.3,b,
ESTAT:LFSA_EPPGA(1.0),09/01/26 23:00:00,A,PC,M,Y15-74,MT,2021-01-01,6.8,b,
ESTAT:LFSA_EPPGA(1.0),09/01/26 23:00:00,A,PC,M,Y15-74,NL,2021-01-01,23.8,b,
ESTAT:LFSA_EPPGA(1.0),09/01/26 23:00:00,A,PC,M,Y15-74,NO,2021-01-01,16.9,b,
ESTAT:LFSA_EPPGA(1.0),09/01/26 23:00:00,A,PC,M,Y15-74,PL,2021-01-01,4.0,b,
ESTAT:LFSA_EPPGA(1.0),09/01/26 23:00:00,A,PC,M,Y15-74,PT,2021-01-01,5.7,b,
ESTAT:LFSA_EPPGA(1.0),09/01/26 23:00:00,A,PC,M,Y15-74,RO,2021-01-01,4.2,b,
ESTAT:LFSA_EPPGA(1.0),09/01/26 23:00:00,A,PC,M,Y15-74,RS,2021-01-01,7.2,b,
ESTAT:LFSA_EPPGA(1.0),09/01/26 23:00:00,A,PC,M,Y15-74,SE,2021-01-01,14.7,b,
ESTAT:LFSA_EPPGA(1.0),09/01/26 23:00:00,A,PC,M,Y15-74,SI,2021-01-01,6.9,b,
ESTAT:LFSA_EPPGA(1.0),09/01/26 23:00:00,A,PC,M,Y15-74,SK,2021-01-01,2.2,b,
ESTAT:LFSA_EPPGA(1.0),09/01/26 23:00:00,A,PC,M,Y15-74,TR,2021-01-01,6.9,b,
ESTAT:LFSA_EPPGA(1.0),09/01/26 23:00:00,A,PC,F,Y15-74,AT,2022-01-01,50.7,,
ESTAT:LFSA_EPPGA(1.0),09/01/26 23:00:00,A,PC,F,Y15-74,BA,2022-01-01,3.2,,
ESTAT:LFSA_EPPGA(1.0),09/01/26 23:00:00,A,PC,F,Y15-74,BE,2022-01-01,38.7,,
ESTAT:LFSA_EPPGA(1.0),09/01/26 23:00:00,A,PC,F,Y15-74,BG,2022-01-01,2.0,,
ESTAT:LFSA_EPPGA(1.0),09/01/26 23:00:00,A,PC,F,Y15-74,CH,2022-01-01,60.6,,
ESTAT:LFSA_EPPGA(1.0),09/01/26 23:00:00,A,PC,F,Y15-74,CY,2022-01-01,12.4,,
ESTAT:LFSA_EPPGA(1.0),09/01/26 23:00:00,A,PC,F,Y15-74,CZ,2022-01-01,11.4,,
ESTAT:LFSA_EPPGA(1.0),09/01/26 23:00:00,A,PC,F,Y15-74,DE,2022-01-01,47.9,,
ESTAT:LFSA_EPPGA(1.0),09/01/26 23:00:00,A,PC,F,Y15-74,DK,2022-01-01,34.5,,
ESTAT:LFSA_EPPGA(1.0),09/01/26 23:00:00,A,PC,F,Y15-74,EA21,2022-01-01,33.3,,
ESTAT:LFSA_EPPGA(1.0),09/01/26 23:00:00,A,PC,F,Y15-74,EE,2022-01-01,20.7,,
ESTAT:LFSA_EPPGA(1.0),09/01/26 23:00:00,A,PC,F,Y15-74,EL,2022-01-01,12.3,,
ESTAT:LFSA_EPPGA(1.0),09/01/26 23:00:00,A,PC,F,Y15-74,ES,2022-01-01,21.7,d,
ESTAT:LFSA_EPPGA(1.0),09/01/26 23:00:00,A,PC,F,Y15-74,EU27_2020,2022-01-01,29.0,,
ESTAT:LFSA_EPPGA(1.0),09/01/26 23:00:00,A,PC,F,Y15-74,FI,2022-01-01,24.5,,
ESTAT:LFSA_EPPGA(1.0),09/01/26 23:00:00,A,PC,F,Y15-74,FR,2022-01-01,26.5,d,
ESTAT:LFSA_EPPGA(1.0),09/01/26 23:00:00,A,PC,F,Y15-74,HR,2022-01-01,6.3,,
ESTAT:LFSA_EPPGA(1.0),09/01/26 23:00:00,A,PC,F,Y15-74,HU,2022-01-01,7.0,,
ESTAT:LFSA_EPPGA(1.0),09/01/26 23:00:00,A,PC,F,Y15-74,IE,2022-01-01,30.9,,
ESTAT:LFSA_EPPGA(1.0),09/01/26 23:00:00,A,PC,F,Y15-74,IS,2022-01-01,34.9,,
ESTAT:LFSA_EPPGA(1.0),09/01/26 23:00:00,A,PC,F,Y15-74,IT,2022-01-01,31.8,,
ESTAT:LFSA_EPPGA(1.0),09/01/26 23:00:00,A,PC,F,Y15-74,LT,2022-01-01,8.7,,
ESTAT:LFSA_EPPGA(1.0),09/01/26 23:00:00,A,PC,F,Y15-74,LU,2022-01-01,31.1,,
ESTAT:LFSA_EPPGA(1.0),09/01/26 23:00:00,A,PC,F,Y15-74,LV,2022-01-01,10.2,,
ESTAT:LFSA_EPPGA(1.0),09/01/26 23:00:00,A,PC,F,Y15-74,MK,2022-01-01,4.1,,
ESTAT:LFSA_EPPGA(1.0),09/01/26 23:00:00,A,PC,F,Y15-74,MT,2022-01-01,19.6,,
ESTAT:LFSA_EPPGA(1.0),09/01/26 23:00:00,A,PC,F,Y15-74,NL,2022-01-01,64.1,,
ESTAT:LFSA_EPPGA(1.0),09/01/26 23:00:00,A,PC,F,Y15-74,NO,2022-01-01,35.3,,
ESTAT:LFSA_EPPGA(1.0),09/01/26 23:00:00,A,PC,F,Y15-74,PL,2022-01-01,8.6,,
ESTAT:LFSA_EPPGA(1.0),09/01/26 23:00:00,A,PC,F,Y15-74,PT,2022-01-01,9.8,,
ESTAT:LFSA_EPPGA(1.0),09/01/26 23:00:00,A,PC,F,Y15-74,RO,2022-01-01,3.1,,
ESTAT:LFSA_EPPGA(1.0),09/01/26 23:00:00,A,PC,F,Y15-74,RS,2022-01-01,7.6,,
ESTAT:LFSA_EPPGA(1.0),09/01/26 23:00:00,A,PC,F,Y15-74,SE,2022-01-01,30.5,,
ESTAT:LFSA_EPPGA(1.0),09/01/26 23:00:00,A,PC,F,Y15-74,SI,2022-01-01,13.0,,
ESTAT:LFSA_EPPGA(1.0),09/01/26 23:00:00,A,PC,F,Y15-74,SK,2022-01-01,4.8,,
ESTAT:LFSA_EPPGA(1.0),09/01/26 23:00:00,A,PC,F,Y15-74,TR,2022-01-01,15.9,,
ESTAT:LFSA_EPPGA(1.0),09/01/26 23:00:00,A,PC,M,Y15-74,AT,2022-01-01,12.4,,
ESTAT:LFSA_EPPGA(1.0),09/01/26 23:00:00,A,PC,M,Y15-74,BA,2022-01-01,3.1,,
ESTAT:LFSA_EPPGA(1.0),09/01/26 23:00:00,A,PC,M,Y15-74,BE,2022-01-01,11.5,,
ESTAT:LFSA_EPPGA(1.0),09/01/26 23:00:00,A,PC,M,Y15-74,BG,2022-01-01,1.5,,
ESTAT:LFSA_EPPGA(1.0),09/01/26 23:00:00,A,PC,M,Y15-74,CH,2022-01-01,20.1,,
ESTAT:LFSA_EPPGA(1.0),09/01/26 23:00:00,A,PC,M,Y15-74,CY,2022-01-01,8.9,,
ESTAT:LFSA_EPPGA(1.0),09/01/26 23:00:00,A,PC,M,Y15-74,CZ,2022-01-01,3.6,,
ESTAT:LFSA_EPPGA(1.0),09/01/26 23:00:00,A,PC,M,Y15-74,DE,2022-01-01,12.7,,
ESTAT:LFSA_EPPGA(1.0),09/01/26 23:00:00,A,PC,M,Y15-74,DK,2022-01-01,16.4,,
ESTAT:LFSA_EPPGA(1.0),09/01/26 23:00:00,A,PC,M,Y15-74,EA21,2022-01-01,10.0,,
ESTAT:LFSA_EPPGA(1.0),09/01/26 23:00:00,A,PC,M,Y15-74,EE,2022-01-01,9.5,,
ESTAT:LFSA_EPPGA(1.0),09/01/26 23:00:00,A,PC,M,Y15-74,EL,2022-01-01,5.1,,
ESTAT:LFSA_EPPGA(1.0),09/01/26 23:00:00,A,PC,M,Y15-74,ES,2022-01-01,6.6,d,
ESTAT:LFSA_EPPGA(1.0),09/01/26 23:00:00,A,PC,M,Y15-74,EU27_2020,2022-01-01,9.2,,
ESTAT:LFSA_EPPGA(1.0),09/01/26 23:00:00,A,PC,M,Y15-74,FI,2022-01-01,13.4,,
ESTAT:LFSA_EPPGA(1.0),09/01/26 23:00:00,A,PC,M,Y15-74,FR,2022-01-01,8.3,d,
ESTAT:LFSA_EPPGA(1.0),09/01/26 23:00:00,A,PC,M,Y15-74,HR,2022-01-01,4.3,,
ESTAT:LFSA_EPPGA(1.0),09/01/26 23:00:00,A,PC,M,Y15-74,HU,2022-01-01,3.3,,
ESTAT:LFSA_EPPGA(1.0),09/01/26 23:00:00,A,PC,M,Y15-74,IE,2022-01-01,12.2,,
ESTAT:LFSA_EPPGA(1.0),09/01/26 23:00:00,A,PC,M,Y15-74,IS,2022-01-01,12.1,,
ESTAT:LFSA_EPPGA(1.0),09/01/26 23:00:00,A,PC,M,Y15-74,IT,2022-01-01,8.1,,
ESTAT:LFSA_EPPGA(1.0),09/01/26 23:00:00,A,PC,M,Y15-74,LT,2022-01-01,4.6,,
ESTAT:LFSA_EPPGA(1.0),09/01/26 23:00:00,A,PC,M,Y15-74,LU,2022-01-01,7.7,,
ESTAT:LFSA_EPPGA(1.0),09/01/26 23:00:00,A,PC,M,Y15-74,LV,2022-01-01,4.7,,
ESTAT:LFSA_EPPGA(1.0),09/01/26 23:00:00,A,PC,M,Y15-74,MK,2022-01-01,3.5,,
ESTAT:LFSA_EPPGA(1.0),09/01/26 23:00:00,A,PC,M,Y15-74,MT,2022-01-01,6.4,,
ESTAT:LFSA_EPPGA(1.0),09/01/26 23:00:00,A,PC,M,Y15-74,NL,2022-01-01,24.7,,
ESTAT:LFSA_EPPGA(1.0),09/01/26 23:00:00,A,PC,M,Y15-74,NO,2022-01-01,16.8,,
ESTAT:LFSA_EPPGA(1.0),09/01/26 23:00:00,A,PC,M,Y15-74,PL,2022-01-01,4.3,,
ESTAT:LFSA_EPPGA(1.0),09/01/26 23:00:00,A,PC,M,Y15-74,PT,2022-01-01,5.5,,
ESTAT:LFSA_EPPGA(1.0),09/01/26 23:00:00,A,PC,M,Y15-74,RO,2022-01-01,3.9,,
ESTAT:LFSA_EPPGA(1.0),09/01/26 23:00:00,A,PC,M,Y15-74,RS,2022-01-01,6.1,,
ESTAT:LFSA_EPPGA(1.0),09/01/26 23:00:00,A,PC,M,Y15-74,SE,2022-01-01,15.0,,
ESTAT:LFSA_EPPGA(1.0),09/01/26 23:00:00,A,PC,M,Y15-74,SI,2022-01-01,6.4,,
ESTAT:LFSA_EPPGA(1.0),09/01/26 23:00:00,A,PC,M,Y15-74,SK,2022-01-01,2.4,,
ESTAT:LFSA_EPPGA(1.0),09/01/26 23:00:00,A,PC,M,Y15-74,TR,2022-01-01,6.6,,
ESTAT:LFSA_EPPGA(1.0),09/01/26 23:00:00,A,PC,F,Y15-74,AT,2023-01-01,50.5,,
ESTAT:LFSA_EPPGA(1.0),09/01/26 23:00:00,A,PC,F,Y15-74,BA,2023-01-01,3.1,,
ESTAT:LFSA_EPPGA(1.0),09/01/26 23:00:00,A,PC,F,Y15-74,BE,2023-01-01,38.4,,
ESTAT:LFSA_EPPGA(1.0),09/01/26 23:00:00,A,PC,F,Y15-74,BG,2023-01-01,1.8,,
ESTAT:LFSA_EPPGA(1.0),09/01/26 23:00:00,A,PC,F,Y15-74,CH,2023-01-01,60.9,,
ESTAT:LFSA_EPPGA(1.0),09/01/26 23:00:00,A,PC,F,Y15-74,CY,2023-01-01,11.5,,
ESTAT:LFSA_EPPGA(1.0),09/01/26 23:00:00,A,PC,F,Y15-74,CZ,2023-01-01,13.0,,
ESTAT:LFSA_EPPGA(1.0),09/01/26 23:00:00,A,PC,F,Y15-74,DE,2023-01-01,48.7,,
ESTAT:LFSA_EPPGA(1.0),09/01/26 23:00:00,A,PC,F,Y15-74,DK,2023-01-01,35.9,b,
ESTAT:LFSA_EPPGA(1.0),09/01/26 23:00:00,A,PC,F,Y15-74,EA21,2023-01-01,33.4,,
ESTAT:LFSA_EPPGA(1.0),09/01/26 23:00:00,A,PC,F,Y15-74,EE,2023-01-01,20.0,,
ESTAT:LFSA_EPPGA(1.0),09/01/26 23:00:00,A,PC,F,Y15-74,EL,2023-01-01,11.7,,
ESTAT:LFSA_EPPGA(1.0),09/01/26 23:00:00,A,PC,F,Y15-74,ES,2023-01-01,21.1,d,
ESTAT:LFSA_EPPGA(1.0),09/01/26 23:00:00,A,PC,F,Y15-74,EU27_2020,2023-01-01,29.1,,
ESTAT:LFSA_EPPGA(1.0),09/01/26 23:00:00,A,PC,F,Y15-74,FI,2023-01-01,24.1,,
ESTAT:LFSA_EPPGA(1.0),09/01/26 23:00:00,A,PC,F,Y15-74,FR,2023-01-01,26.5,d,
ESTAT:LFSA_EPPGA(1.0),09/01/26 23:00:00,A,PC,F,Y15-74,HR,2023-01-01,5.1,,
ESTAT:LFSA_EPPGA(1.0),09/01/26 23:00:00,A,PC,F,Y15-74,HU,2023-01-01,6.7,,
ESTAT:LFSA_EPPGA(1.0),09/01/26 23:00:00,A,PC,F,Y15-74,IE,2023-01-01,31.2,,
ESTAT:LFSA_EPPGA(1.0),09/01/26 23:00:00,A,PC,F,Y15-74,IS,2023-01-01,32.7,,
ESTAT:LFSA_EPPGA(1.0),09/01/26 23:00:00,A,PC,F,Y15-74,IT,2023-01-01,31.4,,
ESTAT:LFSA_EPPGA(1.0),09/01/26 23:00:00,A,PC,F,Y15-74,LT,2023-01-01,8.9,,
ESTAT:LFSA_EPPGA(1.0),09/01/26 23:00:00,A,PC,F,Y15-74,LU,2023-01-01,29.9,,
ESTAT:LFSA_EPPGA(1.0),09/01/26 23:00:00,A,PC,F,Y15-74,LV,2023-01-01,10.2,,
ESTAT:LFSA_EPPGA(1.0),09/01/26 23:00:00,A,PC,F,Y15-74,MK,2023-01-01,2.8,,
ESTAT:LFSA_EPPGA(1.0),09/01/26 23:00:00,A,PC,F,Y15-74,MT,2023-01-01,18.5,,
ESTAT:LFSA_EPPGA(1.0),09/01/26 23:00:00,A,PC,F,Y15-74,NL,2023-01-01,64.1,,
ESTAT:LFSA_EPPGA(1.0),09/01/26 23:00:00,A,PC,F,Y15-74,NO,2023-01-01,34.6,,
ESTAT:LFSA_EPPGA(1.0),09/01/26 23:00:00,A,PC,F,Y15-74,PL,2023-01-01,9.2,,
ESTAT:LFSA_EPPGA(1.0),09/01/26 23:00:00,A,PC,F,Y15-74,PT,2023-01-01,10.7,,
ESTAT:LFSA_EPPGA(1.0),09/01/26 23:00:00,A,PC,F,Y15-74,RO,2023-01-01,3.2,,
ESTAT:LFSA_EPPGA(1.0),09/01/26 23:00:00,A,PC,F,Y15-74,RS,2023-01-01,8.0,,
ESTAT:LFSA_EPPGA(1.0),09/01/26 23:00:00,A,PC,F,Y15-74,SE,2023-01-01,29.6,,
ESTAT:LFSA_EPPGA(1.0),09/01/26 23:00:00,A,PC,F,Y15-74,SI,2023-01-01,13.0,,
ESTAT:LFSA_EPPGA(1.0),09/01/26 23:00:00,A,PC,F,Y15-74,SK,2023-01-01,5.4,,
ESTAT:LFSA_EPPGA(1.0),09/01/26 23:00:00,A,PC,F,Y15-74,TR,2023-01-01,16.1,,
ESTAT:LFSA_EPPGA(1.0),09/01/26 23:00:00,A,PC,M,Y15-74,AT,2023-01-01,13.2,,
ESTAT:LFSA_EPPGA(1.0),09/01/26 23:00:00,A,PC,M,Y15-74,BA,2023-01-01,3.0,,
ESTAT:LFSA_EPPGA(1.0),09/01/26 23:00:00,A,PC,M,Y15-74,BE,2023-01-01,11.6,,
ESTAT:LFSA_EPPGA(1.0),09/01/26 23:00:00,A,PC,M,Y15-74,BG,2023-01-01,1.5,,
ESTAT:LFSA_EPPGA(1.0),09/01/26 23:00:00,A,PC,M,Y15-74,CH,2023-01-01,20.7,,
ESTAT:LFSA_EPPGA(1.0),09/01/26 23:00:00,A,PC,M,Y15-74,CY,2023-01-01,6.9,,
ESTAT:LFSA_EPPGA(1.0),09/01/26 23:00:00,A,PC,M,Y15-74,CZ,2023-01-01,4.2,,
ESTAT:LFSA_EPPGA(1.0),09/01/26 23:00:00,A,PC,M,Y15-74,DE,2023-01-01,13.3,,
ESTAT:LFSA_EPPGA(1.0),09/01/26 23:00:00,A,PC,M,Y15-74,DK,2023-01-01,17.5,b,
ESTAT:LFSA_EPPGA(1.0),09/01/26 23:00:00,A,PC,M,Y15-74,EA21,2023-01-01,10.2,,
ESTAT:LFSA_EPPGA(1.0),09/01/26 23:00:00,A,PC,M,Y15-74,EE,2023-01-01,10.2,,
ESTAT:LFSA_EPPGA(1.0),09/01/26 23:00:00,A,PC,M,Y15-74,EL,2023-01-01,4.1,,
ESTAT:LFSA_EPPGA(1.0),09/01/26 23:00:00,A,PC,M,Y15-74,ES,2023-01-01,6.5,d,
ESTAT:LFSA_EPPGA(1.0),09/01/26 23:00:00,A,PC,M,Y15-74,EU27_2020,2023-01-01,9.4,,
ESTAT:LFSA_EPPGA(1.0),09/01/26 23:00:00,A,PC,M,Y15-74,FI,2023-01-01,13.7,,
ESTAT:LFSA_EPPGA(1.0),09/01/26 23:00:00,A,PC,M,Y15-74,FR,2023-01-01,8.5,d,
ESTAT:LFSA_EPPGA(1.0),09/01/26 23:00:00,A,PC,M,Y15-74,HR,2023-01-01,3.9,,
ESTAT:LFSA_EPPGA(1.0),09/01/26 23:00:00,A,PC,M,Y15-74,HU,2023-01-01,3.2,,
ESTAT:LFSA_EPPGA(1.0),09/01/26 23:00:00,A,PC,M,Y15-74,IE,2023-01-01,12.5,,
ESTAT:LFSA_EPPGA(1.0),09/01/26 23:00:00,A,PC,M,Y15-74,IS,2023-01-01,11.6,,
ESTAT:LFSA_EPPGA(1.0),09/01/26 23:00:00,A,PC,M,Y15-74,IT,2023-01-01,7.9,,
ESTAT:LFSA_EPPGA(1.0),09/01/26 23:00:00,A,PC,M,Y15-74,LT,2023-01-01,4.8,,
ESTAT:LFSA_EPPGA(1.0),09/01/26 23:00:00,A,PC,M,Y15-74,LU,2023-01-01,9.3,,
ESTAT:LFSA_EPPGA(1.0),09/01/26 23:00:00,A,PC,M,Y15-74,LV,2023-01-01,5.6,,
ESTAT:LFSA_EPPGA(1.0),09/01/26 23:00:00,A,PC,M,Y15-74,MK,2023-01-01,2.8,,
ESTAT:LFSA_EPPGA(1.0),09/01/26 23:00:00,A,PC,M,Y15-74,MT,2023-01-01,6.8,,
ESTAT:LFSA_EPPGA(1.0),09/01/26 23:00:00,A,PC,M,Y15-74,NL,2023-01-01,25.3,,
ESTAT:LFSA_EPPGA(1.0),09/01/26 23:00:00,A,PC,M,Y15-74,NO,2023-01-01,17.2,,
ESTAT:LFSA_EPPGA(1.0),09/01/26 23:00:00,A,PC,M,Y15-74,PL,2023-01-01,4.2,,
ESTAT:LFSA_EPPGA(1.0),09/01/26 23:00:00,A,PC,M,Y15-74,PT,2023-01-01,5.5,,
ESTAT:LFSA_EPPGA(1.0),09/01/26 23:00:00,A,PC,M,Y15-74,RO,2023-01-01,3.9,,
ESTAT:LFSA_EPPGA(1.0),09/01/26 23:00:00,A,PC,M,Y15-74,RS,2023-01-01,6.5,,
ESTAT:LFSA_EPPGA(1.0),09/01/26 23:00:00,A,PC,M,Y15-74,SE,2023-01-01,15.0,,
ESTAT:LFSA_EPPGA(1.0),09/01/26 23:00:00,A,PC,M,Y15-74,SI,2023-01-01,6.2,,
ESTAT:LFSA_EPPGA(1.0),09/01/26 23:00:00,A,PC,M,Y15-74,SK,2023-01-01,2.3,,
ESTAT:LFSA_EPPGA(1.0),09/01/26 23:00:00,A,PC,M,Y15-74,TR,2023-01-01,7.2,,
